ISS (ZARYA)
1 25544U 98067A   24001.50000000  .00016717  00000-0  10270-3 0  9992
2 25544  51.6416 247.4627 0006703 130.5360 325.0288 15.72125391    06
STARLINK-1
1 44701U 19074A   24001.50000000  .00001174  00000-0  96125-4 0  9990
2 44701  53.1680 302.4680 0001338 302.4680 302.4680 15.06380699    07
STARLINK-2
1 44702U 19074A   24001.50000000  .00001174  00000-0  96125-4 0  9990
2 44702  53.1402 252.3510 0001338 252.3510 252.3510 15.06380699    07
STARLINK-3
1 44703U 19074A   24001.50000000  .00001174  00000-0  96125-4 0  9990
2 44703  53.1123 202.0970 0001338 202.0970 202.0970 15.06380699    07
STARLINK-4
1 44704U 19074A   24001.50000000  .00001174  00000-0  96125-4 0  9990
2 44704  53.1833 329.9250 0001338 329.9250 329.9250 15.06380699    07
STARLINK-5
1 44705U 19074A   24001.50000000  .00001174  00000-0  96125-4 0  9990
2 44705  53.0549  98.9084 0001338  98.9084  98.9084 15.06380699    07
STARLINK-6
1 44706U 19074A   24001.50000000  .00001174  00000-0  96125-4 0  9990
2 44706  53.0271  48.7580 0001338  48.7580  48.7580 15.06380699    07
STARLINK-7
1 44707U 19074A   24001.50000000  .00001174  00000-0  96125-4 0  9990
2 44707  53.0974 175.2850 0001338 175.2850 175.2850 15.06380699    07
STARLINK-8
1 44708U 19074A   24001.50000000  .00001174  00000-0  96125-4 0  9990
2 44708  53.0706 126.9940 0001338 126.9940 126.9940 15.06380699    07
STARLINK-9
1 44709U 19074A   24001.50000000  .00001174  00000-0  96125-4 0  9990
2 44709  53.0414  74.5076 0001338  74.5076  74.5076 15.06380699    07
STARLINK-10
1 44710U 19074A   24001.50000000  .00001174  00000-0  96125-4 0  9990
2 44710  53.1132 203.6920 0001338 203.6920 203.6920 15.06380699    07
STARLINK-11
1 44711U 19074A   24001.50000000  .00001174  00000-0  96125-4 0  9990
2 44711  53.1853 333.4840 0001338 333.4840 333.4840 15.06380699    07
STARLINK-12
1 44712U 19074A   24001.50000000  .00001174  00000-0  96125-4 0  9990
2 44712  53.1571 282.8160 0001338 282.8160 282.8160 15.06380699    07
STARLINK-13
1 44713U 19074A   24001.50000000  .00001174  00000-0  96125-4 0  9990
2 44713  53.1265 227.7520 0001338 227.7520 227.7520 15.06380699    07
STARLINK-14
1 44714U 19074A   24001.50000000  .00001174  00000-0  96125-4 0  9990
2 44714  53.1999 359.8190 0001338 359.8190 359.8190 15.06380699    07
STARLINK-15
1 44715U 19074A   24001.50000000  .00001174  00000-0  96125-4 0  9990
2 44715  53.0710 127.7900 0001338 127.7900 127.7900 15.06380699    07
STARLINK-16
1 44716U 19074A   24001.50000000  .00001174  00000-0  96125-4 0  9990
2 44716  53.0431  77.5575 0001338  77.5575  77.5575 15.06380699    07
STARLINK-17
1 44717U 19074A   24001.50000000  .00001174  00000-0  96125-4 0  9990
2 44717  53.1144 205.8460 0001338 205.8460 205.8460 15.06380699    07
STARLINK-18
1 44718U 19074A   24001.50000000  .00001174  00000-0  96125-4 0  9990
2 44718  53.1858 334.4660 0001338 334.4660 334.4660 15.06380699    07
STARLINK-19
1 44719U 19074A   24001.50000000  .00001174  00000-0  96125-4 0  9990
2 44719  53.0580 104.4840 0001338 104.4840 104.4840 15.06380699    07
STARLINK-20
1 44720U 19074A   24001.50000000  .00001174  00000-0  96125-4 0  9990
2 44720  53.0298  53.5724 0001338  53.5724  53.5724 15.06380699    07
STARLINK-21
1 44721U 19074A   24001.50000000  .00001174  00000-0  96125-4 0  9990
2 44721  53.1012 182.1240 0001338 182.1240 182.1240 15.06380699    07
STARLINK-22
1 44722U 19074A   24001.50000000  .00001174  00000-0  96125-4 0  9990
2 44722  53.1730 311.4100 0001338 311.4100 311.4100 15.06380699    07
STARLINK-23
1 44723U 19074A   24001.50000000  .00001174  00000-0  96125-4 0  9990
2 44723  53.1455 261.9290 0001338 261.9290 261.9290 15.06380699    07
STARLINK-24
1 44724U 19074A   24001.50000000  .00001174  00000-0  96125-4 0  9990
2 44724  53.0175  31.5771 0001338  31.5771  31.5771 15.06380699    07
STARLINK-25
1 44725U 19074A   24001.50000000  .00001174  00000-0  96125-4 0  9990
2 44725  53.1879 338.1680 0001338 338.1680 338.1680 15.06380699    07
STARLINK-26
1 44726U 19074A   24001.50000000  .00001174  00000-0  96125-4 0  9990
2 44726  53.1591 286.3960 0001338 286.3960 286.3960 15.06380699    07
STARLINK-27
1 44727U 19074A   24001.50000000  .00001174  00000-0  96125-4 0  9990
2 44727  53.1320 237.5400 0001338 237.5400 237.5400 15.06380699    07
STARLINK-28
1 44728U 19074A   24001.50000000  .00001174  00000-0  96125-4 0  9990
2 44728  53.1034 186.1760 0001338 186.1760 186.1760 15.06380699    07
STARLINK-29
1 44729U 19074A   24001.50000000  .00001174  00000-0  96125-4 0  9990
2 44729  53.1752 315.3560 0001338 315.3560 315.3560 15.06380699    07
STARLINK-30
1 44730U 19074A   24001.50000000  .00001174  00000-0  96125-4 0  9990
2 44730  53.0460  82.7881 0001338  82.7881  82.7881 15.06380699    07
STARLINK-31
1 44731U 19074A   24001.50000000  .00001174  00000-0  96125-4 0  9990
2 44731  53.1184 213.1630 0001338 213.1630 213.1630 15.06380699    07
STARLINK-32
1 44732U 19074A   24001.50000000  .00001174  00000-0  96125-4 0  9990
2 44732  53.0899 161.8830 0001338 161.8830 161.8830 15.06380699    07
STARLINK-33
1 44733U 19074A   24001.50000000  .00001174  00000-0  96125-4 0  9990
2 44733  53.0616 110.8620 0001338 110.8620 110.8620 15.06380699    07
STARLINK-34
1 44734U 19074A   24001.50000000  .00001174  00000-0  96125-4 0  9990
2 44734  53.0338  60.8292 0001338  60.8292  60.8292 15.06380699    07
STARLINK-35
1 44735U 19074A   24001.50000000  .00001174  00000-0  96125-4 0  9990
2 44735  53.1049 188.8160 0001338 188.8160 188.8160 15.06380699    07
STARLINK-36
1 44736U 19074A   24001.50000000  .00001174  00000-0  96125-4 0  9990
2 44736  53.0763 137.2540 0001338 137.2540 137.2540 15.06380699    07
STARLINK-37
1 44737U 19074A   24001.50000000  .00001174  00000-0  96125-4 0  9990
2 44737  53.0479  86.1885 0001338  86.1885  86.1885 15.06380699    07
STARLINK-38
1 44738U 19074A   24001.50000000  .00001174  00000-0  96125-4 0  9990
2 44738  53.1196 215.3610 0001338 215.3610 215.3610 15.06380699    07
STARLINK-39
1 44739U 19074A   24001.50000000  .00001174  00000-0  96125-4 0  9990
2 44739  53.1914 344.5730 0001338 344.5730 344.5730 15.06380699    07
STARLINK-40
1 44740U 19074A   24001.50000000  .00001174  00000-0  96125-4 0  9990
2 44740  53.1639 294.9920 0001338 294.9920 294.9920 15.06380699    07
STARLINK-41
1 44741U 19074A   24001.50000000  .00001174  00000-0  96125-4 0  9990
2 44741  53.1340 241.2890 0001338 241.2890 241.2890 15.06380699    07
STARLINK-42
1 44742U 19074A   24001.50000000  .00001174  00000-0  96125-4 0  9990
2 44742  53.0067  12.0492 0001338  12.0492  12.0492 15.06380699    07
STARLINK-43
1 44743U 19074A   24001.50000000  .00001174  00000-0  96125-4 0  9990
2 44743  53.0784 141.1740 0001338 141.1740 141.1740 15.06380699    07
STARLINK-44
1 44744U 19074A   24001.50000000  .00001174  00000-0  96125-4 0  9990
2 44744  53.1499 269.9050 0001338 269.9050 269.9050 15.06380699    07
STARLINK-45
1 44745U 19074A   24001.50000000  .00001174  00000-0  96125-4 0  9990
2 44745  53.1218 219.2130 0001338 219.2130 219.2130 15.06380699    07
STARLINK-46
1 44746U 19074A   24001.50000000  .00001174  00000-0  96125-4 0  9990
2 44746  53.0939 169.0910 0001338 169.0910 169.0910 15.06380699    07
STARLINK-47
1 44747U 19074A   24001.50000000  .00001174  00000-0  96125-4 0  9990
2 44747  53.1651 297.2450 0001338 297.2450 297.2450 15.06380699    07
STARLINK-48
1 44748U 19074A   24001.50000000  .00001174  00000-0  96125-4 0  9990
2 44748  53.1368 246.1920 0001338 246.1920 246.1920 15.06380699    07
STARLINK-49
1 44749U 19074A   24001.50000000  .00001174  00000-0  96125-4 0  9990
2 44749  53.0084  15.0522 0001338  15.0522  15.0522 15.06380699    07
STARLINK-50
1 44750U 19074A   24001.50000000  .00001174  00000-0  96125-4 0  9990
2 44750  53.1789 321.9560 0001338 321.9560 321.9560 15.06380699    07
STARLINK-51
1 44751U 19074A   24001.50000000  .00001174  00000-0  96125-4 0  9990
2 44751  53.1521 273.8090 0001338 273.8090 273.8090 15.06380699    07
STARLINK-52
1 44752U 19074A   24001.50000000  .00001174  00000-0  96125-4 0  9990
2 44752  53.1232 221.7300 0001338 221.7300 221.7300 15.06380699    07
STARLINK-53
1 44753U 19074A   24001.50000000  .00001174  00000-0  96125-4 0  9990
2 44753  53.1955 351.9730 0001338 351.9730 351.9730 15.06380699    07
STARLINK-54
1 44754U 19074A   24001.50000000  .00001174  00000-0  96125-4 0  9990
2 44754  53.0659 118.6340 0001338 118.6340 118.6340 15.06380699    07
STARLINK-55
1 44755U 19074A   24001.50000000  .00001174  00000-0  96125-4 0  9990
2 44755  53.0387  69.6683 0001338  69.6683  69.6683 15.06380699    07
STARLINK-56
1 44756U 19074A   24001.50000000  .00001174  00000-0  96125-4 0  9990
2 44756  53.0104  18.7277 0001338  18.7277  18.7277 15.06380699    07
STARLINK-57
1 44757U 19074A   24001.50000000  .00001174  00000-0  96125-4 0  9990
2 44757  53.1822 328.0140 0001338 328.0140 328.0140 15.06380699    07
STARLINK-58
1 44758U 19074A   24001.50000000  .00001174  00000-0  96125-4 0  9990
2 44758  53.1533 275.9580 0001338 275.9580 275.9580 15.06380699    07
STARLINK-59
1 44759U 19074A   24001.50000000  .00001174  00000-0  96125-4 0  9990
2 44759  53.0253  45.6112 0001338  45.6112  45.6112 15.06380699    07
STARLINK-60
1 44760U 19074A   24001.50000000  .00001174  00000-0  96125-4 0  9990
2 44760  53.1971 354.7140 0001338 354.7140 354.7140 15.06380699    07
STARLINK-61
1 44761U 19074A   24001.50000000  .00001174  00000-0  96125-4 0  9990
2 44761  53.1686 303.5420 0001338 303.5420 303.5420 15.06380699    07
STARLINK-62
1 44762U 19074A   24001.50000000  .00001174  00000-0  96125-4 0  9990
2 44762  53.1399 251.8380 0001338 251.8380 251.8380 15.06380699    07
STARLINK-63
1 44763U 19074A   24001.50000000  .00001174  00000-0  96125-4 0  9990
2 44763  53.1115 200.6150 0001338 200.6150 200.6150 15.06380699    07
STARLINK-64
1 44764U 19074A   24001.50000000  .00001174  00000-0  96125-4 0  9990
2 44764  53.0840 151.1260 0001338 151.1260 151.1260 15.06380699    07
STARLINK-65
1 44765U 19074A   24001.50000000  .00001174  00000-0  96125-4 0  9990
2 44765  53.0557 100.2930 0001338 100.2930 100.2930 15.06380699    07
STARLINK-66
1 44766U 19074A   24001.50000000  .00001174  00000-0  96125-4 0  9990
2 44766  53.0266  47.9661 0001338  47.9661  47.9661 15.06380699    07
STARLINK-67
1 44767U 19074A   24001.50000000  .00001174  00000-0  96125-4 0  9990
2 44767  53.0977 175.9340 0001338 175.9340 175.9340 15.06380699    07
STARLINK-68
1 44768U 19074A   24001.50000000  .00001174  00000-0  96125-4 0  9990
2 44768  53.1708 307.4910 0001338 307.4910 307.4910 15.06380699    07
STARLINK-69
1 44769U 19074A   24001.50000000  .00001174  00000-0  96125-4 0  9990
2 44769  53.1421 255.8600 0001338 255.8600 255.8600 15.06380699    07
STARLINK-70
1 44770U 19074A   24001.50000000  .00001174  00000-0  96125-4 0  9990
2 44770  53.1140 205.2820 0001338 205.2820 205.2820 15.06380699    07
STARLINK-71
1 44771U 19074A   24001.50000000  .00001174  00000-0  96125-4 0  9990
2 44771  53.0850 152.9480 0001338 152.9480 152.9480 15.06380699    07
STARLINK-72
1 44772U 19074A   24001.50000000  .00001174  00000-0  96125-4 0  9990
2 44772  53.0567 102.0760 0001338 102.0760 102.0760 15.06380699    07
STARLINK-73
1 44773U 19074A   24001.50000000  .00001174  00000-0  96125-4 0  9990
2 44773  53.0276  49.6413 0001338  49.6413  49.6413 15.06380699    07
STARLINK-74
1 44774U 19074A   24001.50000000  .00001174  00000-0  96125-4 0  9990
2 44774  53.1997 359.4450 0001338 359.4450 359.4450 15.06380699    07
STARLINK-75
1 44775U 19074A   24001.50000000  .00001174  00000-0  96125-4 0  9990
2 44775  53.0714 128.5140 0001338 128.5140 128.5140 15.06380699    07
STARLINK-76
1 44776U 19074A   24001.50000000  .00001174  00000-0  96125-4 0  9990
2 44776  53.0438  78.7565 0001338  78.7565  78.7565 15.06380699    07
STARLINK-77
1 44777U 19074A   24001.50000000  .00001174  00000-0  96125-4 0  9990
2 44777  53.0153  27.5288 0001338  27.5288  27.5288 15.06380699    07
STARLINK-78
1 44778U 19074A   24001.50000000  .00001174  00000-0  96125-4 0  9990
2 44778  53.0862 155.1980 0001338 155.1980 155.1980 15.06380699    07
STARLINK-79
1 44779U 19074A   24001.50000000  .00001174  00000-0  96125-4 0  9990
2 44779  53.0586 105.5390 0001338 105.5390 105.5390 15.06380699    07
STARLINK-80
1 44780U 19074A   24001.50000000  .00001174  00000-0  96125-4 0  9990
2 44780  53.1300 234.0450 0001338 234.0450 234.0450 15.06380699    07
STARLINK-81
1 44781U 19074A   24001.50000000  .00001174  00000-0  96125-4 0  9990
2 44781  53.1021 183.8650 0001338 183.8650 183.8650 15.06380699    07
STARLINK-82
1 44782U 19074A   24001.50000000  .00001174  00000-0  96125-4 0  9990
2 44782  53.1729 311.1610 0001338 311.1610 311.1610 15.06380699    07
STARLINK-83
1 44783U 19074A   24001.50000000  .00001174  00000-0  96125-4 0  9990
2 44783  53.1451 261.1020 0001338 261.1020 261.1020 15.06380699    07
STARLINK-84
1 44784U 19074A   24001.50000000  .00001174  00000-0  96125-4 0  9990
2 44784  53.0171  30.8438 0001338  30.8438  30.8438 15.06380699    07
STARLINK-85
1 44785U 19074A   24001.50000000  .00001174  00000-0  96125-4 0  9990
2 44785  53.1884 339.1480 0001338 339.1480 339.1480 15.06380699    07
STARLINK-86
1 44786U 19074A   24001.50000000  .00001174  00000-0  96125-4 0  9990
2 44786  53.1597 287.4270 0001338 287.4270 287.4270 15.06380699    07
STARLINK-87
1 44787U 19074A   24001.50000000  .00001174  00000-0  96125-4 0  9990
2 44787  53.0328  58.9914 0001338  58.9914  58.9914 15.06380699    07
STARLINK-88
1 44788U 19074A   24001.50000000  .00001174  00000-0  96125-4 0  9990
2 44788  53.0036   6.4785 0001338   6.4785   6.4785 15.06380699    07
STARLINK-89
1 44789U 19074A   24001.50000000  .00001174  00000-0  96125-4 0  9990
2 44789  53.1759 316.6260 0001338 316.6260 316.6260 15.06380699    07
STARLINK-90
1 44790U 19074A   24001.50000000  .00001174  00000-0  96125-4 0  9990
2 44790  53.1474 265.2920 0001338 265.2920 265.2920 15.06380699    07
STARLINK-91
1 44791U 19074A   24001.50000000  .00001174  00000-0  96125-4 0  9990
2 44791  53.1179 212.2810 0001338 212.2810 212.2810 15.06380699    07
STARLINK-92
1 44792U 19074A   24001.50000000  .00001174  00000-0  96125-4 0  9990
2 44792  53.1909 343.6020 0001338 343.6020 343.6020 15.06380699    07
STARLINK-93
1 44793U 19074A   24001.50000000  .00001174  00000-0  96125-4 0  9990
2 44793  53.1622 292.0410 0001338 292.0410 292.0410 15.06380699    07
STARLINK-94
1 44794U 19074A   24001.50000000  .00001174  00000-0  96125-4 0  9990
2 44794  53.0344  61.9524 0001338  61.9524  61.9524 15.06380699    07
STARLINK-95
1 44795U 19074A   24001.50000000  .00001174  00000-0  96125-4 0  9990
2 44795  53.1050 189.0550 0001338 189.0550 189.0550 15.06380699    07
STARLINK-96
1 44796U 19074A   24001.50000000  .00001174  00000-0  96125-4 0  9990
2 44796  53.0773 139.1290 0001338 139.1290 139.1290 15.06380699    07
STARLINK-97
1 44797U 19074A   24001.50000000  .00001174  00000-0  96125-4 0  9990
2 44797  53.1490 268.1960 0001338 268.1960 268.1960 15.06380699    07
STARLINK-98
1 44798U 19074A   24001.50000000  .00001174  00000-0  96125-4 0  9990
2 44798  53.0200  36.0054 0001338  36.0054  36.0054 15.06380699    07
STARLINK-99
1 44799U 19074A   24001.50000000  .00001174  00000-0  96125-4 0  9990
2 44799  53.0920 165.6330 0001338 165.6330 165.6330 15.06380699    07
STARLINK-100
1 44800U 19074A   24001.50000000  .00001174  00000-0  96125-4 0  9990
2 44800  53.0631 113.6150 0001338 113.6150 113.6150 15.06380699    07
STARLINK-101
1 44801U 19074A   24001.50000000  .00001174  00000-0  96125-4 0  9990
2 44801  53.1355 243.9290 0001338 243.9290 243.9290 15.06380699    07
STARLINK-102
1 44802U 19074A   24001.50000000  .00001174  00000-0  96125-4 0  9990
2 44802  53.0075  13.5852 0001338  13.5852  13.5852 15.06380699    07
STARLINK-103
1 44803U 19074A   24001.50000000  .00001174  00000-0  96125-4 0  9990
2 44803  53.0782 140.6730 0001338 140.6730 140.6730 15.06380699    07
STARLINK-104
1 44804U 19074A   24001.50000000  .00001174  00000-0  96125-4 0  9990
2 44804  53.0501  90.0906 0001338  90.0906  90.0906 15.06380699    07
STARLINK-105
1 44805U 19074A   24001.50000000  .00001174  00000-0  96125-4 0  9990
2 44805  53.1219 219.4480 0001338 219.4480 219.4480 15.06380699    07
STARLINK-106
1 44806U 19074A   24001.50000000  .00001174  00000-0  96125-4 0  9990
2 44806  53.1943 349.6930 0001338 349.6930 349.6930 15.06380699    07
STARLINK-107
1 44807U 19074A   24001.50000000  .00001174  00000-0  96125-4 0  9990
2 44807  53.0659 118.6800 0001338 118.6800 118.6800 15.06380699    07
STARLINK-108
1 44808U 19074A   24001.50000000  .00001174  00000-0  96125-4 0  9990
2 44808  53.1373 247.0710 0001338 247.0710 247.0710 15.06380699    07
STARLINK-109
1 44809U 19074A   24001.50000000  .00001174  00000-0  96125-4 0  9990
2 44809  53.1085 195.3260 0001338 195.3260 195.3260 15.06380699    07
STARLINK-110
1 44810U 19074A   24001.50000000  .00001174  00000-0  96125-4 0  9990
2 44810  53.0809 145.6110 0001338 145.6110 145.6110 15.06380699    07
STARLINK-111
1 44811U 19074A   24001.50000000  .00001174  00000-0  96125-4 0  9990
2 44811  53.1518 273.2340 0001338 273.2340 273.2340 15.06380699    07
STARLINK-112
1 44812U 19074A   24001.50000000  .00001174  00000-0  96125-4 0  9990
2 44812  53.0238  42.8646 0001338  42.8646  42.8646 15.06380699    07
STARLINK-113
1 44813U 19074A   24001.50000000  .00001174  00000-0  96125-4 0  9990
2 44813  53.0949 170.8720 0001338 170.8720 170.8720 15.06380699    07
STARLINK-114
1 44814U 19074A   24001.50000000  .00001174  00000-0  96125-4 0  9990
2 44814  53.1672 300.9240 0001338 300.9240 300.9240 15.06380699    07
STARLINK-115
1 44815U 19074A   24001.50000000  .00001174  00000-0  96125-4 0  9990
2 44815  53.0392  70.5913 0001338  70.5913  70.5913 15.06380699    07
STARLINK-116
1 44816U 19074A   24001.50000000  .00001174  00000-0  96125-4 0  9990
2 44816  53.0107  19.2467 0001338  19.2467  19.2467 15.06380699    07
STARLINK-117
1 44817U 19074A   24001.50000000  .00001174  00000-0  96125-4 0  9990
2 44817  53.1820 327.6190 0001338 327.6190 327.6190 15.06380699    07
STARLINK-118
1 44818U 19074A   24001.50000000  .00001174  00000-0  96125-4 0  9990
2 44818  53.1548 278.6640 0001338 278.6640 278.6640 15.06380699    07
STARLINK-119
1 44819U 19074A   24001.50000000  .00001174  00000-0  96125-4 0  9990
2 44819  53.0249  44.7911 0001338  44.7911  44.7911 15.06380699    07
STARLINK-120
1 44820U 19074A   24001.50000000  .00001174  00000-0  96125-4 0  9990
2 44820  53.0977 175.8950 0001338 175.8950 175.8950 15.06380699    07
STARLINK-121
1 44821U 19074A   24001.50000000  .00001174  00000-0  96125-4 0  9990
2 44821  53.1694 304.9780 0001338 304.9780 304.9780 15.06380699    07
STARLINK-122
1 44822U 19074A   24001.50000000  .00001174  00000-0  96125-4 0  9990
2 44822  53.1401 252.1020 0001338 252.1020 252.1020 15.06380699    07
STARLINK-123
1 44823U 19074A   24001.50000000  .00001174  00000-0  96125-4 0  9990
2 44823  53.0120  21.6185 0001338  21.6185  21.6185 15.06380699    07
STARLINK-124
1 44824U 19074A   24001.50000000  .00001174  00000-0  96125-4 0  9990
2 44824  53.1841 331.4160 0001338 331.4160 331.4160 15.06380699    07
STARLINK-125
1 44825U 19074A   24001.50000000  .00001174  00000-0  96125-4 0  9990
2 44825  53.0546  98.1929 0001338  98.1929  98.1929 15.06380699    07
STARLINK-126
1 44826U 19074A   24001.50000000  .00001174  00000-0  96125-4 0  9990
2 44826  53.0270  48.5557 0001338  48.5557  48.5557 15.06380699    07
STARLINK-127
1 44827U 19074A   24001.50000000  .00001174  00000-0  96125-4 0  9990
2 44827  53.0983 176.9810 0001338 176.9810 176.9810 15.06380699    07
STARLINK-128
1 44828U 19074A   24001.50000000  .00001174  00000-0  96125-4 0  9990
2 44828  53.0704 126.7250 0001338 126.7250 126.7250 15.06380699    07
STARLINK-129
1 44829U 19074A   24001.50000000  .00001174  00000-0  96125-4 0  9990
2 44829  53.1425 256.5600 0001338 256.5600 256.5600 15.06380699    07
STARLINK-130
1 44830U 19074A   24001.50000000  .00001174  00000-0  96125-4 0  9990
2 44830  53.0148  26.6454 0001338  26.6454  26.6454 15.06380699    07
STARLINK-131
1 44831U 19074A   24001.50000000  .00001174  00000-0  96125-4 0  9990
2 44831  53.1856 334.0310 0001338 334.0310 334.0310 15.06380699    07
STARLINK-132
1 44832U 19074A   24001.50000000  .00001174  00000-0  96125-4 0  9990
2 44832  53.0571 102.7270 0001338 102.7270 102.7270 15.06380699    07
STARLINK-133
1 44833U 19074A   24001.50000000  .00001174  00000-0  96125-4 0  9990
2 44833  53.1301 234.1360 0001338 234.1360 234.1360 15.06380699    07
STARLINK-134
1 44834U 19074A   24001.50000000  .00001174  00000-0  96125-4 0  9990
2 44834  53.1011 182.0310 0001338 182.0310 182.0310 15.06380699    07
STARLINK-135
1 44835U 19074A   24001.50000000  .00001174  00000-0  96125-4 0  9990
2 44835  53.1727 310.9150 0001338 310.9150 310.9150 15.06380699    07
STARLINK-136
1 44836U 19074A   24001.50000000  .00001174  00000-0  96125-4 0  9990
2 44836  53.0446  80.3667 0001338  80.3667  80.3667 15.06380699    07
STARLINK-137
1 44837U 19074A   24001.50000000  .00001174  00000-0  96125-4 0  9990
2 44837  53.0160  28.7795 0001338  28.7795  28.7795 15.06380699    07
STARLINK-138
1 44838U 19074A   24001.50000000  .00001174  00000-0  96125-4 0  9990
2 44838  53.0874 157.3940 0001338 157.3940 157.3940 15.06380699    07
STARLINK-139
1 44839U 19074A   24001.50000000  .00001174  00000-0  96125-4 0  9990
2 44839  53.0597 107.4430 0001338 107.4430 107.4430 15.06380699    07
STARLINK-140
1 44840U 19074A   24001.50000000  .00001174  00000-0  96125-4 0  9990
2 44840  53.0309  55.6253 0001338  55.6253  55.6253 15.06380699    07
STARLINK-141
1 44841U 19074A   24001.50000000  .00001174  00000-0  96125-4 0  9990
2 44841  53.0023   4.0575 0001338   4.0575   4.0575 15.06380699    07
STARLINK-142
1 44842U 19074A   24001.50000000  .00001174  00000-0  96125-4 0  9990
2 44842  53.1744 314.0070 0001338 314.0070 314.0070 15.06380699    07
STARLINK-143
1 44843U 19074A   24001.50000000  .00001174  00000-0  96125-4 0  9990
2 44843  53.1462 263.0950 0001338 263.0950 263.0950 15.06380699    07
STARLINK-144
1 44844U 19074A   24001.50000000  .00001174  00000-0  96125-4 0  9990
2 44844  53.0167  30.0004 0001338  30.0004  30.0004 15.06380699    07
STARLINK-145
1 44845U 19074A   24001.50000000  .00001174  00000-0  96125-4 0  9990
2 44845  53.1890 340.2870 0001338 340.2870 340.2870 15.06380699    07
STARLINK-146
1 44846U 19074A   24001.50000000  .00001174  00000-0  96125-4 0  9990
2 44846  53.0602 108.3150 0001338 108.3150 108.3150 15.06380699    07
STARLINK-147
1 44847U 19074A   24001.50000000  .00001174  00000-0  96125-4 0  9990
2 44847  53.0329  59.2219 0001338  59.2219  59.2219 15.06380699    07
STARLINK-148
1 44848U 19074A   24001.50000000  .00001174  00000-0  96125-4 0  9990
2 44848  53.0031   5.5768 0001338   5.5768   5.5768 15.06380699    07
STARLINK-149
1 44849U 19074A   24001.50000000  .00001174  00000-0  96125-4 0  9990
2 44849  53.0765 137.6120 0001338 137.6120 137.6120 15.06380699    07
STARLINK-150
1 44850U 19074A   24001.50000000  .00001174  00000-0  96125-4 0  9990
2 44850  53.0474  85.3547 0001338  85.3547  85.3547 15.06380699    07
STARLINK-151
1 44851U 19074A   24001.50000000  .00001174  00000-0  96125-4 0  9990
2 44851  53.0198  35.6740 0001338  35.6740  35.6740 15.06380699    07
STARLINK-152
1 44852U 19074A   24001.50000000  .00001174  00000-0  96125-4 0  9990
2 44852  53.0912 164.2400 0001338 164.2400 164.2400 15.06380699    07
STARLINK-153
1 44853U 19074A   24001.50000000  .00001174  00000-0  96125-4 0  9990
2 44853  53.0635 114.2670 0001338 114.2670 114.2670 15.06380699    07
STARLINK-154
1 44854U 19074A   24001.50000000  .00001174  00000-0  96125-4 0  9990
2 44854  53.1345 242.0240 0001338 242.0240 242.0240 15.06380699    07
STARLINK-155
1 44855U 19074A   24001.50000000  .00001174  00000-0  96125-4 0  9990
2 44855  53.1067 192.0630 0001338 192.0630 192.0630 15.06380699    07
STARLINK-156
1 44856U 19074A   24001.50000000  .00001174  00000-0  96125-4 0  9990
2 44856  53.1777 319.8400 0001338 319.8400 319.8400 15.06380699    07
STARLINK-157
1 44857U 19074A   24001.50000000  .00001174  00000-0  96125-4 0  9990
2 44857  53.1496 269.2760 0001338 269.2760 269.2760 15.06380699    07
STARLINK-158
1 44858U 19074A   24001.50000000  .00001174  00000-0  96125-4 0  9990
2 44858  53.1214 218.4800 0001338 218.4800 218.4800 15.06380699    07
STARLINK-159
1 44859U 19074A   24001.50000000  .00001174  00000-0  96125-4 0  9990
2 44859  53.1922 345.9710 0001338 345.9710 345.9710 15.06380699    07
STARLINK-160
1 44860U 19074A   24001.50000000  .00001174  00000-0  96125-4 0  9990
2 44860  53.0644 115.8730 0001338 115.8730 115.8730 15.06380699    07
STARLINK-161
1 44861U 19074A   24001.50000000  .00001174  00000-0  96125-4 0  9990
2 44861  53.0357  64.3401 0001338  64.3401  64.3401 15.06380699    07
STARLINK-162
1 44862U 19074A   24001.50000000  .00001174  00000-0  96125-4 0  9990
2 44862  53.1081 194.5810 0001338 194.5810 194.5810 15.06380699    07
STARLINK-163
1 44863U 19074A   24001.50000000  .00001174  00000-0  96125-4 0  9990
2 44863  53.1789 321.9560 0001338 321.9560 321.9560 15.06380699    07
STARLINK-164
1 44864U 19074A   24001.50000000  .00001174  00000-0  96125-4 0  9990
2 44864  53.0506  91.1109 0001338  91.1109  91.1109 15.06380699    07
STARLINK-165
1 44865U 19074A   24001.50000000  .00001174  00000-0  96125-4 0  9990
2 44865  53.1228 221.0650 0001338 221.0650 221.0650 15.06380699    07
STARLINK-166
1 44866U 19074A   24001.50000000  .00001174  00000-0  96125-4 0  9990
2 44866  53.0943 169.7900 0001338 169.7900 169.7900 15.06380699    07
STARLINK-167
1 44867U 19074A   24001.50000000  .00001174  00000-0  96125-4 0  9990
2 44867  53.0660 118.7620 0001338 118.7620 118.7620 15.06380699    07
STARLINK-168
1 44868U 19074A   24001.50000000  .00001174  00000-0  96125-4 0  9990
2 44868  53.0378  68.0326 0001338  68.0326  68.0326 15.06380699    07
STARLINK-169
1 44869U 19074A   24001.50000000  .00001174  00000-0  96125-4 0  9990
2 44869  53.0094  16.9538 0001338  16.9538  16.9538 15.06380699    07
STARLINK-170
1 44870U 19074A   24001.50000000  .00001174  00000-0  96125-4 0  9990
2 44870  53.0812 146.2130 0001338 146.2130 146.2130 15.06380699    07
STARLINK-171
1 44871U 19074A   24001.50000000  .00001174  00000-0  96125-4 0  9990
2 44871  53.0535  96.2267 0001338  96.2267  96.2267 15.06380699    07
STARLINK-172
1 44872U 19074A   24001.50000000  .00001174  00000-0  96125-4 0  9990
2 44872  53.0236  42.4057 0001338  42.4057  42.4057 15.06380699    07
STARLINK-173
1 44873U 19074A   24001.50000000  .00001174  00000-0  96125-4 0  9990
2 44873  53.0958 172.3920 0001338 172.3920 172.3920 15.06380699    07
STARLINK-174
1 44874U 19074A   24001.50000000  .00001174  00000-0  96125-4 0  9990
2 44874  53.1681 302.5730 0001338 302.5730 302.5730 15.06380699    07
STARLINK-175
1 44875U 19074A   24001.50000000  .00001174  00000-0  96125-4 0  9990
2 44875  53.0404  72.7202 0001338  72.7202  72.7202 15.06380699    07
STARLINK-176
1 44876U 19074A   24001.50000000  .00001174  00000-0  96125-4 0  9990
2 44876  53.0111  19.9701 0001338  19.9701  19.9701 15.06380699    07
STARLINK-177
1 44877U 19074A   24001.50000000  .00001174  00000-0  96125-4 0  9990
2 44877  53.0828 149.0800 0001338 149.0800 149.0800 15.06380699    07
STARLINK-178
1 44878U 19074A   24001.50000000  .00001174  00000-0  96125-4 0  9990
2 44878  53.1541 277.3270 0001338 277.3270 277.3270 15.06380699    07
STARLINK-179
1 44879U 19074A   24001.50000000  .00001174  00000-0  96125-4 0  9990
2 44879  53.0264  47.5331 0001338  47.5331  47.5331 15.06380699    07
STARLINK-180
1 44880U 19074A   24001.50000000  .00001174  00000-0  96125-4 0  9990
2 44880  53.0986 177.5040 0001338 177.5040 177.5040 15.06380699    07
STARLINK-181
1 44881U 19074A   24001.50000000  .00001174  00000-0  96125-4 0  9990
2 44881  53.0696 125.2210 0001338 125.2210 125.2210 15.06380699    07
STARLINK-182
1 44882U 19074A   24001.50000000  .00001174  00000-0  96125-4 0  9990
2 44882  53.1408 253.3520 0001338 253.3520 253.3520 15.06380699    07
STARLINK-183
1 44883U 19074A   24001.50000000  .00001174  00000-0  96125-4 0  9990
2 44883  53.1137 204.5810 0001338 204.5810 204.5810 15.06380699    07
STARLINK-184
1 44884U 19074A   24001.50000000  .00001174  00000-0  96125-4 0  9990
2 44884  53.0845 152.0690 0001338 152.0690 152.0690 15.06380699    07
STARLINK-185
1 44885U 19074A   24001.50000000  .00001174  00000-0  96125-4 0  9990
2 44885  53.0553  99.6207 0001338  99.6207  99.6207 15.06380699    07
STARLINK-186
1 44886U 19074A   24001.50000000  .00001174  00000-0  96125-4 0  9990
2 44886  53.1279 230.1380 0001338 230.1380 230.1380 15.06380699    07
STARLINK-187
1 44887U 19074A   24001.50000000  .00001174  00000-0  96125-4 0  9990
2 44887  53.1994 358.8510 0001338 358.8510 358.8510 15.06380699    07
STARLINK-188
1 44888U 19074A   24001.50000000  .00001174  00000-0  96125-4 0  9990
2 44888  53.0720 129.5320 0001338 129.5320 129.5320 15.06380699    07
STARLINK-189
1 44889U 19074A   24001.50000000  .00001174  00000-0  96125-4 0  9990
2 44889  53.0425  76.5522 0001338  76.5522  76.5522 15.06380699    07
STARLINK-190
1 44890U 19074A   24001.50000000  .00001174  00000-0  96125-4 0  9990
2 44890  53.0141  25.4168 0001338  25.4168  25.4168 15.06380699    07
STARLINK-191
1 44891U 19074A   24001.50000000  .00001174  00000-0  96125-4 0  9990
2 44891  53.1861 334.9000 0001338 334.9000 334.9000 15.06380699    07
STARLINK-192
1 44892U 19074A   24001.50000000  .00001174  00000-0  96125-4 0  9990
2 44892  53.0589 105.9440 0001338 105.9440 105.9440 15.06380699    07
STARLINK-193
1 44893U 19074A   24001.50000000  .00001174  00000-0  96125-4 0  9990
2 44893  53.1302 234.2970 0001338 234.2970 234.2970 15.06380699    07
STARLINK-194
1 44894U 19074A   24001.50000000  .00001174  00000-0  96125-4 0  9990
2 44894  53.0011   1.9875 0001338   1.9875   1.9875 15.06380699    07
STARLINK-195
1 44895U 19074A   24001.50000000  .00001174  00000-0  96125-4 0  9990
2 44895  53.0732 131.7130 0001338 131.7130 131.7130 15.06380699    07
STARLINK-196
1 44896U 19074A   24001.50000000  .00001174  00000-0  96125-4 0  9990
2 44896  53.0448  80.5901 0001338  80.5901  80.5901 15.06380699    07
STARLINK-197
1 44897U 19074A   24001.50000000  .00001174  00000-0  96125-4 0  9990
2 44897  53.0162  29.2454 0001338  29.2454  29.2454 15.06380699    07
STARLINK-198
1 44898U 19074A   24001.50000000  .00001174  00000-0  96125-4 0  9990
2 44898  53.0877 157.8350 0001338 157.8350 157.8350 15.06380699    07
STARLINK-199
1 44899U 19074A   24001.50000000  .00001174  00000-0  96125-4 0  9990
2 44899  53.1609 289.6190 0001338 289.6190 289.6190 15.06380699    07
STARLINK-200
1 44900U 19074A   24001.50000000  .00001174  00000-0  96125-4 0  9990
2 44900  53.0309  55.5436 0001338  55.5436  55.5436 15.06380699    07
STARLINK-201
1 44901U 19074A   24001.50000000  .00001174  00000-0  96125-4 0  9990
2 44901  53.0035   6.3624 0001338   6.3624   6.3624 15.06380699    07
STARLINK-202
1 44902U 19074A   24001.50000000  .00001174  00000-0  96125-4 0  9990
2 44902  53.1740 313.2450 0001338 313.2450 313.2450 15.06380699    07
STARLINK-203
1 44903U 19074A   24001.50000000  .00001174  00000-0  96125-4 0  9990
2 44903  53.1459 262.6880 0001338 262.6880 262.6880 15.06380699    07
STARLINK-204
1 44904U 19074A   24001.50000000  .00001174  00000-0  96125-4 0  9990
2 44904  53.1179 212.2610 0001338 212.2610 212.2610 15.06380699    07
STARLINK-205
1 44905U 19074A   24001.50000000  .00001174  00000-0  96125-4 0  9990
2 44905  53.1893 340.8290 0001338 340.8290 340.8290 15.06380699    07
STARLINK-206
1 44906U 19074A   24001.50000000  .00001174  00000-0  96125-4 0  9990
2 44906  53.1615 290.6800 0001338 290.6800 290.6800 15.06380699    07
STARLINK-207
1 44907U 19074A   24001.50000000  .00001174  00000-0  96125-4 0  9990
2 44907  53.1335 240.3680 0001338 240.3680 240.3680 15.06380699    07
STARLINK-208
1 44908U 19074A   24001.50000000  .00001174  00000-0  96125-4 0  9990
2 44908  53.1051 189.2650 0001338 189.2650 189.2650 15.06380699    07
STARLINK-209
1 44909U 19074A   24001.50000000  .00001174  00000-0  96125-4 0  9990
2 44909  53.0757 136.2300 0001338 136.2300 136.2300 15.06380699    07
STARLINK-210
1 44910U 19074A   24001.50000000  .00001174  00000-0  96125-4 0  9990
2 44910  53.1479 266.1770 0001338 266.1770 266.1770 15.06380699    07
STARLINK-211
1 44911U 19074A   24001.50000000  .00001174  00000-0  96125-4 0  9990
2 44911  53.1196 215.3510 0001338 215.3510 215.3510 15.06380699    07
STARLINK-212
1 44912U 19074A   24001.50000000  .00001174  00000-0  96125-4 0  9990
2 44912  53.1921 345.7030 0001338 345.7030 345.7030 15.06380699    07
STARLINK-213
1 44913U 19074A   24001.50000000  .00001174  00000-0  96125-4 0  9990
2 44913  53.0629 113.2140 0001338 113.2140 113.2140 15.06380699    07
STARLINK-214
1 44914U 19074A   24001.50000000  .00001174  00000-0  96125-4 0  9990
2 44914  53.1358 244.4940 0001338 244.4940 244.4940 15.06380699    07
STARLINK-215
1 44915U 19074A   24001.50000000  .00001174  00000-0  96125-4 0  9990
2 44915  53.1065 191.7240 0001338 191.7240 191.7240 15.06380699    07
STARLINK-216
1 44916U 19074A   24001.50000000  .00001174  00000-0  96125-4 0  9990
2 44916  53.1785 321.3760 0001338 321.3760 321.3760 15.06380699    07
STARLINK-217
1 44917U 19074A   24001.50000000  .00001174  00000-0  96125-4 0  9990
2 44917  53.0494  88.9440 0001338  88.9440  88.9440 15.06380699    07
STARLINK-218
1 44918U 19074A   24001.50000000  .00001174  00000-0  96125-4 0  9990
2 44918  53.1212 218.1570 0001338 218.1570 218.1570 15.06380699    07
STARLINK-219
1 44919U 19074A   24001.50000000  .00001174  00000-0  96125-4 0  9990
2 44919  53.1923 346.0790 0001338 346.0790 346.0790 15.06380699    07
STARLINK-220
1 44920U 19074A   24001.50000000  .00001174  00000-0  96125-4 0  9990
2 44920  53.0649 116.7520 0001338 116.7520 116.7520 15.06380699    07
STARLINK-221
1 44921U 19074A   24001.50000000  .00001174  00000-0  96125-4 0  9990
2 44921  53.0365  65.7257 0001338  65.7257  65.7257 15.06380699    07
STARLINK-222
1 44922U 19074A   24001.50000000  .00001174  00000-0  96125-4 0  9990
2 44922  53.0077  13.8701 0001338  13.8701  13.8701 15.06380699    07
STARLINK-223
1 44923U 19074A   24001.50000000  .00001174  00000-0  96125-4 0  9990
2 44923  53.0797 143.5180 0001338 143.5180 143.5180 15.06380699    07
STARLINK-224
1 44924U 19074A   24001.50000000  .00001174  00000-0  96125-4 0  9990
2 44924  53.1519 273.3740 0001338 273.3740 273.3740 15.06380699    07
STARLINK-225
1 44925U 19074A   24001.50000000  .00001174  00000-0  96125-4 0  9990
2 44925  53.1235 222.3840 0001338 222.3840 222.3840 15.06380699    07
STARLINK-226
1 44926U 19074A   24001.50000000  .00001174  00000-0  96125-4 0  9990
2 44926  53.0948 170.5530 0001338 170.5530 170.5530 15.06380699    07
STARLINK-227
1 44927U 19074A   24001.50000000  .00001174  00000-0  96125-4 0  9990
2 44927  53.0668 120.2340 0001338 120.2340 120.2340 15.06380699    07
STARLINK-228
1 44928U 19074A   24001.50000000  .00001174  00000-0  96125-4 0  9990
2 44928  53.1379 248.2040 0001338 248.2040 248.2040 15.06380699    07
STARLINK-229
1 44929U 19074A   24001.50000000  .00001174  00000-0  96125-4 0  9990
2 44929  53.0108  19.4398 0001338  19.4398  19.4398 15.06380699    07
STARLINK-230
1 44930U 19074A   24001.50000000  .00001174  00000-0  96125-4 0  9990
2 44930  53.1818 327.2010 0001338 327.2010 327.2010 15.06380699    07
STARLINK-231
1 44931U 19074A   24001.50000000  .00001174  00000-0  96125-4 0  9990
2 44931  53.0523  94.1972 0001338  94.1972  94.1972 15.06380699    07
STARLINK-232
1 44932U 19074A   24001.50000000  .00001174  00000-0  96125-4 0  9990
2 44932  53.1241 223.4670 0001338 223.4670 223.4670 15.06380699    07
STARLINK-233
1 44933U 19074A   24001.50000000  .00001174  00000-0  96125-4 0  9990
2 44933  53.1974 355.2570 0001338 355.2570 355.2570 15.06380699    07
STARLINK-234
1 44934U 19074A   24001.50000000  .00001174  00000-0  96125-4 0  9990
2 44934  53.1680 302.3580 0001338 302.3580 302.3580 15.06380699    07
STARLINK-235
1 44935U 19074A   24001.50000000  .00001174  00000-0  96125-4 0  9990
2 44935  53.0401  72.1809 0001338  72.1809  72.1809 15.06380699    07
STARLINK-236
1 44936U 19074A   24001.50000000  .00001174  00000-0  96125-4 0  9990
2 44936  53.0125  22.4444 0001338  22.4444  22.4444 15.06380699    07
STARLINK-237
1 44937U 19074A   24001.50000000  .00001174  00000-0  96125-4 0  9990
2 44937  53.0829 149.1480 0001338 149.1480 149.1480 15.06380699    07
STARLINK-238
1 44938U 19074A   24001.50000000  .00001174  00000-0  96125-4 0  9990
2 44938  53.0552  99.4262 0001338  99.4262  99.4262 15.06380699    07
STARLINK-239
1 44939U 19074A   24001.50000000  .00001174  00000-0  96125-4 0  9990
2 44939  53.0269  48.4122 0001338  48.4122  48.4122 15.06380699    07
STARLINK-240
1 44940U 19074A   24001.50000000  .00001174  00000-0  96125-4 0  9990
2 44940  53.1992 358.4860 0001338 358.4860 358.4860 15.06380699    07
STARLINK-241
1 44941U 19074A   24001.50000000  .00001174  00000-0  96125-4 0  9990
2 44941  53.0701 126.1040 0001338 126.1040 126.1040 15.06380699    07
STARLINK-242
1 44942U 19074A   24001.50000000  .00001174  00000-0  96125-4 0  9990
2 44942  53.1411 253.9980 0001338 253.9980 253.9980 15.06380699    07
STARLINK-243
1 44943U 19074A   24001.50000000  .00001174  00000-0  96125-4 0  9990
2 44943  53.1136 204.4600 0001338 204.4600 204.4600 15.06380699    07
STARLINK-244
1 44944U 19074A   24001.50000000  .00001174  00000-0  96125-4 0  9990
2 44944  53.1850 332.9430 0001338 332.9430 332.9430 15.06380699    07
STARLINK-245
1 44945U 19074A   24001.50000000  .00001174  00000-0  96125-4 0  9990
2 44945  53.0569 102.4350 0001338 102.4350 102.4350 15.06380699    07
STARLINK-246
1 44946U 19074A   24001.50000000  .00001174  00000-0  96125-4 0  9990
2 44946  53.1281 230.5410 0001338 230.5410 230.5410 15.06380699    07
STARLINK-247
1 44947U 19074A   24001.50000000  .00001174  00000-0  96125-4 0  9990
2 44947  53.2000 359.9740 0001338 359.9740 359.9740 15.06380699    07
STARLINK-248
1 44948U 19074A   24001.50000000  .00001174  00000-0  96125-4 0  9990
2 44948  53.0720 129.5720 0001338 129.5720 129.5720 15.06380699    07
STARLINK-249
1 44949U 19074A   24001.50000000  .00001174  00000-0  96125-4 0  9990
2 44949  53.1434 258.1920 0001338 258.1920 258.1920 15.06380699    07
STARLINK-250
1 44950U 19074A   24001.50000000  .00001174  00000-0  96125-4 0  9990
2 44950  53.1137 204.5980 0001338 204.5980 204.5980 15.06380699    07
STARLINK-251
1 44951U 19074A   24001.50000000  .00001174  00000-0  96125-4 0  9990
2 44951  53.1866 335.8420 0001338 335.8420 335.8420 15.06380699    07
STARLINK-252
1 44952U 19074A   24001.50000000  .00001174  00000-0  96125-4 0  9990
2 44952  53.1588 285.9010 0001338 285.9010 285.9010 15.06380699    07
STARLINK-253
1 44953U 19074A   24001.50000000  .00001174  00000-0  96125-4 0  9990
2 44953  53.0307  55.2200 0001338  55.2200  55.2200 15.06380699    07
STARLINK-254
1 44954U 19074A   24001.50000000  .00001174  00000-0  96125-4 0  9990
2 44954  53.1014 182.4710 0001338 182.4710 182.4710 15.06380699    07
STARLINK-255
1 44955U 19074A   24001.50000000  .00001174  00000-0  96125-4 0  9990
2 44955  53.0728 131.1280 0001338 131.1280 131.1280 15.06380699    07
STARLINK-256
1 44956U 19074A   24001.50000000  .00001174  00000-0  96125-4 0  9990
2 44956  53.1450 261.0760 0001338 261.0760 261.0760 15.06380699    07
STARLINK-257
1 44957U 19074A   24001.50000000  .00001174  00000-0  96125-4 0  9990
2 44957  53.1171 210.7020 0001338 210.7020 210.7020 15.06380699    07
STARLINK-258
1 44958U 19074A   24001.50000000  .00001174  00000-0  96125-4 0  9990
2 44958  53.1884 339.1960 0001338 339.1960 339.1960 15.06380699    07
STARLINK-259
1 44959U 19074A   24001.50000000  .00001174  00000-0  96125-4 0  9990
2 44959  53.1598 287.6100 0001338 287.6100 287.6100 15.06380699    07
STARLINK-260
1 44960U 19074A   24001.50000000  .00001174  00000-0  96125-4 0  9990
2 44960  53.1325 238.4470 0001338 238.4470 238.4470 15.06380699    07
STARLINK-261
1 44961U 19074A   24001.50000000  .00001174  00000-0  96125-4 0  9990
2 44961  53.1043 187.7430 0001338 187.7430 187.7430 15.06380699    07
STARLINK-262
1 44962U 19074A   24001.50000000  .00001174  00000-0  96125-4 0  9990
2 44962  53.1750 315.0900 0001338 315.0900 315.0900 15.06380699    07
STARLINK-263
1 44963U 19074A   24001.50000000  .00001174  00000-0  96125-4 0  9990
2 44963  53.0466  83.8549 0001338  83.8549  83.8549 15.06380699    07
STARLINK-264
1 44964U 19074A   24001.50000000  .00001174  00000-0  96125-4 0  9990
2 44964  53.1193 214.7190 0001338 214.7190 214.7190 15.06380699    07
STARLINK-265
1 44965U 19074A   24001.50000000  .00001174  00000-0  96125-4 0  9990
2 44965  53.0909 163.5830 0001338 163.5830 163.5830 15.06380699    07
STARLINK-266
1 44966U 19074A   24001.50000000  .00001174  00000-0  96125-4 0  9990
2 44966  53.0620 111.6490 0001338 111.6490 111.6490 15.06380699    07
STARLINK-267
1 44967U 19074A   24001.50000000  .00001174  00000-0  96125-4 0  9990
2 44967  53.0340  61.1286 0001338  61.1286  61.1286 15.06380699    07
STARLINK-268
1 44968U 19074A   24001.50000000  .00001174  00000-0  96125-4 0  9990
2 44968  53.0049   8.7890 0001338   8.7890   8.7890 15.06380699    07
STARLINK-269
1 44969U 19074A   24001.50000000  .00001174  00000-0  96125-4 0  9990
2 44969  53.0770 138.5480 0001338 138.5480 138.5480 15.06380699    07
STARLINK-270
1 44970U 19074A   24001.50000000  .00001174  00000-0  96125-4 0  9990
2 44970  53.1495 269.1630 0001338 269.1630 269.1630 15.06380699    07
STARLINK-271
1 44971U 19074A   24001.50000000  .00001174  00000-0  96125-4 0  9990
2 44971  53.0205  36.8957 0001338  36.8957  36.8957 15.06380699    07
STARLINK-272
1 44972U 19074A   24001.50000000  .00001174  00000-0  96125-4 0  9990
2 44972  53.0921 165.8240 0001338 165.8240 165.8240 15.06380699    07
STARLINK-273
1 44973U 19074A   24001.50000000  .00001174  00000-0  96125-4 0  9990
2 44973  53.0636 114.5120 0001338 114.5120 114.5120 15.06380699    07
STARLINK-274
1 44974U 19074A   24001.50000000  .00001174  00000-0  96125-4 0  9990
2 44974  53.0360  64.8257 0001338  64.8257  64.8257 15.06380699    07
STARLINK-275
1 44975U 19074A   24001.50000000  .00001174  00000-0  96125-4 0  9990
2 44975  53.1067 192.0140 0001338 192.0140 192.0140 15.06380699    07
STARLINK-276
1 44976U 19074A   24001.50000000  .00001174  00000-0  96125-4 0  9990
2 44976  53.0786 141.5310 0001338 141.5310 141.5310 15.06380699    07
STARLINK-277
1 44977U 19074A   24001.50000000  .00001174  00000-0  96125-4 0  9990
2 44977  53.1511 271.9500 0001338 271.9500 271.9500 15.06380699    07
STARLINK-278
1 44978U 19074A   24001.50000000  .00001174  00000-0  96125-4 0  9990
2 44978  53.1222 219.8990 0001338 219.8990 219.8990 15.06380699    07
STARLINK-279
1 44979U 19074A   24001.50000000  .00001174  00000-0  96125-4 0  9990
2 44979  53.1930 347.4300 0001338 347.4300 347.4300 15.06380699    07
STARLINK-280
1 44980U 19074A   24001.50000000  .00001174  00000-0  96125-4 0  9990
2 44980  53.0656 118.0800 0001338 118.0800 118.0800 15.06380699    07
STARLINK-281
1 44981U 19074A   24001.50000000  .00001174  00000-0  96125-4 0  9990
2 44981  53.1362 245.1850 0001338 245.1850 245.1850 15.06380699    07
STARLINK-282
1 44982U 19074A   24001.50000000  .00001174  00000-0  96125-4 0  9990
2 44982  53.1096 197.3470 0001338 197.3470 197.3470 15.06380699    07
STARLINK-283
1 44983U 19074A   24001.50000000  .00001174  00000-0  96125-4 0  9990
2 44983  53.0802 144.4470 0001338 144.4470 144.4470 15.06380699    07
STARLINK-284
1 44984U 19074A   24001.50000000  .00001174  00000-0  96125-4 0  9990
2 44984  53.0522  94.0348 0001338  94.0348  94.0348 15.06380699    07
STARLINK-285
1 44985U 19074A   24001.50000000  .00001174  00000-0  96125-4 0  9990
2 44985  53.0240  43.1506 0001338  43.1506  43.1506 15.06380699    07
STARLINK-286
1 44986U 19074A   24001.50000000  .00001174  00000-0  96125-4 0  9990
2 44986  53.0962 173.2000 0001338 173.2000 173.2000 15.06380699    07
STARLINK-287
1 44987U 19074A   24001.50000000  .00001174  00000-0  96125-4 0  9990
2 44987  53.1670 300.5460 0001338 300.5460 300.5460 15.06380699    07
STARLINK-288
1 44988U 19074A   24001.50000000  .00001174  00000-0  96125-4 0  9990
2 44988  53.1390 250.2710 0001338 250.2710 250.2710 15.06380699    07
STARLINK-289
1 44989U 19074A   24001.50000000  .00001174  00000-0  96125-4 0  9990
2 44989  53.0110  19.8816 0001338  19.8816  19.8816 15.06380699    07
STARLINK-290
1 44990U 19074A   24001.50000000  .00001174  00000-0  96125-4 0  9990
2 44990  53.0827 148.8340 0001338 148.8340 148.8340 15.06380699    07
STARLINK-291
1 44991U 19074A   24001.50000000  .00001174  00000-0  96125-4 0  9990
2 44991  53.0537  96.6827 0001338  96.6827  96.6827 15.06380699    07
STARLINK-292
1 44992U 19074A   24001.50000000  .00001174  00000-0  96125-4 0  9990
2 44992  53.1243 223.7530 0001338 223.7530 223.7530 15.06380699    07
STARLINK-293
1 44993U 19074A   24001.50000000  .00001174  00000-0  96125-4 0  9990
2 44993  53.0977 175.8300 0001338 175.8300 175.8300 15.06380699    07
STARLINK-294
1 44994U 19074A   24001.50000000  .00001174  00000-0  96125-4 0  9990
2 44994  53.0684 123.0520 0001338 123.0520 123.0520 15.06380699    07
STARLINK-295
1 44995U 19074A   24001.50000000  .00001174  00000-0  96125-4 0  9990
2 44995  53.1405 252.9690 0001338 252.9690 252.9690 15.06380699    07
STARLINK-296
1 44996U 19074A   24001.50000000  .00001174  00000-0  96125-4 0  9990
2 44996  53.1111 200.0440 0001338 200.0440 200.0440 15.06380699    07
STARLINK-297
1 44997U 19074A   24001.50000000  .00001174  00000-0  96125-4 0  9990
2 44997  53.0840 151.1330 0001338 151.1330 151.1330 15.06380699    07
STARLINK-298
1 44998U 19074A   24001.50000000  .00001174  00000-0  96125-4 0  9990
2 44998  53.1560 280.8230 0001338 280.8230 280.8230 15.06380699    07
STARLINK-299
1 44999U 19074A   24001.50000000  .00001174  00000-0  96125-4 0  9990
2 44999  53.1276 229.7220 0001338 229.7220 229.7220 15.06380699    07
STARLINK-300
1 45000U 19074A   24001.50000000  .00001174  00000-0  96125-4 0  9990
2 45000  53.0992 178.5110 0001338 178.5110 178.5110 15.06380699    07
STARLINK-301
1 45001U 19074A   24001.50000000  .00001174  00000-0  96125-4 0  9990
2 45001  53.1715 308.6270 0001338 308.6270 308.6270 15.06380699    07
STARLINK-302
1 45002U 19074A   24001.50000000  .00001174  00000-0  96125-4 0  9990
2 45002  53.1425 256.5380 0001338 256.5380 256.5380 15.06380699    07
STARLINK-303
1 45003U 19074A   24001.50000000  .00001174  00000-0  96125-4 0  9990
2 45003  53.0138  24.8906 0001338  24.8906  24.8906 15.06380699    07
STARLINK-304
1 45004U 19074A   24001.50000000  .00001174  00000-0  96125-4 0  9990
2 45004  53.1855 333.8350 0001338 333.8350 333.8350 15.06380699    07
STARLINK-305
1 45005U 19074A   24001.50000000  .00001174  00000-0  96125-4 0  9990
2 45005  53.1576 283.6170 0001338 283.6170 283.6170 15.06380699    07
STARLINK-306
1 45006U 19074A   24001.50000000  .00001174  00000-0  96125-4 0  9990
2 45006  53.0301  54.1587 0001338  54.1587  54.1587 15.06380699    07
STARLINK-307
1 45007U 19074A   24001.50000000  .00001174  00000-0  96125-4 0  9990
2 45007  53.0002   0.4196 0001338   0.4196   0.4196 15.06380699    07
STARLINK-308
1 45008U 19074A   24001.50000000  .00001174  00000-0  96125-4 0  9990
2 45008  53.0725 130.5570 0001338 130.5570 130.5570 15.06380699    07
STARLINK-309
1 45009U 19074A   24001.50000000  .00001174  00000-0  96125-4 0  9990
2 45009  53.1434 258.0540 0001338 258.0540 258.0540 15.06380699    07
STARLINK-310
1 45010U 19074A   24001.50000000  .00001174  00000-0  96125-4 0  9990
2 45010  53.0157  28.1926 0001338  28.1926  28.1926 15.06380699    07
STARLINK-311
1 45011U 19074A   24001.50000000  .00001174  00000-0  96125-4 0  9990
2 45011  53.1871 336.7050 0001338 336.7050 336.7050 15.06380699    07
STARLINK-312
1 45012U 19074A   24001.50000000  .00001174  00000-0  96125-4 0  9990
2 45012  53.1594 286.9370 0001338 286.9370 286.9370 15.06380699    07
STARLINK-313
1 45013U 19074A   24001.50000000  .00001174  00000-0  96125-4 0  9990
2 45013  53.1305 234.9440 0001338 234.9440 234.9440 15.06380699    07
STARLINK-314
1 45014U 19074A   24001.50000000  .00001174  00000-0  96125-4 0  9990
2 45014  53.0028   4.9819 0001338   4.9819   4.9819 15.06380699    07
STARLINK-315
1 45015U 19074A   24001.50000000  .00001174  00000-0  96125-4 0  9990
2 45015  53.0732 131.6980 0001338 131.6980 131.6980 15.06380699    07
STARLINK-316
1 45016U 19074A   24001.50000000  .00001174  00000-0  96125-4 0  9990
2 45016  53.1458 262.4300 0001338 262.4300 262.4300 15.06380699    07
STARLINK-317
1 45017U 19074A   24001.50000000  .00001174  00000-0  96125-4 0  9990
2 45017  53.1171 210.7160 0001338 210.7160 210.7160 15.06380699    07
STARLINK-318
1 45018U 19074A   24001.50000000  .00001174  00000-0  96125-4 0  9990
2 45018  53.1890 340.1550 0001338 340.1550 340.1550 15.06380699    07
STARLINK-319
1 45019U 19074A   24001.50000000  .00001174  00000-0  96125-4 0  9990
2 45019  53.0612 110.2480 0001338 110.2480 110.2480 15.06380699    07
STARLINK-320
1 45020U 19074A   24001.50000000  .00001174  00000-0  96125-4 0  9990
2 45020  53.1330 239.3630 0001338 239.3630 239.3630 15.06380699    07
STARLINK-321
1 45021U 19074A   24001.50000000  .00001174  00000-0  96125-4 0  9990
2 45021  53.1055 189.9550 0001338 189.9550 189.9550 15.06380699    07
STARLINK-322
1 45022U 19074A   24001.50000000  .00001174  00000-0  96125-4 0  9990
2 45022  53.1760 316.7530 0001338 316.7530 316.7530 15.06380699    07
STARLINK-323
1 45023U 19074A   24001.50000000  .00001174  00000-0  96125-4 0  9990
2 45023  53.1480 266.4300 0001338 266.4300 266.4300 15.06380699    07
STARLINK-324
1 45024U 19074A   24001.50000000  .00001174  00000-0  96125-4 0  9990
2 45024  53.0190  34.1250 0001338  34.1250  34.1250 15.06380699    07
STARLINK-325
1 45025U 19074A   24001.50000000  .00001174  00000-0  96125-4 0  9990
2 45025  53.0914 164.4660 0001338 164.4660 164.4660 15.06380699    07
STARLINK-326
1 45026U 19074A   24001.50000000  .00001174  00000-0  96125-4 0  9990
2 45026  53.0623 112.2100 0001338 112.2100 112.2100 15.06380699    07
STARLINK-327
1 45027U 19074A   24001.50000000  .00001174  00000-0  96125-4 0  9990
2 45027  53.0345  62.0364 0001338  62.0364  62.0364 15.06380699    07
STARLINK-328
1 45028U 19074A   24001.50000000  .00001174  00000-0  96125-4 0  9990
2 45028  53.1053 189.5240 0001338 189.5240 189.5240 15.06380699    07
STARLINK-329
1 45029U 19074A   24001.50000000  .00001174  00000-0  96125-4 0  9990
2 45029  53.1778 320.0120 0001338 320.0120 320.0120 15.06380699    07
STARLINK-330
1 45030U 19074A   24001.50000000  .00001174  00000-0  96125-4 0  9990
2 45030  53.1498 269.6500 0001338 269.6500 269.6500 15.06380699    07
STARLINK-331
1 45031U 19074A   24001.50000000  .00001174  00000-0  96125-4 0  9990
2 45031  53.0209  37.5496 0001338  37.5496  37.5496 15.06380699    07
STARLINK-332
1 45032U 19074A   24001.50000000  .00001174  00000-0  96125-4 0  9990
2 45032  53.0920 165.5820 0001338 165.5820 165.5820 15.06380699    07
STARLINK-333
1 45033U 19074A   24001.50000000  .00001174  00000-0  96125-4 0  9990
2 45033  53.1636 294.5170 0001338 294.5170 294.5170 15.06380699    07
STARLINK-334
1 45034U 19074A   24001.50000000  .00001174  00000-0  96125-4 0  9990
2 45034  53.0358  64.3646 0001338  64.3646  64.3646 15.06380699    07
STARLINK-335
1 45035U 19074A   24001.50000000  .00001174  00000-0  96125-4 0  9990
2 45035  53.1082 194.6700 0001338 194.6700 194.6700 15.06380699    07
STARLINK-336
1 45036U 19074A   24001.50000000  .00001174  00000-0  96125-4 0  9990
2 45036  53.1793 322.6790 0001338 322.6790 322.6790 15.06380699    07
STARLINK-337
1 45037U 19074A   24001.50000000  .00001174  00000-0  96125-4 0  9990
2 45037  53.0508  91.3767 0001338  91.3767  91.3767 15.06380699    07
STARLINK-338
1 45038U 19074A   24001.50000000  .00001174  00000-0  96125-4 0  9990
2 45038  53.1234 222.1320 0001338 222.1320 222.1320 15.06380699    07
STARLINK-339
1 45039U 19074A   24001.50000000  .00001174  00000-0  96125-4 0  9990
2 45039  53.1944 349.9390 0001338 349.9390 349.9390 15.06380699    07
STARLINK-340
1 45040U 19074A   24001.50000000  .00001174  00000-0  96125-4 0  9990
2 45040  53.0652 117.3040 0001338 117.3040 117.3040 15.06380699    07
STARLINK-341
1 45041U 19074A   24001.50000000  .00001174  00000-0  96125-4 0  9990
2 45041  53.0373  67.1832 0001338  67.1832  67.1832 15.06380699    07
STARLINK-342
1 45042U 19074A   24001.50000000  .00001174  00000-0  96125-4 0  9990
2 45042  53.0094  16.9034 0001338  16.9034  16.9034 15.06380699    07
STARLINK-343
1 45043U 19074A   24001.50000000  .00001174  00000-0  96125-4 0  9990
2 45043  53.0817 147.1490 0001338 147.1490 147.1490 15.06380699    07
STARLINK-344
1 45044U 19074A   24001.50000000  .00001174  00000-0  96125-4 0  9990
2 45044  53.0523  94.0961 0001338  94.0961  94.0961 15.06380699    07
STARLINK-345
1 45045U 19074A   24001.50000000  .00001174  00000-0  96125-4 0  9990
2 45045  53.0245  44.1499 0001338  44.1499  44.1499 15.06380699    07
STARLINK-346
1 45046U 19074A   24001.50000000  .00001174  00000-0  96125-4 0  9990
2 45046  53.1958 352.4790 0001338 352.4790 352.4790 15.06380699    07
STARLINK-347
1 45047U 19074A   24001.50000000  .00001174  00000-0  96125-4 0  9990
2 45047  53.0676 121.6870 0001338 121.6870 121.6870 15.06380699    07
STARLINK-348
1 45048U 19074A   24001.50000000  .00001174  00000-0  96125-4 0  9990
2 45048  53.0395  71.0334 0001338  71.0334  71.0334 15.06380699    07
STARLINK-349
1 45049U 19074A   24001.50000000  .00001174  00000-0  96125-4 0  9990
2 45049  53.1111 200.0690 0001338 200.0690 200.0690 15.06380699    07
STARLINK-350
1 45050U 19074A   24001.50000000  .00001174  00000-0  96125-4 0  9990
2 45050  53.1829 329.3060 0001338 329.3060 329.3060 15.06380699    07
STARLINK-351
1 45051U 19074A   24001.50000000  .00001174  00000-0  96125-4 0  9990
2 45051  53.1547 278.4460 0001338 278.4460 278.4460 15.06380699    07
STARLINK-352
1 45052U 19074A   24001.50000000  .00001174  00000-0  96125-4 0  9990
2 45052  53.0258  46.5014 0001338  46.5014  46.5014 15.06380699    07
STARLINK-353
1 45053U 19074A   24001.50000000  .00001174  00000-0  96125-4 0  9990
2 45053  53.1971 354.8280 0001338 354.8280 354.8280 15.06380699    07
STARLINK-354
1 45054U 19074A   24001.50000000  .00001174  00000-0  96125-4 0  9990
2 45054  53.1691 304.4080 0001338 304.4080 304.4080 15.06380699    07
STARLINK-355
1 45055U 19074A   24001.50000000  .00001174  00000-0  96125-4 0  9990
2 45055  53.0410  73.8349 0001338  73.8349  73.8349 15.06380699    07
STARLINK-356
1 45056U 19074A   24001.50000000  .00001174  00000-0  96125-4 0  9990
2 45056  53.1115 200.7630 0001338 200.7630 200.7630 15.06380699    07
STARLINK-357
1 45057U 19074A   24001.50000000  .00001174  00000-0  96125-4 0  9990
2 45057  53.0844 151.8900 0001338 151.8900 151.8900 15.06380699    07
STARLINK-358
1 45058U 19074A   24001.50000000  .00001174  00000-0  96125-4 0  9990
2 45058  53.1564 281.4390 0001338 281.4390 281.4390 15.06380699    07
STARLINK-359
1 45059U 19074A   24001.50000000  .00001174  00000-0  96125-4 0  9990
2 45059  53.0276  49.7314 0001338  49.7314  49.7314 15.06380699    07
STARLINK-360
1 45060U 19074A   24001.50000000  .00001174  00000-0  96125-4 0  9990
2 45060  53.1999 359.7840 0001338 359.7840 359.7840 15.06380699    07
STARLINK-361
1 45061U 19074A   24001.50000000  .00001174  00000-0  96125-4 0  9990
2 45061  53.1714 308.4400 0001338 308.4400 308.4400 15.06380699    07
STARLINK-362
1 45062U 19074A   24001.50000000  .00001174  00000-0  96125-4 0  9990
2 45062  53.0428  77.1289 0001338  77.1289  77.1289 15.06380699    07
STARLINK-363
1 45063U 19074A   24001.50000000  .00001174  00000-0  96125-4 0  9990
2 45063  53.0151  27.1897 0001338  27.1897  27.1897 15.06380699    07
STARLINK-364
1 45064U 19074A   24001.50000000  .00001174  00000-0  96125-4 0  9990
2 45064  53.1863 335.4180 0001338 335.4180 335.4180 15.06380699    07
STARLINK-365
1 45065U 19074A   24001.50000000  .00001174  00000-0  96125-4 0  9990
2 45065  53.0572 103.0350 0001338 103.0350 103.0350 15.06380699    07
STARLINK-366
1 45066U 19074A   24001.50000000  .00001174  00000-0  96125-4 0  9990
2 45066  53.0298  53.5592 0001338  53.5592  53.5592 15.06380699    07
STARLINK-367
1 45067U 19074A   24001.50000000  .00001174  00000-0  96125-4 0  9990
2 45067  53.1018 183.1910 0001338 183.1910 183.1910 15.06380699    07
STARLINK-368
1 45068U 19074A   24001.50000000  .00001174  00000-0  96125-4 0  9990
2 45068  53.0725 130.5900 0001338 130.5900 130.5900 15.06380699    07
STARLINK-369
1 45069U 19074A   24001.50000000  .00001174  00000-0  96125-4 0  9990
2 45069  53.1440 259.2330 0001338 259.2330 259.2330 15.06380699    07
STARLINK-370
1 45070U 19074A   24001.50000000  .00001174  00000-0  96125-4 0  9990
2 45070  53.0161  29.0678 0001338  29.0678  29.0678 15.06380699    07
STARLINK-371
1 45071U 19074A   24001.50000000  .00001174  00000-0  96125-4 0  9990
2 45071  53.1879 338.2010 0001338 338.2010 338.2010 15.06380699    07
STARLINK-372
1 45072U 19074A   24001.50000000  .00001174  00000-0  96125-4 0  9990
2 45072  53.1597 287.4910 0001338 287.4910 287.4910 15.06380699    07
STARLINK-373
1 45073U 19074A   24001.50000000  .00001174  00000-0  96125-4 0  9990
2 45073  53.1311 235.9080 0001338 235.9080 235.9080 15.06380699    07
STARLINK-374
1 45074U 19074A   24001.50000000  .00001174  00000-0  96125-4 0  9990
2 45074  53.1028 184.9970 0001338 184.9970 184.9970 15.06380699    07
STARLINK-375
1 45075U 19074A   24001.50000000  .00001174  00000-0  96125-4 0  9990
2 45075  53.0740 133.2480 0001338 133.2480 133.2480 15.06380699    07
STARLINK-376
1 45076U 19074A   24001.50000000  .00001174  00000-0  96125-4 0  9990
2 45076  53.0471  84.7625 0001338  84.7625  84.7625 15.06380699    07
STARLINK-377
1 45077U 19074A   24001.50000000  .00001174  00000-0  96125-4 0  9990
2 45077  53.1175 211.4350 0001338 211.4350 211.4350 15.06380699    07
STARLINK-378
1 45078U 19074A   24001.50000000  .00001174  00000-0  96125-4 0  9990
2 45078  53.0893 160.8240 0001338 160.8240 160.8240 15.06380699    07
STARLINK-379
1 45079U 19074A   24001.50000000  .00001174  00000-0  96125-4 0  9990
2 45079  53.0605 108.9450 0001338 108.9450 108.9450 15.06380699    07
STARLINK-380
1 45080U 19074A   24001.50000000  .00001174  00000-0  96125-4 0  9990
2 45080  53.0332  59.7520 0001338  59.7520  59.7520 15.06380699    07
STARLINK-381
1 45081U 19074A   24001.50000000  .00001174  00000-0  96125-4 0  9990
2 45081  53.1043 187.6780 0001338 187.6780 187.6780 15.06380699    07
STARLINK-382
1 45082U 19074A   24001.50000000  .00001174  00000-0  96125-4 0  9990
2 45082  53.1766 317.8290 0001338 317.8290 317.8290 15.06380699    07
STARLINK-383
1 45083U 19074A   24001.50000000  .00001174  00000-0  96125-4 0  9990
2 45083  53.1481 266.6650 0001338 266.6650 266.6650 15.06380699    07
STARLINK-384
1 45084U 19074A   24001.50000000  .00001174  00000-0  96125-4 0  9990
2 45084  53.1204 216.7470 0001338 216.7470 216.7470 15.06380699    07
STARLINK-385
1 45085U 19074A   24001.50000000  .00001174  00000-0  96125-4 0  9990
2 45085  53.1906 343.1160 0001338 343.1160 343.1160 15.06380699    07
STARLINK-386
1 45086U 19074A   24001.50000000  .00001174  00000-0  96125-4 0  9990
2 45086  53.0634 114.0520 0001338 114.0520 114.0520 15.06380699    07
STARLINK-387
1 45087U 19074A   24001.50000000  .00001174  00000-0  96125-4 0  9990
2 45087  53.1342 241.5900 0001338 241.5900 241.5900 15.06380699    07
STARLINK-388
1 45088U 19074A   24001.50000000  .00001174  00000-0  96125-4 0  9990
2 45088  53.1060 190.8680 0001338 190.8680 190.8680 15.06380699    07
STARLINK-389
1 45089U 19074A   24001.50000000  .00001174  00000-0  96125-4 0  9990
2 45089  53.1790 322.2690 0001338 322.2690 322.2690 15.06380699    07
STARLINK-390
1 45090U 19074A   24001.50000000  .00001174  00000-0  96125-4 0  9990
2 45090  53.0494  88.9015 0001338  88.9015  88.9015 15.06380699    07
STARLINK-391
1 45091U 19074A   24001.50000000  .00001174  00000-0  96125-4 0  9990
2 45091  53.0216  38.8208 0001338  38.8208  38.8208 15.06380699    07
STARLINK-392
1 45092U 19074A   24001.50000000  .00001174  00000-0  96125-4 0  9990
2 45092  53.0931 167.6490 0001338 167.6490 167.6490 15.06380699    07
STARLINK-393
1 45093U 19074A   24001.50000000  .00001174  00000-0  96125-4 0  9990
2 45093  53.1649 296.8990 0001338 296.8990 296.8990 15.06380699    07
STARLINK-394
1 45094U 19074A   24001.50000000  .00001174  00000-0  96125-4 0  9990
2 45094  53.0365  65.7363 0001338  65.7363  65.7363 15.06380699    07
STARLINK-395
1 45095U 19074A   24001.50000000  .00001174  00000-0  96125-4 0  9990
2 45095  53.1091 196.3190 0001338 196.3190 196.3190 15.06380699    07
STARLINK-396
1 45096U 19074A   24001.50000000  .00001174  00000-0  96125-4 0  9990
2 45096  53.0800 143.9330 0001338 143.9330 143.9330 15.06380699    07
STARLINK-397
1 45097U 19074A   24001.50000000  .00001174  00000-0  96125-4 0  9990
2 45097  53.0515  92.7258 0001338  92.7258  92.7258 15.06380699    07
STARLINK-398
1 45098U 19074A   24001.50000000  .00001174  00000-0  96125-4 0  9990
2 45098  53.1236 222.5460 0001338 222.5460 222.5460 15.06380699    07
STARLINK-399
1 45099U 19074A   24001.50000000  .00001174  00000-0  96125-4 0  9990
2 45099  53.0951 171.2690 0001338 171.2690 171.2690 15.06380699    07
STARLINK-400
1 45100U 19074A   24001.50000000  .00001174  00000-0  96125-4 0  9990
2 45100  53.1662 299.1060 0001338 299.1060 299.1060 15.06380699    07
STARLINK-401
1 45101U 19074A   24001.50000000  .00001174  00000-0  96125-4 0  9990
2 45101  53.0376  67.6136 0001338  67.6136  67.6136 15.06380699    07
STARLINK-402
1 45102U 19074A   24001.50000000  .00001174  00000-0  96125-4 0  9990
2 45102  53.0098  17.6150 0001338  17.6150  17.6150 15.06380699    07
STARLINK-403
1 45103U 19074A   24001.50000000  .00001174  00000-0  96125-4 0  9990
2 45103  53.1812 326.1680 0001338 326.1680 326.1680 15.06380699    07
STARLINK-404
1 45104U 19074A   24001.50000000  .00001174  00000-0  96125-4 0  9990
2 45104  53.0535  96.3147 0001338  96.3147  96.3147 15.06380699    07
STARLINK-405
1 45105U 19074A   24001.50000000  .00001174  00000-0  96125-4 0  9990
2 45105  53.0255  45.9137 0001338  45.9137  45.9137 15.06380699    07
STARLINK-406
1 45106U 19074A   24001.50000000  .00001174  00000-0  96125-4 0  9990
2 45106  53.1965 353.6680 0001338 353.6680 353.6680 15.06380699    07
STARLINK-407
1 45107U 19074A   24001.50000000  .00001174  00000-0  96125-4 0  9990
2 45107  53.0690 124.1650 0001338 124.1650 124.1650 15.06380699    07
STARLINK-408
1 45108U 19074A   24001.50000000  .00001174  00000-0  96125-4 0  9990
2 45108  53.0408  73.4591 0001338  73.4591  73.4591 15.06380699    07
STARLINK-409
1 45109U 19074A   24001.50000000  .00001174  00000-0  96125-4 0  9990
2 45109  53.1113 200.3000 0001338 200.3000 200.3000 15.06380699    07
STARLINK-410
1 45110U 19074A   24001.50000000  .00001174  00000-0  96125-4 0  9990
2 45110  53.1834 330.2030 0001338 330.2030 330.2030 15.06380699    07
STARLINK-411
1 45111U 19074A   24001.50000000  .00001174  00000-0  96125-4 0  9990
2 45111  53.1550 278.9660 0001338 278.9660 278.9660 15.06380699    07
STARLINK-412
1 45112U 19074A   24001.50000000  .00001174  00000-0  96125-4 0  9990
2 45112  53.1270 228.5470 0001338 228.5470 228.5470 15.06380699    07
STARLINK-413
1 45113U 19074A   24001.50000000  .00001174  00000-0  96125-4 0  9990
2 45113  53.1995 359.0950 0001338 359.0950 359.0950 15.06380699    07
STARLINK-414
1 45114U 19074A   24001.50000000  .00001174  00000-0  96125-4 0  9990
2 45114  53.0701 126.1890 0001338 126.1890 126.1890 15.06380699    07
STARLINK-415
1 45115U 19074A   24001.50000000  .00001174  00000-0  96125-4 0  9990
2 45115  53.1416 254.8500 0001338 254.8500 254.8500 15.06380699    07
STARLINK-416
1 45116U 19074A   24001.50000000  .00001174  00000-0  96125-4 0  9990
2 45116  53.1138 204.8460 0001338 204.8460 204.8460 15.06380699    07
STARLINK-417
1 45117U 19074A   24001.50000000  .00001174  00000-0  96125-4 0  9990
2 45117  53.0852 153.3130 0001338 153.3130 153.3130 15.06380699    07
STARLINK-418
1 45118U 19074A   24001.50000000  .00001174  00000-0  96125-4 0  9990
2 45118  53.0562 101.1070 0001338 101.1070 101.1070 15.06380699    07
STARLINK-419
1 45119U 19074A   24001.50000000  .00001174  00000-0  96125-4 0  9990
2 45119  53.0282  50.6741 0001338  50.6741  50.6741 15.06380699    07
STARLINK-420
1 45120U 19074A   24001.50000000  .00001174  00000-0  96125-4 0  9990
2 45120  53.0005   0.8610 0001338   0.8610   0.8610 15.06380699    07
STARLINK-421
1 45121U 19074A   24001.50000000  .00001174  00000-0  96125-4 0  9990
2 45121  53.0722 129.9080 0001338 129.9080 129.9080 15.06380699    07
STARLINK-422
1 45122U 19074A   24001.50000000  .00001174  00000-0  96125-4 0  9990
2 45122  53.1428 257.0770 0001338 257.0770 257.0770 15.06380699    07
STARLINK-423
1 45123U 19074A   24001.50000000  .00001174  00000-0  96125-4 0  9990
2 45123  53.1152 207.3190 0001338 207.3190 207.3190 15.06380699    07
STARLINK-424
1 45124U 19074A   24001.50000000  .00001174  00000-0  96125-4 0  9990
2 45124  53.1866 335.9000 0001338 335.9000 335.9000 15.06380699    07
STARLINK-425
1 45125U 19074A   24001.50000000  .00001174  00000-0  96125-4 0  9990
2 45125  53.0582 104.7080 0001338 104.7080 104.7080 15.06380699    07
STARLINK-426
1 45126U 19074A   24001.50000000  .00001174  00000-0  96125-4 0  9990
2 45126  53.0303  54.5443 0001338  54.5443  54.5443 15.06380699    07
STARLINK-427
1 45127U 19074A   24001.50000000  .00001174  00000-0  96125-4 0  9990
2 45127  53.0019   3.4825 0001338   3.4825   3.4825 15.06380699    07
STARLINK-428
1 45128U 19074A   24001.50000000  .00001174  00000-0  96125-4 0  9990
2 45128  53.0741 133.3470 0001338 133.3470 133.3470 15.06380699    07
STARLINK-429
1 45129U 19074A   24001.50000000  .00001174  00000-0  96125-4 0  9990
2 45129  53.0450  81.0210 0001338  81.0210  81.0210 15.06380699    07
STARLINK-430
1 45130U 19074A   24001.50000000  .00001174  00000-0  96125-4 0  9990
2 45130  53.0167  30.1226 0001338  30.1226  30.1226 15.06380699    07
STARLINK-431
1 45131U 19074A   24001.50000000  .00001174  00000-0  96125-4 0  9990
2 45131  53.1882 338.6880 0001338 338.6880 338.6880 15.06380699    07
STARLINK-432
1 45132U 19074A   24001.50000000  .00001174  00000-0  96125-4 0  9990
2 45132  53.1599 287.8150 0001338 287.8150 287.8150 15.06380699    07
STARLINK-433
1 45133U 19074A   24001.50000000  .00001174  00000-0  96125-4 0  9990
2 45133  53.0317  57.0218 0001338  57.0218  57.0218 15.06380699    07
STARLINK-434
1 45134U 19074A   24001.50000000  .00001174  00000-0  96125-4 0  9990
2 45134  53.0041   7.2959 0001338   7.2959   7.2959 15.06380699    07
STARLINK-435
1 45135U 19074A   24001.50000000  .00001174  00000-0  96125-4 0  9990
2 45135  53.1753 315.5300 0001338 315.5300 315.5300 15.06380699    07
STARLINK-436
1 45136U 19074A   24001.50000000  .00001174  00000-0  96125-4 0  9990
2 45136  53.0471  84.8666 0001338  84.8666  84.8666 15.06380699    07
STARLINK-437
1 45137U 19074A   24001.50000000  .00001174  00000-0  96125-4 0  9990
2 45137  53.0186  33.4389 0001338  33.4389  33.4389 15.06380699    07
STARLINK-438
1 45138U 19074A   24001.50000000  .00001174  00000-0  96125-4 0  9990
2 45138  53.1893 340.7180 0001338 340.7180 340.7180 15.06380699    07
STARLINK-439
1 45139U 19074A   24001.50000000  .00001174  00000-0  96125-4 0  9990
2 45139  53.0624 112.3380 0001338 112.3380 112.3380 15.06380699    07
STARLINK-440
1 45140U 19074A   24001.50000000  .00001174  00000-0  96125-4 0  9990
2 45140  53.1334 240.0770 0001338 240.0770 240.0770 15.06380699    07
STARLINK-441
1 45141U 19074A   24001.50000000  .00001174  00000-0  96125-4 0  9990
2 45141  53.1060 190.7860 0001338 190.7860 190.7860 15.06380699    07
STARLINK-442
1 45142U 19074A   24001.50000000  .00001174  00000-0  96125-4 0  9990
2 45142  53.0770 138.5970 0001338 138.5970 138.5970 15.06380699    07
STARLINK-443
1 45143U 19074A   24001.50000000  .00001174  00000-0  96125-4 0  9990
2 45143  53.1483 266.9940 0001338 266.9940 266.9940 15.06380699    07
STARLINK-444
1 45144U 19074A   24001.50000000  .00001174  00000-0  96125-4 0  9990
2 45144  53.1202 216.3310 0001338 216.3310 216.3310 15.06380699    07
STARLINK-445
1 45145U 19074A   24001.50000000  .00001174  00000-0  96125-4 0  9990
2 45145  53.1921 345.7990 0001338 345.7990 345.7990 15.06380699    07
STARLINK-446
1 45146U 19074A   24001.50000000  .00001174  00000-0  96125-4 0  9990
2 45146  53.0627 112.8820 0001338 112.8820 112.8820 15.06380699    07
STARLINK-447
1 45147U 19074A   24001.50000000  .00001174  00000-0  96125-4 0  9990
2 45147  53.0352  63.3991 0001338  63.3991  63.3991 15.06380699    07
STARLINK-448
1 45148U 19074A   24001.50000000  .00001174  00000-0  96125-4 0  9990
2 45148  53.1071 192.7240 0001338 192.7240 192.7240 15.06380699    07
STARLINK-449
1 45149U 19074A   24001.50000000  .00001174  00000-0  96125-4 0  9990
2 45149  53.0796 143.2340 0001338 143.2340 143.2340 15.06380699    07
STARLINK-450
1 45150U 19074A   24001.50000000  .00001174  00000-0  96125-4 0  9990
2 45150  53.1509 271.6400 0001338 271.6400 271.6400 15.06380699    07
STARLINK-451
1 45151U 19074A   24001.50000000  .00001174  00000-0  96125-4 0  9990
2 45151  53.0216  38.8926 0001338  38.8926  38.8926 15.06380699    07
STARLINK-452
1 45152U 19074A   24001.50000000  .00001174  00000-0  96125-4 0  9990
2 45152  53.0938 168.8490 0001338 168.8490 168.8490 15.06380699    07
STARLINK-453
1 45153U 19074A   24001.50000000  .00001174  00000-0  96125-4 0  9990
2 45153  53.0657 118.3240 0001338 118.3240 118.3240 15.06380699    07
STARLINK-454
1 45154U 19074A   24001.50000000  .00001174  00000-0  96125-4 0  9990
2 45154  53.0377  67.8292 0001338  67.8292  67.8292 15.06380699    07
STARLINK-455
1 45155U 19074A   24001.50000000  .00001174  00000-0  96125-4 0  9990
2 45155  53.1088 195.8890 0001338 195.8890 195.8890 15.06380699    07
STARLINK-456
1 45156U 19074A   24001.50000000  .00001174  00000-0  96125-4 0  9990
2 45156  53.1797 323.4590 0001338 323.4590 323.4590 15.06380699    07
STARLINK-457
1 45157U 19074A   24001.50000000  .00001174  00000-0  96125-4 0  9990
2 45157  53.1528 275.0590 0001338 275.0590 275.0590 15.06380699    07
STARLINK-458
1 45158U 19074A   24001.50000000  .00001174  00000-0  96125-4 0  9990
2 45158  53.0246  44.3667 0001338  44.3667  44.3667 15.06380699    07
STARLINK-459
1 45159U 19074A   24001.50000000  .00001174  00000-0  96125-4 0  9990
2 45159  53.0955 171.8540 0001338 171.8540 171.8540 15.06380699    07
STARLINK-460
1 45160U 19074A   24001.50000000  .00001174  00000-0  96125-4 0  9990
2 45160  53.0665 119.6960 0001338 119.6960 119.6960 15.06380699    07
STARLINK-461
1 45161U 19074A   24001.50000000  .00001174  00000-0  96125-4 0  9990
2 45161  53.1383 248.9990 0001338 248.9990 248.9990 15.06380699    07
STARLINK-462
1 45162U 19074A   24001.50000000  .00001174  00000-0  96125-4 0  9990
2 45162  53.1099 197.8270 0001338 197.8270 197.8270 15.06380699    07
STARLINK-463
1 45163U 19074A   24001.50000000  .00001174  00000-0  96125-4 0  9990
2 45163  53.0813 146.2600 0001338 146.2600 146.2600 15.06380699    07
STARLINK-464
1 45164U 19074A   24001.50000000  .00001174  00000-0  96125-4 0  9990
2 45164  53.0535  96.2531 0001338  96.2531  96.2531 15.06380699    07
STARLINK-465
1 45165U 19074A   24001.50000000  .00001174  00000-0  96125-4 0  9990
2 45165  53.1256 226.0620 0001338 226.0620 226.0620 15.06380699    07
STARLINK-466
1 45166U 19074A   24001.50000000  .00001174  00000-0  96125-4 0  9990
2 45166  53.0975 175.4510 0001338 175.4510 175.4510 15.06380699    07
STARLINK-467
1 45167U 19074A   24001.50000000  .00001174  00000-0  96125-4 0  9990
2 45167  53.0692 124.5490 0001338 124.5490 124.5490 15.06380699    07
STARLINK-468
1 45168U 19074A   24001.50000000  .00001174  00000-0  96125-4 0  9990
2 45168  53.0408  73.5282 0001338  73.5282  73.5282 15.06380699    07
STARLINK-469
1 45169U 19074A   24001.50000000  .00001174  00000-0  96125-4 0  9990
2 45169  53.1124 202.2380 0001338 202.2380 202.2380 15.06380699    07
STARLINK-470
1 45170U 19074A   24001.50000000  .00001174  00000-0  96125-4 0  9990
2 45170  53.0844 152.0070 0001338 152.0070 152.0070 15.06380699    07
STARLINK-471
1 45171U 19074A   24001.50000000  .00001174  00000-0  96125-4 0  9990
2 45171  53.1555 279.9020 0001338 279.9020 279.9020 15.06380699    07
STARLINK-472
1 45172U 19074A   24001.50000000  .00001174  00000-0  96125-4 0  9990
2 45172  53.0281  50.5455 0001338  50.5455  50.5455 15.06380699    07
STARLINK-473
1 45173U 19074A   24001.50000000  .00001174  00000-0  96125-4 0  9990
2 45173  53.0993 178.7820 0001338 178.7820 178.7820 15.06380699    07
STARLINK-474
1 45174U 19074A   24001.50000000  .00001174  00000-0  96125-4 0  9990
2 45174  53.1708 307.4500 0001338 307.4500 307.4500 15.06380699    07
STARLINK-475
1 45175U 19074A   24001.50000000  .00001174  00000-0  96125-4 0  9990
2 45175  53.0419  75.4107 0001338  75.4107  75.4107 15.06380699    07
STARLINK-476
1 45176U 19074A   24001.50000000  .00001174  00000-0  96125-4 0  9990
2 45176  53.1139 205.0590 0001338 205.0590 205.0590 15.06380699    07
STARLINK-477
1 45177U 19074A   24001.50000000  .00001174  00000-0  96125-4 0  9990
2 45177  53.0851 153.1760 0001338 153.1760 153.1760 15.06380699    07
STARLINK-478
1 45178U 19074A   24001.50000000  .00001174  00000-0  96125-4 0  9990
2 45178  53.0572 103.0230 0001338 103.0230 103.0230 15.06380699    07
STARLINK-479
1 45179U 19074A   24001.50000000  .00001174  00000-0  96125-4 0  9990
2 45179  53.1286 231.4240 0001338 231.4240 231.4240 15.06380699    07
STARLINK-480
1 45180U 19074A   24001.50000000  .00001174  00000-0  96125-4 0  9990
2 45180  53.1011 181.9890 0001338 181.9890 181.9890 15.06380699    07
STARLINK-481
1 45181U 19074A   24001.50000000  .00001174  00000-0  96125-4 0  9990
2 45181  53.0721 129.8640 0001338 129.8640 129.8640 15.06380699    07
STARLINK-482
1 45182U 19074A   24001.50000000  .00001174  00000-0  96125-4 0  9990
2 45182  53.0442  79.5321 0001338  79.5321  79.5321 15.06380699    07
STARLINK-483
1 45183U 19074A   24001.50000000  .00001174  00000-0  96125-4 0  9990
2 45183  53.0149  26.8719 0001338  26.8719  26.8719 15.06380699    07
STARLINK-484
1 45184U 19074A   24001.50000000  .00001174  00000-0  96125-4 0  9990
2 45184  53.0865 155.6190 0001338 155.6190 155.6190 15.06380699    07
STARLINK-485
1 45185U 19074A   24001.50000000  .00001174  00000-0  96125-4 0  9990
2 45185  53.0588 105.8250 0001338 105.8250 105.8250 15.06380699    07
STARLINK-486
1 45186U 19074A   24001.50000000  .00001174  00000-0  96125-4 0  9990
2 45186  53.1301 234.2250 0001338 234.2250 234.2250 15.06380699    07
STARLINK-487
1 45187U 19074A   24001.50000000  .00001174  00000-0  96125-4 0  9990
2 45187  53.1016 182.8910 0001338 182.8910 182.8910 15.06380699    07
STARLINK-488
1 45188U 19074A   24001.50000000  .00001174  00000-0  96125-4 0  9990
2 45188  53.1738 312.8630 0001338 312.8630 312.8630 15.06380699    07
STARLINK-489
1 45189U 19074A   24001.50000000  .00001174  00000-0  96125-4 0  9990
2 45189  53.0463  83.3478 0001338  83.3478  83.3478 15.06380699    07
STARLINK-490
1 45190U 19074A   24001.50000000  .00001174  00000-0  96125-4 0  9990
2 45190  53.0172  30.9944 0001338  30.9944  30.9944 15.06380699    07
STARLINK-491
1 45191U 19074A   24001.50000000  .00001174  00000-0  96125-4 0  9990
2 45191  53.0900 162.0290 0001338 162.0290 162.0290 15.06380699    07
STARLINK-492
1 45192U 19074A   24001.50000000  .00001174  00000-0  96125-4 0  9990
2 45192  53.0604 108.6940 0001338 108.6940 108.6940 15.06380699    07
STARLINK-493
1 45193U 19074A   24001.50000000  .00001174  00000-0  96125-4 0  9990
2 45193  53.1323 238.2180 0001338 238.2180 238.2180 15.06380699    07
STARLINK-494
1 45194U 19074A   24001.50000000  .00001174  00000-0  96125-4 0  9990
2 45194  53.0046   8.2481 0001338   8.2481   8.2481 15.06380699    07
STARLINK-495
1 45195U 19074A   24001.50000000  .00001174  00000-0  96125-4 0  9990
2 45195  53.1767 318.0140 0001338 318.0140 318.0140 15.06380699    07
STARLINK-496
1 45196U 19074A   24001.50000000  .00001174  00000-0  96125-4 0  9990
2 45196  53.0474  85.2929 0001338  85.2929  85.2929 15.06380699    07
STARLINK-497
1 45197U 19074A   24001.50000000  .00001174  00000-0  96125-4 0  9990
2 45197  53.1185 213.3390 0001338 213.3390 213.3390 15.06380699    07
STARLINK-498
1 45198U 19074A   24001.50000000  .00001174  00000-0  96125-4 0  9990
2 45198  53.1912 344.0810 0001338 344.0810 344.0810 15.06380699    07
STARLINK-499
1 45199U 19074A   24001.50000000  .00001174  00000-0  96125-4 0  9990
2 45199  53.0623 112.1090 0001338 112.1090 112.1090 15.06380699    07
STARLINK-500
1 45200U 19074A   24001.50000000  .00001174  00000-0  96125-4 0  9990
2 45200  53.1335 240.3810 0001338 240.3810 240.3810 15.06380699    07
STARLINK-501
1 45201U 19074A   24001.50000000  .00001174  00000-0  96125-4 0  9990
2 45201  53.1059 190.7050 0001338 190.7050 190.7050 15.06380699    07
STARLINK-502
1 45202U 19074A   24001.50000000  .00001174  00000-0  96125-4 0  9990
2 45202  53.1775 319.5760 0001338 319.5760 319.5760 15.06380699    07
STARLINK-503
1 45203U 19074A   24001.50000000  .00001174  00000-0  96125-4 0  9990
2 45203  53.0491  88.3253 0001338  88.3253  88.3253 15.06380699    07
STARLINK-504
1 45204U 19074A   24001.50000000  .00001174  00000-0  96125-4 0  9990
2 45204  53.0208  37.3980 0001338  37.3980  37.3980 15.06380699    07
STARLINK-505
1 45205U 19074A   24001.50000000  .00001174  00000-0  96125-4 0  9990
2 45205  53.1924 346.2970 0001338 346.2970 346.2970 15.06380699    07
STARLINK-506
1 45206U 19074A   24001.50000000  .00001174  00000-0  96125-4 0  9990
2 45206  53.0642 115.5000 0001338 115.5000 115.5000 15.06380699    07
STARLINK-507
1 45207U 19074A   24001.50000000  .00001174  00000-0  96125-4 0  9990
2 45207  53.1364 245.5830 0001338 245.5830 245.5830 15.06380699    07
STARLINK-508
1 45208U 19074A   24001.50000000  .00001174  00000-0  96125-4 0  9990
2 45208  53.1067 191.9890 0001338 191.9890 191.9890 15.06380699    07
STARLINK-509
1 45209U 19074A   24001.50000000  .00001174  00000-0  96125-4 0  9990
2 45209  53.1785 321.3520 0001338 321.3520 321.3520 15.06380699    07
STARLINK-510
1 45210U 19074A   24001.50000000  .00001174  00000-0  96125-4 0  9990
2 45210  53.1504 270.7300 0001338 270.7300 270.7300 15.06380699    07
STARLINK-511
1 45211U 19074A   24001.50000000  .00001174  00000-0  96125-4 0  9990
2 45211  53.1227 220.7850 0001338 220.7850 220.7850 15.06380699    07
STARLINK-512
1 45212U 19074A   24001.50000000  .00001174  00000-0  96125-4 0  9990
2 45212  53.0940 169.1150 0001338 169.1150 169.1150 15.06380699    07
STARLINK-513
1 45213U 19074A   24001.50000000  .00001174  00000-0  96125-4 0  9990
2 45213  53.0665 119.7100 0001338 119.7100 119.7100 15.06380699    07
STARLINK-514
1 45214U 19074A   24001.50000000  .00001174  00000-0  96125-4 0  9990
2 45214  53.0377  67.7745 0001338  67.7745  67.7745 15.06380699    07
STARLINK-515
1 45215U 19074A   24001.50000000  .00001174  00000-0  96125-4 0  9990
2 45215  53.0092  16.5235 0001338  16.5235  16.5235 15.06380699    07
STARLINK-516
1 45216U 19074A   24001.50000000  .00001174  00000-0  96125-4 0  9990
2 45216  53.1801 324.1620 0001338 324.1620 324.1620 15.06380699    07
STARLINK-517
1 45217U 19074A   24001.50000000  .00001174  00000-0  96125-4 0  9990
2 45217  53.0532  95.6981 0001338  95.6981  95.6981 15.06380699    07
STARLINK-518
1 45218U 19074A   24001.50000000  .00001174  00000-0  96125-4 0  9990
2 45218  53.0242  43.4765 0001338  43.4765  43.4765 15.06380699    07
STARLINK-519
1 45219U 19074A   24001.50000000  .00001174  00000-0  96125-4 0  9990
2 45219  53.1962 353.1720 0001338 353.1720 353.1720 15.06380699    07
STARLINK-520
1 45220U 19074A   24001.50000000  .00001174  00000-0  96125-4 0  9990
2 45220  53.1683 302.9810 0001338 302.9810 302.9810 15.06380699    07
STARLINK-521
1 45221U 19074A   24001.50000000  .00001174  00000-0  96125-4 0  9990
2 45221  53.1381 248.5210 0001338 248.5210 248.5210 15.06380699    07
STARLINK-522
1 45222U 19074A   24001.50000000  .00001174  00000-0  96125-4 0  9990
2 45222  53.1114 200.5190 0001338 200.5190 200.5190 15.06380699    07
STARLINK-523
1 45223U 19074A   24001.50000000  .00001174  00000-0  96125-4 0  9990
2 45223  53.1827 328.9130 0001338 328.9130 328.9130 15.06380699    07
STARLINK-524
1 45224U 19074A   24001.50000000  .00001174  00000-0  96125-4 0  9990
2 45224  53.1537 276.7150 0001338 276.7150 276.7150 15.06380699    07
STARLINK-525
1 45225U 19074A   24001.50000000  .00001174  00000-0  96125-4 0  9990
2 45225  53.1263 227.2560 0001338 227.2560 227.2560 15.06380699    07
STARLINK-526
1 45226U 19074A   24001.50000000  .00001174  00000-0  96125-4 0  9990
2 45226  53.1988 357.8110 0001338 357.8110 357.8110 15.06380699    07
STARLINK-527
1 45227U 19074A   24001.50000000  .00001174  00000-0  96125-4 0  9990
2 45227  53.0693 124.8260 0001338 124.8260 124.8260 15.06380699    07
STARLINK-528
1 45228U 19074A   24001.50000000  .00001174  00000-0  96125-4 0  9990
2 45228  53.0410  73.7842 0001338  73.7842  73.7842 15.06380699    07
STARLINK-529
1 45229U 19074A   24001.50000000  .00001174  00000-0  96125-4 0  9990
2 45229  53.0122  22.0093 0001338  22.0093  22.0093 15.06380699    07
STARLINK-530
1 45230U 19074A   24001.50000000  .00001174  00000-0  96125-4 0  9990
2 45230  53.0851 153.2350 0001338 153.2350 153.2350 15.06380699    07
STARLINK-531
1 45231U 19074A   24001.50000000  .00001174  00000-0  96125-4 0  9990
2 45231  53.0560 100.7890 0001338 100.7890 100.7890 15.06380699    07
STARLINK-532
1 45232U 19074A   24001.50000000  .00001174  00000-0  96125-4 0  9990
2 45232  53.0284  51.0846 0001338  51.0846  51.0846 15.06380699    07
STARLINK-533
1 45233U 19074A   24001.50000000  .00001174  00000-0  96125-4 0  9990
2 45233  53.1996 359.2350 0001338 359.2350 359.2350 15.06380699    07
STARLINK-534
1 45234U 19074A   24001.50000000  .00001174  00000-0  96125-4 0  9990
2 45234  53.1707 307.2960 0001338 307.2960 307.2960 15.06380699    07
STARLINK-535
1 45235U 19074A   24001.50000000  .00001174  00000-0  96125-4 0  9990
2 45235  53.1439 259.1090 0001338 259.1090 259.1090 15.06380699    07
STARLINK-536
1 45236U 19074A   24001.50000000  .00001174  00000-0  96125-4 0  9990
2 45236  53.0145  26.0794 0001338  26.0794  26.0794 15.06380699    07
STARLINK-537
1 45237U 19074A   24001.50000000  .00001174  00000-0  96125-4 0  9990
2 45237  53.0857 154.3110 0001338 154.3110 154.3110 15.06380699    07
STARLINK-538
1 45238U 19074A   24001.50000000  .00001174  00000-0  96125-4 0  9990
2 45238  53.0575 103.4560 0001338 103.4560 103.4560 15.06380699    07
STARLINK-539
1 45239U 19074A   24001.50000000  .00001174  00000-0  96125-4 0  9990
2 45239  53.0299  53.7559 0001338  53.7559  53.7559 15.06380699    07
STARLINK-540
1 45240U 19074A   24001.50000000  .00001174  00000-0  96125-4 0  9990
2 45240  53.0017   2.9732 0001338   2.9732   2.9732 15.06380699    07
STARLINK-541
1 45241U 19074A   24001.50000000  .00001174  00000-0  96125-4 0  9990
2 45241  53.1732 311.8080 0001338 311.8080 311.8080 15.06380699    07
STARLINK-542
1 45242U 19074A   24001.50000000  .00001174  00000-0  96125-4 0  9990
2 45242  53.1444 259.8860 0001338 259.8860 259.8860 15.06380699    07
STARLINK-543
1 45243U 19074A   24001.50000000  .00001174  00000-0  96125-4 0  9990
2 45243  53.1167 210.0020 0001338 210.0020 210.0020 15.06380699    07
STARLINK-544
1 45244U 19074A   24001.50000000  .00001174  00000-0  96125-4 0  9990
2 45244  53.1888 339.8400 0001338 339.8400 339.8400 15.06380699    07
STARLINK-545
1 45245U 19074A   24001.50000000  .00001174  00000-0  96125-4 0  9990
2 45245  53.1594 286.9260 0001338 286.9260 286.9260 15.06380699    07
STARLINK-546
1 45246U 19074A   24001.50000000  .00001174  00000-0  96125-4 0  9990
2 45246  53.1309 235.6520 0001338 235.6520 235.6520 15.06380699    07
STARLINK-547
1 45247U 19074A   24001.50000000  .00001174  00000-0  96125-4 0  9990
2 45247  53.0025   4.4811 0001338   4.4811   4.4811 15.06380699    07
STARLINK-548
1 45248U 19074A   24001.50000000  .00001174  00000-0  96125-4 0  9990
2 45248  53.1750 314.9740 0001338 314.9740 314.9740 15.06380699    07
STARLINK-549
1 45249U 19074A   24001.50000000  .00001174  00000-0  96125-4 0  9990
2 45249  53.1462 263.2260 0001338 263.2260 263.2260 15.06380699    07
STARLINK-550
1 45250U 19074A   24001.50000000  .00001174  00000-0  96125-4 0  9990
2 45250  53.1182 212.7000 0001338 212.7000 212.7000 15.06380699    07
STARLINK-551
1 45251U 19074A   24001.50000000  .00001174  00000-0  96125-4 0  9990
2 45251  53.0900 161.9280 0001338 161.9280 161.9280 15.06380699    07
STARLINK-552
1 45252U 19074A   24001.50000000  .00001174  00000-0  96125-4 0  9990
2 45252  53.1610 289.7360 0001338 289.7360 289.7360 15.06380699    07
STARLINK-553
1 45253U 19074A   24001.50000000  .00001174  00000-0  96125-4 0  9990
2 45253  53.1328 239.0380 0001338 239.0380 239.0380 15.06380699    07
STARLINK-554
1 45254U 19074A   24001.50000000  .00001174  00000-0  96125-4 0  9990
2 45254  53.1052 189.3260 0001338 189.3260 189.3260 15.06380699    07
STARLINK-555
1 45255U 19074A   24001.50000000  .00001174  00000-0  96125-4 0  9990
2 45255  53.1767 318.0700 0001338 318.0700 318.0700 15.06380699    07
STARLINK-556
1 45256U 19074A   24001.50000000  .00001174  00000-0  96125-4 0  9990
2 45256  53.1489 268.0970 0001338 268.0970 268.0970 15.06380699    07
STARLINK-557
1 45257U 19074A   24001.50000000  .00001174  00000-0  96125-4 0  9990
2 45257  53.1197 215.4040 0001338 215.4040 215.4040 15.06380699    07
STARLINK-558
1 45258U 19074A   24001.50000000  .00001174  00000-0  96125-4 0  9990
2 45258  53.0913 164.2720 0001338 164.2720 164.2720 15.06380699    07
STARLINK-559
1 45259U 19074A   24001.50000000  .00001174  00000-0  96125-4 0  9990
2 45259  53.1634 294.1770 0001338 294.1770 294.1770 15.06380699    07
STARLINK-560
1 45260U 19074A   24001.50000000  .00001174  00000-0  96125-4 0  9990
2 45260  53.1345 242.1200 0001338 242.1200 242.1200 15.06380699    07
STARLINK-561
1 45261U 19074A   24001.50000000  .00001174  00000-0  96125-4 0  9990
2 45261  53.1063 191.3450 0001338 191.3450 191.3450 15.06380699    07
STARLINK-562
1 45262U 19074A   24001.50000000  .00001174  00000-0  96125-4 0  9990
2 45262  53.1780 320.3830 0001338 320.3830 320.3830 15.06380699    07
STARLINK-563
1 45263U 19074A   24001.50000000  .00001174  00000-0  96125-4 0  9990
2 45263  53.1502 270.3640 0001338 270.3640 270.3640 15.06380699    07
STARLINK-564
1 45264U 19074A   24001.50000000  .00001174  00000-0  96125-4 0  9990
2 45264  53.0218  39.2037 0001338  39.2037  39.2037 15.06380699    07
STARLINK-565
1 45265U 19074A   24001.50000000  .00001174  00000-0  96125-4 0  9990
2 45265  53.0933 167.9020 0001338 167.9020 167.9020 15.06380699    07
STARLINK-566
1 45266U 19074A   24001.50000000  .00001174  00000-0  96125-4 0  9990
2 45266  53.1646 296.2950 0001338 296.2950 296.2950 15.06380699    07
STARLINK-567
1 45267U 19074A   24001.50000000  .00001174  00000-0  96125-4 0  9990
2 45267  53.0368  66.1844 0001338  66.1844  66.1844 15.06380699    07
STARLINK-568
1 45268U 19074A   24001.50000000  .00001174  00000-0  96125-4 0  9990
2 45268  53.0078  14.0978 0001338  14.0978  14.0978 15.06380699    07
STARLINK-569
1 45269U 19074A   24001.50000000  .00001174  00000-0  96125-4 0  9990
2 45269  53.0791 142.3270 0001338 142.3270 142.3270 15.06380699    07
STARLINK-570
1 45270U 19074A   24001.50000000  .00001174  00000-0  96125-4 0  9990
2 45270  53.1507 271.2210 0001338 271.2210 271.2210 15.06380699    07
STARLINK-571
1 45271U 19074A   24001.50000000  .00001174  00000-0  96125-4 0  9990
2 45271  53.0231  41.5151 0001338  41.5151  41.5151 15.06380699    07
STARLINK-572
1 45272U 19074A   24001.50000000  .00001174  00000-0  96125-4 0  9990
2 45272  53.1951 351.1900 0001338 351.1900 351.1900 15.06380699    07
STARLINK-573
1 45273U 19074A   24001.50000000  .00001174  00000-0  96125-4 0  9990
2 45273  53.0658 118.3970 0001338 118.3970 118.3970 15.06380699    07
STARLINK-574
1 45274U 19074A   24001.50000000  .00001174  00000-0  96125-4 0  9990
2 45274  53.0383  68.8984 0001338  68.8984  68.8984 15.06380699    07
STARLINK-575
1 45275U 19074A   24001.50000000  .00001174  00000-0  96125-4 0  9990
2 45275  53.0095  17.0869 0001338  17.0869  17.0869 15.06380699    07
STARLINK-576
1 45276U 19074A   24001.50000000  .00001174  00000-0  96125-4 0  9990
2 45276  53.1820 327.5230 0001338 327.5230 327.5230 15.06380699    07
STARLINK-577
1 45277U 19074A   24001.50000000  .00001174  00000-0  96125-4 0  9990
2 45277  53.0527  94.9246 0001338  94.9246  94.9246 15.06380699    07
STARLINK-578
1 45278U 19074A   24001.50000000  .00001174  00000-0  96125-4 0  9990
2 45278  53.1250 225.0590 0001338 225.0590 225.0590 15.06380699    07
STARLINK-579
1 45279U 19074A   24001.50000000  .00001174  00000-0  96125-4 0  9990
2 45279  53.1967 354.0510 0001338 354.0510 354.0510 15.06380699    07
STARLINK-580
1 45280U 19074A   24001.50000000  .00001174  00000-0  96125-4 0  9990
2 45280  53.0689 124.0580 0001338 124.0580 124.0580 15.06380699    07
STARLINK-581
1 45281U 19074A   24001.50000000  .00001174  00000-0  96125-4 0  9990
2 45281  53.0403  72.5933 0001338  72.5933  72.5933 15.06380699    07
STARLINK-582
1 45282U 19074A   24001.50000000  .00001174  00000-0  96125-4 0  9990
2 45282  53.0116  20.9010 0001338  20.9010  20.9010 15.06380699    07
STARLINK-583
1 45283U 19074A   24001.50000000  .00001174  00000-0  96125-4 0  9990
2 45283  53.1831 329.6690 0001338 329.6690 329.6690 15.06380699    07
STARLINK-584
1 45284U 19074A   24001.50000000  .00001174  00000-0  96125-4 0  9990
2 45284  53.0545  98.0989 0001338  98.0989  98.0989 15.06380699    07
STARLINK-585
1 45285U 19074A   24001.50000000  .00001174  00000-0  96125-4 0  9990
2 45285  53.0272  49.0419 0001338  49.0419  49.0419 15.06380699    07
STARLINK-586
1 45286U 19074A   24001.50000000  .00001174  00000-0  96125-4 0  9990
2 45286  53.1982 356.7760 0001338 356.7760 356.7760 15.06380699    07
STARLINK-587
1 45287U 19074A   24001.50000000  .00001174  00000-0  96125-4 0  9990
2 45287  53.0698 125.6660 0001338 125.6660 125.6660 15.06380699    07
STARLINK-588
1 45288U 19074A   24001.50000000  .00001174  00000-0  96125-4 0  9990
2 45288  53.0418  75.1974 0001338  75.1974  75.1974 15.06380699    07
STARLINK-589
1 45289U 19074A   24001.50000000  .00001174  00000-0  96125-4 0  9990
2 45289  53.1132 203.7560 0001338 203.7560 203.7560 15.06380699    07
STARLINK-590
1 45290U 19074A   24001.50000000  .00001174  00000-0  96125-4 0  9990
2 45290  53.0848 152.6950 0001338 152.6950 152.6950 15.06380699    07
STARLINK-591
1 45291U 19074A   24001.50000000  .00001174  00000-0  96125-4 0  9990
2 45291  53.0566 101.9160 0001338 101.9160 101.9160 15.06380699    07
STARLINK-592
1 45292U 19074A   24001.50000000  .00001174  00000-0  96125-4 0  9990
2 45292  53.0280  50.3745 0001338  50.3745  50.3745 15.06380699    07
STARLINK-593
1 45293U 19074A   24001.50000000  .00001174  00000-0  96125-4 0  9990
2 45293  53.0996 179.3590 0001338 179.3590 179.3590 15.06380699    07
STARLINK-594
1 45294U 19074A   24001.50000000  .00001174  00000-0  96125-4 0  9990
2 45294  53.1712 308.2190 0001338 308.2190 308.2190 15.06380699    07
STARLINK-595
1 45295U 19074A   24001.50000000  .00001174  00000-0  96125-4 0  9990
2 45295  53.1434 258.2080 0001338 258.2080 258.2080 15.06380699    07
STARLINK-596
1 45296U 19074A   24001.50000000  .00001174  00000-0  96125-4 0  9990
2 45296  53.0153  27.4755 0001338  27.4755  27.4755 15.06380699    07
STARLINK-597
1 45297U 19074A   24001.50000000  .00001174  00000-0  96125-4 0  9990
2 45297  53.0873 157.1750 0001338 157.1750 157.1750 15.06380699    07
STARLINK-598
1 45298U 19074A   24001.50000000  .00001174  00000-0  96125-4 0  9990
2 45298  53.0577 103.8370 0001338 103.8370 103.8370 15.06380699    07
STARLINK-599
1 45299U 19074A   24001.50000000  .00001174  00000-0  96125-4 0  9990
2 45299  53.0302  54.3223 0001338  54.3223  54.3223 15.06380699    07
STARLINK-600
1 45300U 19074A   24001.50000000  .00001174  00000-0  96125-4 0  9990
2 45300  53.0021   3.8059 0001338   3.8059   3.8059 15.06380699    07
STARLINK-601
1 45301U 19074A   24001.50000000  .00001174  00000-0  96125-4 0  9990
2 45301  53.0741 133.3140 0001338 133.3140 133.3140 15.06380699    07
STARLINK-602
1 45302U 19074A   24001.50000000  .00001174  00000-0  96125-4 0  9990
2 45302  53.1448 260.5750 0001338 260.5750 260.5750 15.06380699    07
STARLINK-603
1 45303U 19074A   24001.50000000  .00001174  00000-0  96125-4 0  9990
2 45303  53.1176 211.5990 0001338 211.5990 211.5990 15.06380699    07
STARLINK-604
1 45304U 19074A   24001.50000000  .00001174  00000-0  96125-4 0  9990
2 45304  53.0886 159.4430 0001338 159.4430 159.4430 15.06380699    07
STARLINK-605
1 45305U 19074A   24001.50000000  .00001174  00000-0  96125-4 0  9990
2 45305  53.0600 107.9890 0001338 107.9890 107.9890 15.06380699    07
STARLINK-606
1 45306U 19074A   24001.50000000  .00001174  00000-0  96125-4 0  9990
2 45306  53.1306 234.9940 0001338 234.9940 234.9940 15.06380699    07
STARLINK-607
1 45307U 19074A   24001.50000000  .00001174  00000-0  96125-4 0  9990
2 45307  53.1029 185.2790 0001338 185.2790 185.2790 15.06380699    07
STARLINK-608
1 45308U 19074A   24001.50000000  .00001174  00000-0  96125-4 0  9990
2 45308  53.0753 135.5820 0001338 135.5820 135.5820 15.06380699    07
STARLINK-609
1 45309U 19074A   24001.50000000  .00001174  00000-0  96125-4 0  9990
2 45309  53.0477  85.8432 0001338  85.8432  85.8432 15.06380699    07
STARLINK-610
1 45310U 19074A   24001.50000000  .00001174  00000-0  96125-4 0  9990
2 45310  53.0178  31.9939 0001338  31.9939  31.9939 15.06380699    07
STARLINK-611
1 45311U 19074A   24001.50000000  .00001174  00000-0  96125-4 0  9990
2 45311  53.1904 342.7330 0001338 342.7330 342.7330 15.06380699    07
STARLINK-612
1 45312U 19074A   24001.50000000  .00001174  00000-0  96125-4 0  9990
2 45312  53.0620 111.5650 0001338 111.5650 111.5650 15.06380699    07
STARLINK-613
1 45313U 19074A   24001.50000000  .00001174  00000-0  96125-4 0  9990
2 45313  53.0337  60.7472 0001338  60.7472  60.7472 15.06380699    07
STARLINK-614
1 45314U 19074A   24001.50000000  .00001174  00000-0  96125-4 0  9990
2 45314  53.1048 188.6010 0001338 188.6010 188.6010 15.06380699    07
STARLINK-615
1 45315U 19074A   24001.50000000  .00001174  00000-0  96125-4 0  9990
2 45315  53.0763 137.2680 0001338 137.2680 137.2680 15.06380699    07
STARLINK-616
1 45316U 19074A   24001.50000000  .00001174  00000-0  96125-4 0  9990
2 45316  53.0484  87.1469 0001338  87.1469  87.1469 15.06380699    07
STARLINK-617
1 45317U 19074A   24001.50000000  .00001174  00000-0  96125-4 0  9990
2 45317  53.0204  36.7886 0001338  36.7886  36.7886 15.06380699    07
STARLINK-618
1 45318U 19074A   24001.50000000  .00001174  00000-0  96125-4 0  9990
2 45318  53.0919 165.4850 0001338 165.4850 165.4850 15.06380699    07
STARLINK-619
1 45319U 19074A   24001.50000000  .00001174  00000-0  96125-4 0  9990
2 45319  53.1634 294.1800 0001338 294.1800 294.1800 15.06380699    07
STARLINK-620
1 45320U 19074A   24001.50000000  .00001174  00000-0  96125-4 0  9990
2 45320  53.0355  63.9833 0001338  63.9833  63.9833 15.06380699    07
STARLINK-621
1 45321U 19074A   24001.50000000  .00001174  00000-0  96125-4 0  9990
2 45321  53.0068  12.2372 0001338  12.2372  12.2372 15.06380699    07
STARLINK-622
1 45322U 19074A   24001.50000000  .00001174  00000-0  96125-4 0  9990
2 45322  53.1788 321.7840 0001338 321.7840 321.7840 15.06380699    07
STARLINK-623
1 45323U 19074A   24001.50000000  .00001174  00000-0  96125-4 0  9990
2 45323  53.0498  89.7225 0001338  89.7225  89.7225 15.06380699    07
STARLINK-624
1 45324U 19074A   24001.50000000  .00001174  00000-0  96125-4 0  9990
2 45324  53.1224 220.3460 0001338 220.3460 220.3460 15.06380699    07
STARLINK-625
1 45325U 19074A   24001.50000000  .00001174  00000-0  96125-4 0  9990
2 45325  53.0936 168.4310 0001338 168.4310 168.4310 15.06380699    07
STARLINK-626
1 45326U 19074A   24001.50000000  .00001174  00000-0  96125-4 0  9990
2 45326  53.0664 119.5450 0001338 119.5450 119.5450 15.06380699    07
STARLINK-627
1 45327U 19074A   24001.50000000  .00001174  00000-0  96125-4 0  9990
2 45327  53.0370  66.6648 0001338  66.6648  66.6648 15.06380699    07
STARLINK-628
1 45328U 19074A   24001.50000000  .00001174  00000-0  96125-4 0  9990
2 45328  53.1083 194.8950 0001338 194.8950 194.8950 15.06380699    07
STARLINK-629
1 45329U 19074A   24001.50000000  .00001174  00000-0  96125-4 0  9990
2 45329  53.0805 144.8630 0001338 144.8630 144.8630 15.06380699    07
STARLINK-630
1 45330U 19074A   24001.50000000  .00001174  00000-0  96125-4 0  9990
2 45330  53.0511  91.9982 0001338  91.9982  91.9982 15.06380699    07
STARLINK-631
1 45331U 19074A   24001.50000000  .00001174  00000-0  96125-4 0  9990
2 45331  53.0235  42.3701 0001338  42.3701  42.3701 15.06380699    07
STARLINK-632
1 45332U 19074A   24001.50000000  .00001174  00000-0  96125-4 0  9990
2 45332  53.0956 171.9980 0001338 171.9980 171.9980 15.06380699    07
STARLINK-633
1 45333U 19074A   24001.50000000  .00001174  00000-0  96125-4 0  9990
2 45333  53.0665 119.6850 0001338 119.6850 119.6850 15.06380699    07
STARLINK-634
1 45334U 19074A   24001.50000000  .00001174  00000-0  96125-4 0  9990
2 45334  53.0382  68.7147 0001338  68.7147  68.7147 15.06380699    07
STARLINK-635
1 45335U 19074A   24001.50000000  .00001174  00000-0  96125-4 0  9990
2 45335  53.0106  19.0001 0001338  19.0001  19.0001 15.06380699    07
STARLINK-636
1 45336U 19074A   24001.50000000  .00001174  00000-0  96125-4 0  9990
2 45336  53.0814 146.4990 0001338 146.4990 146.4990 15.06380699    07
STARLINK-637
1 45337U 19074A   24001.50000000  .00001174  00000-0  96125-4 0  9990
2 45337  53.0538  96.9253 0001338  96.9253  96.9253 15.06380699    07
STARLINK-638
1 45338U 19074A   24001.50000000  .00001174  00000-0  96125-4 0  9990
2 45338  53.1258 226.4530 0001338 226.4530 226.4530 15.06380699    07
STARLINK-639
1 45339U 19074A   24001.50000000  .00001174  00000-0  96125-4 0  9990
2 45339  53.1972 354.8790 0001338 354.8790 354.8790 15.06380699    07
STARLINK-640
1 45340U 19074A   24001.50000000  .00001174  00000-0  96125-4 0  9990
2 45340  53.0691 124.4580 0001338 124.4580 124.4580 15.06380699    07
STARLINK-641
1 45341U 19074A   24001.50000000  .00001174  00000-0  96125-4 0  9990
2 45341  53.1406 253.0350 0001338 253.0350 253.0350 15.06380699    07
STARLINK-642
1 45342U 19074A   24001.50000000  .00001174  00000-0  96125-4 0  9990
2 45342  53.0133  23.9398 0001338  23.9398  23.9398 15.06380699    07
STARLINK-643
1 45343U 19074A   24001.50000000  .00001174  00000-0  96125-4 0  9990
2 45343  53.0832 149.6960 0001338 149.6960 149.6960 15.06380699    07
STARLINK-644
1 45344U 19074A   24001.50000000  .00001174  00000-0  96125-4 0  9990
2 45344  53.1559 280.6350 0001338 280.6350 280.6350 15.06380699    07
STARLINK-645
1 45345U 19074A   24001.50000000  .00001174  00000-0  96125-4 0  9990
2 45345  53.1269 228.3440 0001338 228.3440 228.3440 15.06380699    07
STARLINK-646
1 45346U 19074A   24001.50000000  .00001174  00000-0  96125-4 0  9990
2 45346  53.0987 177.6110 0001338 177.6110 177.6110 15.06380699    07
STARLINK-647
1 45347U 19074A   24001.50000000  .00001174  00000-0  96125-4 0  9990
2 45347  53.0705 126.8730 0001338 126.8730 126.8730 15.06380699    07
STARLINK-648
1 45348U 19074A   24001.50000000  .00001174  00000-0  96125-4 0  9990
2 45348  53.0421  75.8169 0001338  75.8169  75.8169 15.06380699    07
STARLINK-649
1 45349U 19074A   24001.50000000  .00001174  00000-0  96125-4 0  9990
2 45349  53.1135 204.2120 0001338 204.2120 204.2120 15.06380699    07
STARLINK-650
1 45350U 19074A   24001.50000000  .00001174  00000-0  96125-4 0  9990
2 45350  53.1865 335.7470 0001338 335.7470 335.7470 15.06380699    07
STARLINK-651
1 45351U 19074A   24001.50000000  .00001174  00000-0  96125-4 0  9990
2 45351  53.0564 101.4570 0001338 101.4570 101.4570 15.06380699    07
STARLINK-652
1 45352U 19074A   24001.50000000  .00001174  00000-0  96125-4 0  9990
2 45352  53.0284  51.2027 0001338  51.2027  51.2027 15.06380699    07
STARLINK-653
1 45353U 19074A   24001.50000000  .00001174  00000-0  96125-4 0  9990
2 45353  53.1002 180.2710 0001338 180.2710 180.2710 15.06380699    07
STARLINK-654
1 45354U 19074A   24001.50000000  .00001174  00000-0  96125-4 0  9990
2 45354  53.1725 310.4380 0001338 310.4380 310.4380 15.06380699    07
STARLINK-655
1 45355U 19074A   24001.50000000  .00001174  00000-0  96125-4 0  9990
2 45355  53.0439  79.0189 0001338  79.0189  79.0189 15.06380699    07
STARLINK-656
1 45356U 19074A   24001.50000000  .00001174  00000-0  96125-4 0  9990
2 45356  53.1154 207.6710 0001338 207.6710 207.6710 15.06380699    07
STARLINK-657
1 45357U 19074A   24001.50000000  .00001174  00000-0  96125-4 0  9990
2 45357  53.0875 157.5370 0001338 157.5370 157.5370 15.06380699    07
STARLINK-658
1 45358U 19074A   24001.50000000  .00001174  00000-0  96125-4 0  9990
2 45358  53.1587 285.6820 0001338 285.6820 285.6820 15.06380699    07
STARLINK-659
1 45359U 19074A   24001.50000000  .00001174  00000-0  96125-4 0  9990
2 45359  53.0311  55.9034 0001338  55.9034  55.9034 15.06380699    07
STARLINK-660
1 45360U 19074A   24001.50000000  .00001174  00000-0  96125-4 0  9990
2 45360  53.0023   4.0919 0001338   4.0919   4.0919 15.06380699    07
STARLINK-661
1 45361U 19074A   24001.50000000  .00001174  00000-0  96125-4 0  9990
2 45361  53.1745 314.0300 0001338 314.0300 314.0300 15.06380699    07
STARLINK-662
1 45362U 19074A   24001.50000000  .00001174  00000-0  96125-4 0  9990
2 45362  53.0454  81.7206 0001338  81.7206  81.7206 15.06380699    07
STARLINK-663
1 45363U 19074A   24001.50000000  .00001174  00000-0  96125-4 0  9990
2 45363  53.1178 212.1190 0001338 212.1190 212.1190 15.06380699    07
STARLINK-664
1 45364U 19074A   24001.50000000  .00001174  00000-0  96125-4 0  9990
2 45364  53.1889 339.9940 0001338 339.9940 339.9940 15.06380699    07
STARLINK-665
1 45365U 19074A   24001.50000000  .00001174  00000-0  96125-4 0  9990
2 45365  53.1609 289.5720 0001338 289.5720 289.5720 15.06380699    07
STARLINK-666
1 45366U 19074A   24001.50000000  .00001174  00000-0  96125-4 0  9990
2 45366  53.1324 238.3770 0001338 238.3770 238.3770 15.06380699    07
STARLINK-667
1 45367U 19074A   24001.50000000  .00001174  00000-0  96125-4 0  9990
2 45367  53.1041 187.3800 0001338 187.3800 187.3800 15.06380699    07
STARLINK-668
1 45368U 19074A   24001.50000000  .00001174  00000-0  96125-4 0  9990
2 45368  53.0754 135.7180 0001338 135.7180 135.7180 15.06380699    07
STARLINK-669
1 45369U 19074A   24001.50000000  .00001174  00000-0  96125-4 0  9990
2 45369  53.1473 265.2020 0001338 265.2020 265.2020 15.06380699    07
STARLINK-670
1 45370U 19074A   24001.50000000  .00001174  00000-0  96125-4 0  9990
2 45370  53.1191 214.4410 0001338 214.4410 214.4410 15.06380699    07
STARLINK-671
1 45371U 19074A   24001.50000000  .00001174  00000-0  96125-4 0  9990
2 45371  53.0908 163.4400 0001338 163.4400 163.4400 15.06380699    07
STARLINK-672
1 45372U 19074A   24001.50000000  .00001174  00000-0  96125-4 0  9990
2 45372  53.1630 293.3180 0001338 293.3180 293.3180 15.06380699    07
STARLINK-673
1 45373U 19074A   24001.50000000  .00001174  00000-0  96125-4 0  9990
2 45373  53.0343  61.7497 0001338  61.7497  61.7497 15.06380699    07
STARLINK-674
1 45374U 19074A   24001.50000000  .00001174  00000-0  96125-4 0  9990
2 45374  53.0064  11.4539 0001338  11.4539  11.4539 15.06380699    07
STARLINK-675
1 45375U 19074A   24001.50000000  .00001174  00000-0  96125-4 0  9990
2 45375  53.0773 139.0580 0001338 139.0580 139.0580 15.06380699    07
STARLINK-676
1 45376U 19074A   24001.50000000  .00001174  00000-0  96125-4 0  9990
2 45376  53.1500 269.9590 0001338 269.9590 269.9590 15.06380699    07
STARLINK-677
1 45377U 19074A   24001.50000000  .00001174  00000-0  96125-4 0  9990
2 45377  53.1203 216.5600 0001338 216.5600 216.5600 15.06380699    07
STARLINK-678
1 45378U 19074A   24001.50000000  .00001174  00000-0  96125-4 0  9990
2 45378  53.1930 347.3170 0001338 347.3170 347.3170 15.06380699    07
STARLINK-679
1 45379U 19074A   24001.50000000  .00001174  00000-0  96125-4 0  9990
2 45379  53.0643 115.7090 0001338 115.7090 115.7090 15.06380699    07
STARLINK-680
1 45380U 19074A   24001.50000000  .00001174  00000-0  96125-4 0  9990
2 45380  53.0352  63.2802 0001338  63.2802  63.2802 15.06380699    07
STARLINK-681
1 45381U 19074A   24001.50000000  .00001174  00000-0  96125-4 0  9990
2 45381  53.1079 194.2430 0001338 194.2430 194.2430 15.06380699    07
STARLINK-682
1 45382U 19074A   24001.50000000  .00001174  00000-0  96125-4 0  9990
2 45382  53.1794 322.8870 0001338 322.8870 322.8870 15.06380699    07
STARLINK-683
1 45383U 19074A   24001.50000000  .00001174  00000-0  96125-4 0  9990
2 45383  53.1506 271.0310 0001338 271.0310 271.0310 15.06380699    07
STARLINK-684
1 45384U 19074A   24001.50000000  .00001174  00000-0  96125-4 0  9990
2 45384  53.0223  40.0515 0001338  40.0515  40.0515 15.06380699    07
STARLINK-685
1 45385U 19074A   24001.50000000  .00001174  00000-0  96125-4 0  9990
2 45385  53.0940 169.1150 0001338 169.1150 169.1150 15.06380699    07
STARLINK-686
1 45386U 19074A   24001.50000000  .00001174  00000-0  96125-4 0  9990
2 45386  53.0668 120.2120 0001338 120.2120 120.2120 15.06380699    07
STARLINK-687
1 45387U 19074A   24001.50000000  .00001174  00000-0  96125-4 0  9990
2 45387  53.1381 248.5320 0001338 248.5320 248.5320 15.06380699    07
STARLINK-688
1 45388U 19074A   24001.50000000  .00001174  00000-0  96125-4 0  9990
2 45388  53.1091 196.4590 0001338 196.4590 196.4590 15.06380699    07
STARLINK-689
1 45389U 19074A   24001.50000000  .00001174  00000-0  96125-4 0  9990
2 45389  53.0814 146.5230 0001338 146.5230 146.5230 15.06380699    07
STARLINK-690
1 45390U 19074A   24001.50000000  .00001174  00000-0  96125-4 0  9990
2 45390  53.0526  94.7319 0001338  94.7319  94.7319 15.06380699    07
STARLINK-691
1 45391U 19074A   24001.50000000  .00001174  00000-0  96125-4 0  9990
2 45391  53.0239  42.9818 0001338  42.9818  42.9818 15.06380699    07
STARLINK-692
1 45392U 19074A   24001.50000000  .00001174  00000-0  96125-4 0  9990
2 45392  53.0958 172.4600 0001338 172.4600 172.4600 15.06380699    07
STARLINK-693
1 45393U 19074A   24001.50000000  .00001174  00000-0  96125-4 0  9990
2 45393  53.0671 120.8100 0001338 120.8100 120.8100 15.06380699    07
STARLINK-694
1 45394U 19074A   24001.50000000  .00001174  00000-0  96125-4 0  9990
2 45394  53.0391  70.4117 0001338  70.4117  70.4117 15.06380699    07
STARLINK-695
1 45395U 19074A   24001.50000000  .00001174  00000-0  96125-4 0  9990
2 45395  53.1116 200.9330 0001338 200.9330 200.9330 15.06380699    07
STARLINK-696
1 45396U 19074A   24001.50000000  .00001174  00000-0  96125-4 0  9990
2 45396  53.0822 147.8790 0001338 147.8790 147.8790 15.06380699    07
STARLINK-697
1 45397U 19074A   24001.50000000  .00001174  00000-0  96125-4 0  9990
2 45397  53.1544 277.8820 0001338 277.8820 277.8820 15.06380699    07
STARLINK-698
1 45398U 19074A   24001.50000000  .00001174  00000-0  96125-4 0  9990
2 45398  53.0260  46.7910 0001338  46.7910  46.7910 15.06380699    07
STARLINK-699
1 45399U 19074A   24001.50000000  .00001174  00000-0  96125-4 0  9990
2 45399  53.1983 356.8800 0001338 356.8800 356.8800 15.06380699    07
STARLINK-700
1 45400U 19074A   24001.50000000  .00001174  00000-0  96125-4 0  9990
2 45400  53.1693 304.7570 0001338 304.7570 304.7570 15.06380699    07
STARLINK-701
1 45401U 19074A   24001.50000000  .00001174  00000-0  96125-4 0  9990
2 45401  53.1411 253.9580 0001338 253.9580 253.9580 15.06380699    07
STARLINK-702
1 45402U 19074A   24001.50000000  .00001174  00000-0  96125-4 0  9990
2 45402  53.0133  23.8952 0001338  23.8952  23.8952 15.06380699    07
STARLINK-703
1 45403U 19074A   24001.50000000  .00001174  00000-0  96125-4 0  9990
2 45403  53.0848 152.6830 0001338 152.6830 152.6830 15.06380699    07
STARLINK-704
1 45404U 19074A   24001.50000000  .00001174  00000-0  96125-4 0  9990
2 45404  53.1556 280.0200 0001338 280.0200 280.0200 15.06380699    07
STARLINK-705
1 45405U 19074A   24001.50000000  .00001174  00000-0  96125-4 0  9990
2 45405  53.0277  49.8525 0001338  49.8525  49.8525 15.06380699    07
STARLINK-706
1 45406U 19074A   24001.50000000  .00001174  00000-0  96125-4 0  9990
2 45406  53.0986 177.4630 0001338 177.4630 177.4630 15.06380699    07
STARLINK-707
1 45407U 19074A   24001.50000000  .00001174  00000-0  96125-4 0  9990
2 45407  53.0713 128.3850 0001338 128.3850 128.3850 15.06380699    07
STARLINK-708
1 45408U 19074A   24001.50000000  .00001174  00000-0  96125-4 0  9990
2 45408  53.0427  76.9328 0001338  76.9328  76.9328 15.06380699    07
STARLINK-709
1 45409U 19074A   24001.50000000  .00001174  00000-0  96125-4 0  9990
2 45409  53.1141 205.4690 0001338 205.4690 205.4690 15.06380699    07
STARLINK-710
1 45410U 19074A   24001.50000000  .00001174  00000-0  96125-4 0  9990
2 45410  53.1860 334.8180 0001338 334.8180 334.8180 15.06380699    07
STARLINK-711
1 45411U 19074A   24001.50000000  .00001174  00000-0  96125-4 0  9990
2 45411  53.0576 103.6030 0001338 103.6030 103.6030 15.06380699    07
STARLINK-712
1 45412U 19074A   24001.50000000  .00001174  00000-0  96125-4 0  9990
2 45412  53.1289 231.9680 0001338 231.9680 231.9680 15.06380699    07
STARLINK-713
1 45413U 19074A   24001.50000000  .00001174  00000-0  96125-4 0  9990
2 45413  53.0014   2.4864 0001338   2.4864   2.4864 15.06380699    07
STARLINK-714
1 45414U 19074A   24001.50000000  .00001174  00000-0  96125-4 0  9990
2 45414  53.1730 311.4790 0001338 311.4790 311.4790 15.06380699    07
STARLINK-715
1 45415U 19074A   24001.50000000  .00001174  00000-0  96125-4 0  9990
2 45415  53.0448  80.6073 0001338  80.6073  80.6073 15.06380699    07
STARLINK-716
1 45416U 19074A   24001.50000000  .00001174  00000-0  96125-4 0  9990
2 45416  53.0163  29.2815 0001338  29.2815  29.2815 15.06380699    07
STARLINK-717
1 45417U 19074A   24001.50000000  .00001174  00000-0  96125-4 0  9990
2 45417  53.1869 336.3310 0001338 336.3310 336.3310 15.06380699    07
STARLINK-718
1 45418U 19074A   24001.50000000  .00001174  00000-0  96125-4 0  9990
2 45418  53.0596 107.2440 0001338 107.2440 107.2440 15.06380699    07
STARLINK-719
1 45419U 19074A   24001.50000000  .00001174  00000-0  96125-4 0  9990
2 45419  53.1314 236.5100 0001338 236.5100 236.5100 15.06380699    07
STARLINK-720
1 45420U 19074A   24001.50000000  .00001174  00000-0  96125-4 0  9990
2 45420  53.1030 185.3440 0001338 185.3440 185.3440 15.06380699    07
STARLINK-721
1 45421U 19074A   24001.50000000  .00001174  00000-0  96125-4 0  9990
2 45421  53.1736 312.5020 0001338 312.5020 312.5020 15.06380699    07
STARLINK-722
1 45422U 19074A   24001.50000000  .00001174  00000-0  96125-4 0  9990
2 45422  53.0458  82.4877 0001338  82.4877  82.4877 15.06380699    07
STARLINK-723
1 45423U 19074A   24001.50000000  .00001174  00000-0  96125-4 0  9990
2 45423  53.0179  32.2871 0001338  32.2871  32.2871 15.06380699    07
STARLINK-724
1 45424U 19074A   24001.50000000  .00001174  00000-0  96125-4 0  9990
2 45424  53.1902 342.2790 0001338 342.2790 342.2790 15.06380699    07
STARLINK-725
1 45425U 19074A   24001.50000000  .00001174  00000-0  96125-4 0  9990
2 45425  53.0614 110.4470 0001338 110.4470 110.4470 15.06380699    07
STARLINK-726
1 45426U 19074A   24001.50000000  .00001174  00000-0  96125-4 0  9990
2 45426  53.0328  59.0178 0001338  59.0178  59.0178 15.06380699    07
STARLINK-727
1 45427U 19074A   24001.50000000  .00001174  00000-0  96125-4 0  9990
2 45427  53.0050   8.9246 0001338   8.9246   8.9246 15.06380699    07
STARLINK-728
1 45428U 19074A   24001.50000000  .00001174  00000-0  96125-4 0  9990
2 45428  53.0762 137.1910 0001338 137.1910 137.1910 15.06380699    07
STARLINK-729
1 45429U 19074A   24001.50000000  .00001174  00000-0  96125-4 0  9990
2 45429  53.1477 265.8590 0001338 265.8590 265.8590 15.06380699    07
STARLINK-730
1 45430U 19074A   24001.50000000  .00001174  00000-0  96125-4 0  9990
2 45430  53.0190  34.2760 0001338  34.2760  34.2760 15.06380699    07
STARLINK-731
1 45431U 19074A   24001.50000000  .00001174  00000-0  96125-4 0  9990
2 45431  53.1926 346.6980 0001338 346.6980 346.6980 15.06380699    07
STARLINK-732
1 45432U 19074A   24001.50000000  .00001174  00000-0  96125-4 0  9990
2 45432  53.0634 114.1700 0001338 114.1700 114.1700 15.06380699    07
STARLINK-733
1 45433U 19074A   24001.50000000  .00001174  00000-0  96125-4 0  9990
2 45433  53.1350 242.9980 0001338 242.9980 242.9980 15.06380699    07
STARLINK-734
1 45434U 19074A   24001.50000000  .00001174  00000-0  96125-4 0  9990
2 45434  53.0064  11.4478 0001338  11.4478  11.4478 15.06380699    07
STARLINK-735
1 45435U 19074A   24001.50000000  .00001174  00000-0  96125-4 0  9990
2 45435  53.1772 318.9710 0001338 318.9710 318.9710 15.06380699    07
STARLINK-736
1 45436U 19074A   24001.50000000  .00001174  00000-0  96125-4 0  9990
2 45436  53.0496  89.3664 0001338  89.3664  89.3664 15.06380699    07
STARLINK-737
1 45437U 19074A   24001.50000000  .00001174  00000-0  96125-4 0  9990
2 45437  53.0208  37.4095 0001338  37.4095  37.4095 15.06380699    07
STARLINK-738
1 45438U 19074A   24001.50000000  .00001174  00000-0  96125-4 0  9990
2 45438  53.1931 347.5990 0001338 347.5990 347.5990 15.06380699    07
STARLINK-739
1 45439U 19074A   24001.50000000  .00001174  00000-0  96125-4 0  9990
2 45439  53.1644 295.9750 0001338 295.9750 295.9750 15.06380699    07
STARLINK-740
1 45440U 19074A   24001.50000000  .00001174  00000-0  96125-4 0  9990
2 45440  53.1362 245.2080 0001338 245.2080 245.2080 15.06380699    07
STARLINK-741
1 45441U 19074A   24001.50000000  .00001174  00000-0  96125-4 0  9990
2 45441  53.1076 193.7160 0001338 193.7160 193.7160 15.06380699    07
STARLINK-742
1 45442U 19074A   24001.50000000  .00001174  00000-0  96125-4 0  9990
2 45442  53.0796 143.2520 0001338 143.2520 143.2520 15.06380699    07
STARLINK-743
1 45443U 19074A   24001.50000000  .00001174  00000-0  96125-4 0  9990
2 45443  53.1503 270.5040 0001338 270.5040 270.5040 15.06380699    07
STARLINK-744
1 45444U 19074A   24001.50000000  .00001174  00000-0  96125-4 0  9990
2 45444  53.1236 222.5550 0001338 222.5550 222.5550 15.06380699    07
STARLINK-745
1 45445U 19074A   24001.50000000  .00001174  00000-0  96125-4 0  9990
2 45445  53.1944 349.9930 0001338 349.9930 349.9930 15.06380699    07
STARLINK-746
1 45446U 19074A   24001.50000000  .00001174  00000-0  96125-4 0  9990
2 45446  53.0670 120.5890 0001338 120.5890 120.5890 15.06380699    07
STARLINK-747
1 45447U 19074A   24001.50000000  .00001174  00000-0  96125-4 0  9990
2 45447  53.0382  68.8297 0001338  68.8297  68.8297 15.06380699    07
STARLINK-748
1 45448U 19074A   24001.50000000  .00001174  00000-0  96125-4 0  9990
2 45448  53.0100  18.0470 0001338  18.0470  18.0470 15.06380699    07
STARLINK-749
1 45449U 19074A   24001.50000000  .00001174  00000-0  96125-4 0  9990
2 45449  53.0818 147.3060 0001338 147.3060 147.3060 15.06380699    07
STARLINK-750
1 45450U 19074A   24001.50000000  .00001174  00000-0  96125-4 0  9990
2 45450  53.0533  95.9493 0001338  95.9493  95.9493 15.06380699    07
STARLINK-751
1 45451U 19074A   24001.50000000  .00001174  00000-0  96125-4 0  9990
2 45451  53.0251  45.2609 0001338  45.2609  45.2609 15.06380699    07
STARLINK-752
1 45452U 19074A   24001.50000000  .00001174  00000-0  96125-4 0  9990
2 45452  53.0957 172.2820 0001338 172.2820 172.2820 15.06380699    07
STARLINK-753
1 45453U 19074A   24001.50000000  .00001174  00000-0  96125-4 0  9990
2 45453  53.0681 122.6240 0001338 122.6240 122.6240 15.06380699    07
STARLINK-754
1 45454U 19074A   24001.50000000  .00001174  00000-0  96125-4 0  9990
2 45454  53.0401  72.2143 0001338  72.2143  72.2143 15.06380699    07
STARLINK-755
1 45455U 19074A   24001.50000000  .00001174  00000-0  96125-4 0  9990
2 45455  53.0116  20.9549 0001338  20.9549  20.9549 15.06380699    07
STARLINK-756
1 45456U 19074A   24001.50000000  .00001174  00000-0  96125-4 0  9990
2 45456  53.0831 149.6440 0001338 149.6440 149.6440 15.06380699    07
STARLINK-757
1 45457U 19074A   24001.50000000  .00001174  00000-0  96125-4 0  9990
2 45457  53.0548  98.5658 0001338  98.5658  98.5658 15.06380699    07
STARLINK-758
1 45458U 19074A   24001.50000000  .00001174  00000-0  96125-4 0  9990
2 45458  53.1253 225.5020 0001338 225.5020 225.5020 15.06380699    07
STARLINK-759
1 45459U 19074A   24001.50000000  .00001174  00000-0  96125-4 0  9990
2 45459  53.1988 357.8820 0001338 357.8820 357.8820 15.06380699    07
STARLINK-760
1 45460U 19074A   24001.50000000  .00001174  00000-0  96125-4 0  9990
2 45460  53.1695 305.0270 0001338 305.0270 305.0270 15.06380699    07
STARLINK-761
1 45461U 19074A   24001.50000000  .00001174  00000-0  96125-4 0  9990
2 45461  53.1417 255.0000 0001338 255.0000 255.0000 15.06380699    07
STARLINK-762
1 45462U 19074A   24001.50000000  .00001174  00000-0  96125-4 0  9990
2 45462  53.1128 202.9620 0001338 202.9620 202.9620 15.06380699    07
STARLINK-763
1 45463U 19074A   24001.50000000  .00001174  00000-0  96125-4 0  9990
2 45463  53.1852 333.4020 0001338 333.4020 333.4020 15.06380699    07
STARLINK-764
1 45464U 19074A   24001.50000000  .00001174  00000-0  96125-4 0  9990
2 45464  53.1558 280.5130 0001338 280.5130 280.5130 15.06380699    07
STARLINK-765
1 45465U 19074A   24001.50000000  .00001174  00000-0  96125-4 0  9990
2 45465  53.0284  51.1336 0001338  51.1336  51.1336 15.06380699    07
STARLINK-766
1 45466U 19074A   24001.50000000  .00001174  00000-0  96125-4 0  9990
2 45466  53.1996 359.3330 0001338 359.3330 359.3330 15.06380699    07
STARLINK-767
1 45467U 19074A   24001.50000000  .00001174  00000-0  96125-4 0  9990
2 45467  53.1716 308.9440 0001338 308.9440 308.9440 15.06380699    07
STARLINK-768
1 45468U 19074A   24001.50000000  .00001174  00000-0  96125-4 0  9990
2 45468  53.0439  78.9862 0001338  78.9862  78.9862 15.06380699    07
STARLINK-769
1 45469U 19074A   24001.50000000  .00001174  00000-0  96125-4 0  9990
2 45469  53.1156 208.1300 0001338 208.1300 208.1300 15.06380699    07
STARLINK-770
1 45470U 19074A   24001.50000000  .00001174  00000-0  96125-4 0  9990
2 45470  53.0864 155.5970 0001338 155.5970 155.5970 15.06380699    07
STARLINK-771
1 45471U 19074A   24001.50000000  .00001174  00000-0  96125-4 0  9990
2 45471  53.1579 284.1470 0001338 284.1470 284.1470 15.06380699    07
STARLINK-772
1 45472U 19074A   24001.50000000  .00001174  00000-0  96125-4 0  9990
2 45472  53.0305  54.9482 0001338  54.9482  54.9482 15.06380699    07
STARLINK-773
1 45473U 19074A   24001.50000000  .00001174  00000-0  96125-4 0  9990
2 45473  53.0021   3.7628 0001338   3.7628   3.7628 15.06380699    07
STARLINK-774
1 45474U 19074A   24001.50000000  .00001174  00000-0  96125-4 0  9990
2 45474  53.1726 310.7110 0001338 310.7110 310.7110 15.06380699    07
STARLINK-775
1 45475U 19074A   24001.50000000  .00001174  00000-0  96125-4 0  9990
2 45475  53.1447 260.4330 0001338 260.4330 260.4330 15.06380699    07
STARLINK-776
1 45476U 19074A   24001.50000000  .00001174  00000-0  96125-4 0  9990
2 45476  53.0165  29.7121 0001338  29.7121  29.7121 15.06380699    07
STARLINK-777
1 45477U 19074A   24001.50000000  .00001174  00000-0  96125-4 0  9990
2 45477  53.0882 158.8160 0001338 158.8160 158.8160 15.06380699    07
STARLINK-778
1 45478U 19074A   24001.50000000  .00001174  00000-0  96125-4 0  9990
2 45478  53.1601 288.2060 0001338 288.2060 288.2060 15.06380699    07
STARLINK-779
1 45479U 19074A   24001.50000000  .00001174  00000-0  96125-4 0  9990
2 45479  53.1317 237.0070 0001338 237.0070 237.0070 15.06380699    07
STARLINK-780
1 45480U 19074A   24001.50000000  .00001174  00000-0  96125-4 0  9990
2 45480  53.0037   6.6354 0001338   6.6354   6.6354 15.06380699    07
STARLINK-781
1 45481U 19074A   24001.50000000  .00001174  00000-0  96125-4 0  9990
2 45481  53.1753 315.6040 0001338 315.6040 315.6040 15.06380699    07
STARLINK-782
1 45482U 19074A   24001.50000000  .00001174  00000-0  96125-4 0  9990
2 45482  53.1462 263.1860 0001338 263.1860 263.1860 15.06380699    07
STARLINK-783
1 45483U 19074A   24001.50000000  .00001174  00000-0  96125-4 0  9990
2 45483  53.0181  32.5887 0001338  32.5887  32.5887 15.06380699    07
STARLINK-784
1 45484U 19074A   24001.50000000  .00001174  00000-0  96125-4 0  9990
2 45484  53.0902 162.4340 0001338 162.4340 162.4340 15.06380699    07
STARLINK-785
1 45485U 19074A   24001.50000000  .00001174  00000-0  96125-4 0  9990
2 45485  53.0620 111.5630 0001338 111.5630 111.5630 15.06380699    07
STARLINK-786
1 45486U 19074A   24001.50000000  .00001174  00000-0  96125-4 0  9990
2 45486  53.1335 240.3160 0001338 240.3160 240.3160 15.06380699    07
STARLINK-787
1 45487U 19074A   24001.50000000  .00001174  00000-0  96125-4 0  9990
2 45487  53.1049 188.7540 0001338 188.7540 188.7540 15.06380699    07
STARLINK-788
1 45488U 19074A   24001.50000000  .00001174  00000-0  96125-4 0  9990
2 45488  53.1773 319.0540 0001338 319.0540 319.0540 15.06380699    07
STARLINK-789
1 45489U 19074A   24001.50000000  .00001174  00000-0  96125-4 0  9990
2 45489  53.0481  86.4917 0001338  86.4917  86.4917 15.06380699    07
STARLINK-790
1 45490U 19074A   24001.50000000  .00001174  00000-0  96125-4 0  9990
2 45490  53.0197  35.4259 0001338  35.4259  35.4259 15.06380699    07
STARLINK-791
1 45491U 19074A   24001.50000000  .00001174  00000-0  96125-4 0  9990
2 45491  53.1921 345.7310 0001338 345.7310 345.7310 15.06380699    07
STARLINK-792
1 45492U 19074A   24001.50000000  .00001174  00000-0  96125-4 0  9990
2 45492  53.1640 295.2880 0001338 295.2880 295.2880 15.06380699    07
STARLINK-793
1 45493U 19074A   24001.50000000  .00001174  00000-0  96125-4 0  9990
2 45493  53.1358 244.4330 0001338 244.4330 244.4330 15.06380699    07
STARLINK-794
1 45494U 19074A   24001.50000000  .00001174  00000-0  96125-4 0  9990
2 45494  53.0072  12.9821 0001338  12.9821  12.9821 15.06380699    07
STARLINK-795
1 45495U 19074A   24001.50000000  .00001174  00000-0  96125-4 0  9990
2 45495  53.0785 141.2770 0001338 141.2770 141.2770 15.06380699    07
STARLINK-796
1 45496U 19074A   24001.50000000  .00001174  00000-0  96125-4 0  9990
2 45496  53.1511 271.9190 0001338 271.9190 271.9190 15.06380699    07
STARLINK-797
1 45497U 19074A   24001.50000000  .00001174  00000-0  96125-4 0  9990
2 45497  53.1218 219.2970 0001338 219.2970 219.2970 15.06380699    07
STARLINK-798
1 45498U 19074A   24001.50000000  .00001174  00000-0  96125-4 0  9990
2 45498  53.1936 348.4240 0001338 348.4240 348.4240 15.06380699    07
STARLINK-799
1 45499U 19074A   24001.50000000  .00001174  00000-0  96125-4 0  9990
2 45499  53.0651 117.1000 0001338 117.1000 117.1000 15.06380699    07
STARLINK-800
1 45500U 19074A   24001.50000000  .00001174  00000-0  96125-4 0  9990
2 45500  53.1366 245.8270 0001338 245.8270 245.8270 15.06380699    07
STARLINK-801
1 45501U 19074A   24001.50000000  .00001174  00000-0  96125-4 0  9990
2 45501  53.1091 196.4020 0001338 196.4020 196.4020 15.06380699    07
STARLINK-802
1 45502U 19074A   24001.50000000  .00001174  00000-0  96125-4 0  9990
2 45502  53.0793 142.7260 0001338 142.7260 142.7260 15.06380699    07
STARLINK-803
1 45503U 19074A   24001.50000000  .00001174  00000-0  96125-4 0  9990
2 45503  53.1516 272.9350 0001338 272.9350 272.9350 15.06380699    07
STARLINK-804
1 45504U 19074A   24001.50000000  .00001174  00000-0  96125-4 0  9990
2 45504  53.0235  42.3535 0001338  42.3535  42.3535 15.06380699    07
STARLINK-805
1 45505U 19074A   24001.50000000  .00001174  00000-0  96125-4 0  9990
2 45505  53.0955 171.8650 0001338 171.8650 171.8650 15.06380699    07
STARLINK-806
1 45506U 19074A   24001.50000000  .00001174  00000-0  96125-4 0  9990
2 45506  53.1674 301.4050 0001338 301.4050 301.4050 15.06380699    07
STARLINK-807
1 45507U 19074A   24001.50000000  .00001174  00000-0  96125-4 0  9990
2 45507  53.1385 249.2580 0001338 249.2580 249.2580 15.06380699    07
STARLINK-808
1 45508U 19074A   24001.50000000  .00001174  00000-0  96125-4 0  9990
2 45508  53.1100 198.0060 0001338 198.0060 198.0060 15.06380699    07
STARLINK-809
1 45509U 19074A   24001.50000000  .00001174  00000-0  96125-4 0  9990
2 45509  53.0835 150.2840 0001338 150.2840 150.2840 15.06380699    07
STARLINK-810
1 45510U 19074A   24001.50000000  .00001174  00000-0  96125-4 0  9990
2 45510  53.0547  98.5313 0001338  98.5313  98.5313 15.06380699    07
STARLINK-811
1 45511U 19074A   24001.50000000  .00001174  00000-0  96125-4 0  9990
2 45511  53.0252  45.3948 0001338  45.3948  45.3948 15.06380699    07
STARLINK-812
1 45512U 19074A   24001.50000000  .00001174  00000-0  96125-4 0  9990
2 45512  53.0967 174.0180 0001338 174.0180 174.0180 15.06380699    07
STARLINK-813
1 45513U 19074A   24001.50000000  .00001174  00000-0  96125-4 0  9990
2 45513  53.0688 123.7740 0001338 123.7740 123.7740 15.06380699    07
STARLINK-814
1 45514U 19074A   24001.50000000  .00001174  00000-0  96125-4 0  9990
2 45514  53.1410 253.8340 0001338 253.8340 253.8340 15.06380699    07
STARLINK-815
1 45515U 19074A   24001.50000000  .00001174  00000-0  96125-4 0  9990
2 45515  53.1120 201.6230 0001338 201.6230 201.6230 15.06380699    07
STARLINK-816
1 45516U 19074A   24001.50000000  .00001174  00000-0  96125-4 0  9990
2 45516  53.0837 150.5720 0001338 150.5720 150.5720 15.06380699    07
STARLINK-817
1 45517U 19074A   24001.50000000  .00001174  00000-0  96125-4 0  9990
2 45517  53.1553 279.5890 0001338 279.5890 279.5890 15.06380699    07
STARLINK-818
1 45518U 19074A   24001.50000000  .00001174  00000-0  96125-4 0  9990
2 45518  53.1274 229.4020 0001338 229.4020 229.4020 15.06380699    07
STARLINK-819
1 45519U 19074A   24001.50000000  .00001174  00000-0  96125-4 0  9990
2 45519  53.1986 357.5570 0001338 357.5570 357.5570 15.06380699    07
STARLINK-820
1 45520U 19074A   24001.50000000  .00001174  00000-0  96125-4 0  9990
2 45520  53.1704 306.6840 0001338 306.6840 306.6840 15.06380699    07
STARLINK-821
1 45521U 19074A   24001.50000000  .00001174  00000-0  96125-4 0  9990
2 45521  53.0414  74.4633 0001338  74.4633  74.4633 15.06380699    07
STARLINK-822
1 45522U 19074A   24001.50000000  .00001174  00000-0  96125-4 0  9990
2 45522  53.0143  25.6611 0001338  25.6611  25.6611 15.06380699    07
STARLINK-823
1 45523U 19074A   24001.50000000  .00001174  00000-0  96125-4 0  9990
2 45523  53.0854 153.7650 0001338 153.7650 153.7650 15.06380699    07
STARLINK-824
1 45524U 19074A   24001.50000000  .00001174  00000-0  96125-4 0  9990
2 45524  53.1570 282.6770 0001338 282.6770 282.6770 15.06380699    07
STARLINK-825
1 45525U 19074A   24001.50000000  .00001174  00000-0  96125-4 0  9990
2 45525  53.0294  52.8306 0001338  52.8306  52.8306 15.06380699    07
STARLINK-826
1 45526U 19074A   24001.50000000  .00001174  00000-0  96125-4 0  9990
2 45526  53.1008 181.3940 0001338 181.3940 181.3940 15.06380699    07
STARLINK-827
1 45527U 19074A   24001.50000000  .00001174  00000-0  96125-4 0  9990
2 45527  53.0722 129.8800 0001338 129.8800 129.8800 15.06380699    07
STARLINK-828
1 45528U 19074A   24001.50000000  .00001174  00000-0  96125-4 0  9990
2 45528  53.1438 258.7630 0001338 258.7630 258.7630 15.06380699    07
STARLINK-829
1 45529U 19074A   24001.50000000  .00001174  00000-0  96125-4 0  9990
2 45529  53.1156 208.1480 0001338 208.1480 208.1480 15.06380699    07
STARLINK-830
1 45530U 19074A   24001.50000000  .00001174  00000-0  96125-4 0  9990
2 45530  53.0877 157.9060 0001338 157.9060 157.9060 15.06380699    07
STARLINK-831
1 45531U 19074A   24001.50000000  .00001174  00000-0  96125-4 0  9990
2 45531  53.0586 105.5520 0001338 105.5520 105.5520 15.06380699    07
STARLINK-832
1 45532U 19074A   24001.50000000  .00001174  00000-0  96125-4 0  9990
2 45532  53.1315 236.6800 0001338 236.6800 236.6800 15.06380699    07
STARLINK-833
1 45533U 19074A   24001.50000000  .00001174  00000-0  96125-4 0  9990
2 45533  53.1025 184.5440 0001338 184.5440 184.5440 15.06380699    07
STARLINK-834
1 45534U 19074A   24001.50000000  .00001174  00000-0  96125-4 0  9990
2 45534  53.0740 133.1510 0001338 133.1510 133.1510 15.06380699    07
STARLINK-835
1 45535U 19074A   24001.50000000  .00001174  00000-0  96125-4 0  9990
2 45535  53.0446  80.2603 0001338  80.2603  80.2603 15.06380699    07
STARLINK-836
1 45536U 19074A   24001.50000000  .00001174  00000-0  96125-4 0  9990
2 45536  53.0171  30.7537 0001338  30.7537  30.7537 15.06380699    07
STARLINK-837
1 45537U 19074A   24001.50000000  .00001174  00000-0  96125-4 0  9990
2 45537  53.0885 159.2790 0001338 159.2790 159.2790 15.06380699    07
STARLINK-838
1 45538U 19074A   24001.50000000  .00001174  00000-0  96125-4 0  9990
2 45538  53.1611 289.9120 0001338 289.9120 289.9120 15.06380699    07
STARLINK-839
1 45539U 19074A   24001.50000000  .00001174  00000-0  96125-4 0  9990
2 45539  53.1318 237.2130 0001338 237.2130 237.2130 15.06380699    07
STARLINK-840
1 45540U 19074A   24001.50000000  .00001174  00000-0  96125-4 0  9990
2 45540  53.0041   7.2924 0001338   7.2924   7.2924 15.06380699    07
STARLINK-841
1 45541U 19074A   24001.50000000  .00001174  00000-0  96125-4 0  9990
2 45541  53.0757 136.2880 0001338 136.2880 136.2880 15.06380699    07
STARLINK-842
1 45542U 19074A   24001.50000000  .00001174  00000-0  96125-4 0  9990
2 45542  53.0478  86.0221 0001338  86.0221  86.0221 15.06380699    07
STARLINK-843
1 45543U 19074A   24001.50000000  .00001174  00000-0  96125-4 0  9990
2 45543  53.1184 213.1480 0001338 213.1480 213.1480 15.06380699    07
STARLINK-844
1 45544U 19074A   24001.50000000  .00001174  00000-0  96125-4 0  9990
2 45544  53.0908 163.4560 0001338 163.4560 163.4560 15.06380699    07
STARLINK-845
1 45545U 19074A   24001.50000000  .00001174  00000-0  96125-4 0  9990
2 45545  53.1630 293.3210 0001338 293.3210 293.3210 15.06380699    07
STARLINK-846
1 45546U 19074A   24001.50000000  .00001174  00000-0  96125-4 0  9990
2 45546  53.0345  62.1717 0001338  62.1717  62.1717 15.06380699    07
STARLINK-847
1 45547U 19074A   24001.50000000  .00001174  00000-0  96125-4 0  9990
2 45547  53.1047 188.4570 0001338 188.4570 188.4570 15.06380699    07
STARLINK-848
1 45548U 19074A   24001.50000000  .00001174  00000-0  96125-4 0  9990
2 45548  53.1771 318.7460 0001338 318.7460 318.7460 15.06380699    07
STARLINK-849
1 45549U 19074A   24001.50000000  .00001174  00000-0  96125-4 0  9990
2 45549  53.0486  87.4829 0001338  87.4829  87.4829 15.06380699    07
STARLINK-850
1 45550U 19074A   24001.50000000  .00001174  00000-0  96125-4 0  9990
2 45550  53.1204 216.6650 0001338 216.6650 216.6650 15.06380699    07
STARLINK-851
1 45551U 19074A   24001.50000000  .00001174  00000-0  96125-4 0  9990
2 45551  53.0936 168.4170 0001338 168.4170 168.4170 15.06380699    07
STARLINK-852
1 45552U 19074A   24001.50000000  .00001174  00000-0  96125-4 0  9990
2 45552  53.1635 294.3610 0001338 294.3610 294.3610 15.06380699    07
STARLINK-853
1 45553U 19074A   24001.50000000  .00001174  00000-0  96125-4 0  9990
2 45553  53.0363  65.3853 0001338  65.3853  65.3853 15.06380699    07
STARLINK-854
1 45554U 19074A   24001.50000000  .00001174  00000-0  96125-4 0  9990
2 45554  53.0073  13.2052 0001338  13.2052  13.2052 15.06380699    07
STARLINK-855
1 45555U 19074A   24001.50000000  .00001174  00000-0  96125-4 0  9990
2 45555  53.1797 323.3730 0001338 323.3730 323.3730 15.06380699    07
STARLINK-856
1 45556U 19074A   24001.50000000  .00001174  00000-0  96125-4 0  9990
2 45556  53.0512  92.1847 0001338  92.1847  92.1847 15.06380699    07
STARLINK-857
1 45557U 19074A   24001.50000000  .00001174  00000-0  96125-4 0  9990
2 45557  53.0227  40.8612 0001338  40.8612  40.8612 15.06380699    07
STARLINK-858
1 45558U 19074A   24001.50000000  .00001174  00000-0  96125-4 0  9990
2 45558  53.1936 348.5310 0001338 348.5310 348.5310 15.06380699    07
STARLINK-859
1 45559U 19074A   24001.50000000  .00001174  00000-0  96125-4 0  9990
2 45559  53.0655 117.9850 0001338 117.9850 117.9850 15.06380699    07
STARLINK-860
1 45560U 19074A   24001.50000000  .00001174  00000-0  96125-4 0  9990
2 45560  53.0374  67.2970 0001338  67.2970  67.2970 15.06380699    07
STARLINK-861
1 45561U 19074A   24001.50000000  .00001174  00000-0  96125-4 0  9990
2 45561  53.1093 196.7190 0001338 196.7190 196.7190 15.06380699    07
STARLINK-862
1 45562U 19074A   24001.50000000  .00001174  00000-0  96125-4 0  9990
2 45562  53.1808 325.5230 0001338 325.5230 325.5230 15.06380699    07
STARLINK-863
1 45563U 19074A   24001.50000000  .00001174  00000-0  96125-4 0  9990
2 45563  53.0524  94.3895 0001338  94.3895  94.3895 15.06380699    07
STARLINK-864
1 45564U 19074A   24001.50000000  .00001174  00000-0  96125-4 0  9990
2 45564  53.1236 222.4230 0001338 222.4230 222.4230 15.06380699    07
STARLINK-865
1 45565U 19074A   24001.50000000  .00001174  00000-0  96125-4 0  9990
2 45565  53.1953 351.5460 0001338 351.5460 351.5460 15.06380699    07
STARLINK-866
1 45566U 19074A   24001.50000000  .00001174  00000-0  96125-4 0  9990
2 45566  53.1674 301.3490 0001338 301.3490 301.3490 15.06380699    07
STARLINK-867
1 45567U 19074A   24001.50000000  .00001174  00000-0  96125-4 0  9990
2 45567  53.0386  69.5071 0001338  69.5071  69.5071 15.06380699    07
STARLINK-868
1 45568U 19074A   24001.50000000  .00001174  00000-0  96125-4 0  9990
2 45568  53.0111  20.0232 0001338  20.0232  20.0232 15.06380699    07
STARLINK-869
1 45569U 19074A   24001.50000000  .00001174  00000-0  96125-4 0  9990
2 45569  53.1827 328.9260 0001338 328.9260 328.9260 15.06380699    07
STARLINK-870
1 45570U 19074A   24001.50000000  .00001174  00000-0  96125-4 0  9990
2 45570  53.0540  97.2147 0001338  97.2147  97.2147 15.06380699    07
STARLINK-871
1 45571U 19074A   24001.50000000  .00001174  00000-0  96125-4 0  9990
2 45571  53.0262  47.1035 0001338  47.1035  47.1035 15.06380699    07
STARLINK-872
1 45572U 19074A   24001.50000000  .00001174  00000-0  96125-4 0  9990
2 45572  53.0970 174.5350 0001338 174.5350 174.5350 15.06380699    07
STARLINK-873
1 45573U 19074A   24001.50000000  .00001174  00000-0  96125-4 0  9990
2 45573  53.0695 125.1590 0001338 125.1590 125.1590 15.06380699    07
STARLINK-874
1 45574U 19074A   24001.50000000  .00001174  00000-0  96125-4 0  9990
2 45574  53.1405 252.8750 0001338 252.8750 252.8750 15.06380699    07
STARLINK-875
1 45575U 19074A   24001.50000000  .00001174  00000-0  96125-4 0  9990
2 45575  53.0135  24.3247 0001338  24.3247  24.3247 15.06380699    07
STARLINK-876
1 45576U 19074A   24001.50000000  .00001174  00000-0  96125-4 0  9990
2 45576  53.1837 330.6490 0001338 330.6490 330.6490 15.06380699    07
STARLINK-877
1 45577U 19074A   24001.50000000  .00001174  00000-0  96125-4 0  9990
2 45577  53.1562 281.2250 0001338 281.2250 281.2250 15.06380699    07
STARLINK-878
1 45578U 19074A   24001.50000000  .00001174  00000-0  96125-4 0  9990
2 45578  53.1277 229.7970 0001338 229.7970 229.7970 15.06380699    07
STARLINK-879
1 45579U 19074A   24001.50000000  .00001174  00000-0  96125-4 0  9990
2 45579  53.0995 179.0660 0001338 179.0660 179.0660 15.06380699    07
STARLINK-880
1 45580U 19074A   24001.50000000  .00001174  00000-0  96125-4 0  9990
2 45580  53.0707 127.2960 0001338 127.2960 127.2960 15.06380699    07
STARLINK-881
1 45581U 19074A   24001.50000000  .00001174  00000-0  96125-4 0  9990
2 45581  53.0427  76.8007 0001338  76.8007  76.8007 15.06380699    07
STARLINK-882
1 45582U 19074A   24001.50000000  .00001174  00000-0  96125-4 0  9990
2 45582  53.0148  26.7068 0001338  26.7068  26.7068 15.06380699    07
STARLINK-883
1 45583U 19074A   24001.50000000  .00001174  00000-0  96125-4 0  9990
2 45583  53.1862 335.1010 0001338 335.1010 335.1010 15.06380699    07
STARLINK-884
1 45584U 19074A   24001.50000000  .00001174  00000-0  96125-4 0  9990
2 45584  53.1580 284.3720 0001338 284.3720 284.3720 15.06380699    07
STARLINK-885
1 45585U 19074A   24001.50000000  .00001174  00000-0  96125-4 0  9990
2 45585  53.0289  51.9826 0001338  51.9826  51.9826 15.06380699    07
STARLINK-886
1 45586U 19074A   24001.50000000  .00001174  00000-0  96125-4 0  9990
2 45586  53.0009   1.6452 0001338   1.6452   1.6452 15.06380699    07
STARLINK-887
1 45587U 19074A   24001.50000000  .00001174  00000-0  96125-4 0  9990
2 45587  53.1732 311.7380 0001338 311.7380 311.7380 15.06380699    07
STARLINK-888
1 45588U 19074A   24001.50000000  .00001174  00000-0  96125-4 0  9990
2 45588  53.0441  79.3800 0001338  79.3800  79.3800 15.06380699    07
STARLINK-889
1 45589U 19074A   24001.50000000  .00001174  00000-0  96125-4 0  9990
2 45589  53.1146 206.2290 0001338 206.2290 206.2290 15.06380699    07
STARLINK-890
1 45590U 19074A   24001.50000000  .00001174  00000-0  96125-4 0  9990
2 45590  53.1879 338.2770 0001338 338.2770 338.2770 15.06380699    07
STARLINK-891
1 45591U 19074A   24001.50000000  .00001174  00000-0  96125-4 0  9990
2 45591  53.1586 285.5370 0001338 285.5370 285.5370 15.06380699    07
STARLINK-892
1 45592U 19074A   24001.50000000  .00001174  00000-0  96125-4 0  9990
2 45592  53.1310 235.7290 0001338 235.7290 235.7290 15.06380699    07
STARLINK-893
1 45593U 19074A   24001.50000000  .00001174  00000-0  96125-4 0  9990
2 45593  53.1025 184.5530 0001338 184.5530 184.5530 15.06380699    07
STARLINK-894
1 45594U 19074A   24001.50000000  .00001174  00000-0  96125-4 0  9990
2 45594  53.0742 133.5370 0001338 133.5370 133.5370 15.06380699    07
STARLINK-895
1 45595U 19074A   24001.50000000  .00001174  00000-0  96125-4 0  9990
2 45595  53.1456 262.0110 0001338 262.0110 262.0110 15.06380699    07
STARLINK-896
1 45596U 19074A   24001.50000000  .00001174  00000-0  96125-4 0  9990
2 45596  53.1179 212.1390 0001338 212.1390 212.1390 15.06380699    07
STARLINK-897
1 45597U 19074A   24001.50000000  .00001174  00000-0  96125-4 0  9990
2 45597  53.1893 340.6870 0001338 340.6870 340.6870 15.06380699    07
STARLINK-898
1 45598U 19074A   24001.50000000  .00001174  00000-0  96125-4 0  9990
2 45598  53.1615 290.7540 0001338 290.7540 290.7540 15.06380699    07
STARLINK-899
1 45599U 19074A   24001.50000000  .00001174  00000-0  96125-4 0  9990
2 45599  53.0330  59.4726 0001338  59.4726  59.4726 15.06380699    07
STARLINK-900
1 45600U 19074A   24001.50000000  .00001174  00000-0  96125-4 0  9990
2 45600  53.1054 189.6790 0001338 189.6790 189.6790 15.06380699    07
STARLINK-901
1 45601U 19074A   24001.50000000  .00001174  00000-0  96125-4 0  9990
2 45601  53.0766 137.8610 0001338 137.8610 137.8610 15.06380699    07
STARLINK-902
1 45602U 19074A   24001.50000000  .00001174  00000-0  96125-4 0  9990
2 45602  53.0477  85.7718 0001338  85.7718  85.7718 15.06380699    07
STARLINK-903
1 45603U 19074A   24001.50000000  .00001174  00000-0  96125-4 0  9990
2 45603  53.1207 217.2340 0001338 217.2340 217.2340 15.06380699    07
STARLINK-904
1 45604U 19074A   24001.50000000  .00001174  00000-0  96125-4 0  9990
2 45604  53.0909 163.5660 0001338 163.5660 163.5660 15.06380699    07
STARLINK-905
1 45605U 19074A   24001.50000000  .00001174  00000-0  96125-4 0  9990
2 45605  53.0634 114.0640 0001338 114.0640 114.0640 15.06380699    07
STARLINK-906
1 45606U 19074A   24001.50000000  .00001174  00000-0  96125-4 0  9990
2 45606  53.0344  61.9442 0001338  61.9442  61.9442 15.06380699    07
STARLINK-907
1 45607U 19074A   24001.50000000  .00001174  00000-0  96125-4 0  9990
2 45607  53.1058 190.5020 0001338 190.5020 190.5020 15.06380699    07
STARLINK-908
1 45608U 19074A   24001.50000000  .00001174  00000-0  96125-4 0  9990
2 45608  53.0775 139.5180 0001338 139.5180 139.5180 15.06380699    07
STARLINK-909
1 45609U 19074A   24001.50000000  .00001174  00000-0  96125-4 0  9990
2 45609  53.0495  89.1801 0001338  89.1801  89.1801 15.06380699    07
STARLINK-910
1 45610U 19074A   24001.50000000  .00001174  00000-0  96125-4 0  9990
2 45610  53.1210 217.8410 0001338 217.8410 217.8410 15.06380699    07
STARLINK-911
1 45611U 19074A   24001.50000000  .00001174  00000-0  96125-4 0  9990
2 45611  53.1927 346.8520 0001338 346.8520 346.8520 15.06380699    07
STARLINK-912
1 45612U 19074A   24001.50000000  .00001174  00000-0  96125-4 0  9990
2 45612  53.0644 115.8340 0001338 115.8340 115.8340 15.06380699    07
STARLINK-913
1 45613U 19074A   24001.50000000  .00001174  00000-0  96125-4 0  9990
2 45613  53.1362 245.2350 0001338 245.2350 245.2350 15.06380699    07
STARLINK-914
1 45614U 19074A   24001.50000000  .00001174  00000-0  96125-4 0  9990
2 45614  53.1080 194.3650 0001338 194.3650 194.3650 15.06380699    07
STARLINK-915
1 45615U 19074A   24001.50000000  .00001174  00000-0  96125-4 0  9990
2 45615  53.0802 144.3220 0001338 144.3220 144.3220 15.06380699    07
STARLINK-916
1 45616U 19074A   24001.50000000  .00001174  00000-0  96125-4 0  9990
2 45616  53.1526 274.6120 0001338 274.6120 274.6120 15.06380699    07
STARLINK-917
1 45617U 19074A   24001.50000000  .00001174  00000-0  96125-4 0  9990
2 45617  53.0225  40.5563 0001338  40.5563  40.5563 15.06380699    07
STARLINK-918
1 45618U 19074A   24001.50000000  .00001174  00000-0  96125-4 0  9990
2 45618  53.1956 351.9970 0001338 351.9970 351.9970 15.06380699    07
STARLINK-919
1 45619U 19074A   24001.50000000  .00001174  00000-0  96125-4 0  9990
2 45619  53.1665 299.6580 0001338 299.6580 299.6580 15.06380699    07
STARLINK-920
1 45620U 19074A   24001.50000000  .00001174  00000-0  96125-4 0  9990
2 45620  53.0380  68.4459 0001338  68.4459  68.4459 15.06380699    07
STARLINK-921
1 45621U 19074A   24001.50000000  .00001174  00000-0  96125-4 0  9990
2 45621  53.0098  17.6004 0001338  17.6004  17.6004 15.06380699    07
STARLINK-922
1 45622U 19074A   24001.50000000  .00001174  00000-0  96125-4 0  9990
2 45622  53.1809 325.6580 0001338 325.6580 325.6580 15.06380699    07
STARLINK-923
1 45623U 19074A   24001.50000000  .00001174  00000-0  96125-4 0  9990
2 45623  53.0526  94.6646 0001338  94.6646  94.6646 15.06380699    07
STARLINK-924
1 45624U 19074A   24001.50000000  .00001174  00000-0  96125-4 0  9990
2 45624  53.1246 224.2630 0001338 224.2630 224.2630 15.06380699    07
STARLINK-925
1 45625U 19074A   24001.50000000  .00001174  00000-0  96125-4 0  9990
2 45625  53.0956 172.1340 0001338 172.1340 172.1340 15.06380699    07
STARLINK-926
1 45626U 19074A   24001.50000000  .00001174  00000-0  96125-4 0  9990
2 45626  53.1679 302.1730 0001338 302.1730 302.1730 15.06380699    07
STARLINK-927
1 45627U 19074A   24001.50000000  .00001174  00000-0  96125-4 0  9990
2 45627  53.1399 251.7540 0001338 251.7540 251.7540 15.06380699    07
STARLINK-928
1 45628U 19074A   24001.50000000  .00001174  00000-0  96125-4 0  9990
2 45628  53.0121  21.7692 0001338  21.7692  21.7692 15.06380699    07
STARLINK-929
1 45629U 19074A   24001.50000000  .00001174  00000-0  96125-4 0  9990
2 45629  53.0836 150.4970 0001338 150.4970 150.4970 15.06380699    07
STARLINK-930
1 45630U 19074A   24001.50000000  .00001174  00000-0  96125-4 0  9990
2 45630  53.0547  98.5227 0001338  98.5227  98.5227 15.06380699    07
STARLINK-931
1 45631U 19074A   24001.50000000  .00001174  00000-0  96125-4 0  9990
2 45631  53.1269 228.3590 0001338 228.3590 228.3590 15.06380699    07
STARLINK-932
1 45632U 19074A   24001.50000000  .00001174  00000-0  96125-4 0  9990
2 45632  53.1990 358.1500 0001338 358.1500 358.1500 15.06380699    07
STARLINK-933
1 45633U 19074A   24001.50000000  .00001174  00000-0  96125-4 0  9990
2 45633  53.0695 125.1450 0001338 125.1450 125.1450 15.06380699    07
STARLINK-934
1 45634U 19074A   24001.50000000  .00001174  00000-0  96125-4 0  9990
2 45634  53.0416  74.9647 0001338  74.9647  74.9647 15.06380699    07
STARLINK-935
1 45635U 19074A   24001.50000000  .00001174  00000-0  96125-4 0  9990
2 45635  53.1123 202.1520 0001338 202.1520 202.1520 15.06380699    07
STARLINK-936
1 45636U 19074A   24001.50000000  .00001174  00000-0  96125-4 0  9990
2 45636  53.1850 333.0820 0001338 333.0820 333.0820 15.06380699    07
STARLINK-937
1 45637U 19074A   24001.50000000  .00001174  00000-0  96125-4 0  9990
2 45637  53.1573 283.1710 0001338 283.1710 283.1710 15.06380699    07
STARLINK-938
1 45638U 19074A   24001.50000000  .00001174  00000-0  96125-4 0  9990
2 45638  53.1285 231.2650 0001338 231.2650 231.2650 15.06380699    07
STARLINK-939
1 45639U 19074A   24001.50000000  .00001174  00000-0  96125-4 0  9990
2 45639  53.1002 180.3880 0001338 180.3880 180.3880 15.06380699    07
STARLINK-940
1 45640U 19074A   24001.50000000  .00001174  00000-0  96125-4 0  9990
2 45640  53.1719 309.4800 0001338 309.4800 309.4800 15.06380699    07
STARLINK-941
1 45641U 19074A   24001.50000000  .00001174  00000-0  96125-4 0  9990
2 45641  53.1435 258.2540 0001338 258.2540 258.2540 15.06380699    07
STARLINK-942
1 45642U 19074A   24001.50000000  .00001174  00000-0  96125-4 0  9990
2 45642  53.0147  26.3829 0001338  26.3829  26.3829 15.06380699    07
STARLINK-943
1 45643U 19074A   24001.50000000  .00001174  00000-0  96125-4 0  9990
2 45643  53.1867 335.9740 0001338 335.9740 335.9740 15.06380699    07
STARLINK-944
1 45644U 19074A   24001.50000000  .00001174  00000-0  96125-4 0  9990
2 45644  53.0584 105.1500 0001338 105.1500 105.1500 15.06380699    07
STARLINK-945
1 45645U 19074A   24001.50000000  .00001174  00000-0  96125-4 0  9990
2 45645  53.1301 234.2080 0001338 234.2080 234.2080 15.06380699    07
STARLINK-946
1 45646U 19074A   24001.50000000  .00001174  00000-0  96125-4 0  9990
2 45646  53.1015 182.6520 0001338 182.6520 182.6520 15.06380699    07
STARLINK-947
1 45647U 19074A   24001.50000000  .00001174  00000-0  96125-4 0  9990
2 45647  53.1736 312.4090 0001338 312.4090 312.4090 15.06380699    07
STARLINK-948
1 45648U 19074A   24001.50000000  .00001174  00000-0  96125-4 0  9990
2 45648  53.0450  81.0757 0001338  81.0757  81.0757 15.06380699    07
STARLINK-949
1 45649U 19074A   24001.50000000  .00001174  00000-0  96125-4 0  9990
2 45649  53.0163  29.3610 0001338  29.3610  29.3610 15.06380699    07
STARLINK-950
1 45650U 19074A   24001.50000000  .00001174  00000-0  96125-4 0  9990
2 45650  53.1880 338.3700 0001338 338.3700 338.3700 15.06380699    07
STARLINK-951
1 45651U 19074A   24001.50000000  .00001174  00000-0  96125-4 0  9990
2 45651  53.1600 288.0500 0001338 288.0500 288.0500 15.06380699    07
STARLINK-952
1 45652U 19074A   24001.50000000  .00001174  00000-0  96125-4 0  9990
2 45652  53.0317  57.1328 0001338  57.1328  57.1328 15.06380699    07
STARLINK-953
1 45653U 19074A   24001.50000000  .00001174  00000-0  96125-4 0  9990
2 45653  53.1032 185.7570 0001338 185.7570 185.7570 15.06380699    07
STARLINK-954
1 45654U 19074A   24001.50000000  .00001174  00000-0  96125-4 0  9990
2 45654  53.1744 313.9070 0001338 313.9070 313.9070 15.06380699    07
STARLINK-955
1 45655U 19074A   24001.50000000  .00001174  00000-0  96125-4 0  9990
2 45655  53.1469 264.4390 0001338 264.4390 264.4390 15.06380699    07
STARLINK-956
1 45656U 19074A   24001.50000000  .00001174  00000-0  96125-4 0  9990
2 45656  53.0184  33.0515 0001338  33.0515  33.0515 15.06380699    07
STARLINK-957
1 45657U 19074A   24001.50000000  .00001174  00000-0  96125-4 0  9990
2 45657  53.0905 162.9080 0001338 162.9080 162.9080 15.06380699    07
STARLINK-958
1 45658U 19074A   24001.50000000  .00001174  00000-0  96125-4 0  9990
2 45658  53.1620 291.6120 0001338 291.6120 291.6120 15.06380699    07
STARLINK-959
1 45659U 19074A   24001.50000000  .00001174  00000-0  96125-4 0  9990
2 45659  53.0333  59.9191 0001338  59.9191  59.9191 15.06380699    07
STARLINK-960
1 45660U 19074A   24001.50000000  .00001174  00000-0  96125-4 0  9990
2 45660  53.0062  11.0851 0001338  11.0851  11.0851 15.06380699    07
STARLINK-961
1 45661U 19074A   24001.50000000  .00001174  00000-0  96125-4 0  9990
2 45661  53.1773 319.1330 0001338 319.1330 319.1330 15.06380699    07
STARLINK-962
1 45662U 19074A   24001.50000000  .00001174  00000-0  96125-4 0  9990
2 45662  53.1486 267.4550 0001338 267.4550 267.4550 15.06380699    07
STARLINK-963
1 45663U 19074A   24001.50000000  .00001174  00000-0  96125-4 0  9990
2 45663  53.1208 217.4210 0001338 217.4210 217.4210 15.06380699    07
STARLINK-964
1 45664U 19074A   24001.50000000  .00001174  00000-0  96125-4 0  9990
2 45664  53.1921 345.7450 0001338 345.7450 345.7450 15.06380699    07
STARLINK-965
1 45665U 19074A   24001.50000000  .00001174  00000-0  96125-4 0  9990
2 45665  53.1635 294.3560 0001338 294.3560 294.3560 15.06380699    07
STARLINK-966
1 45666U 19074A   24001.50000000  .00001174  00000-0  96125-4 0  9990
2 45666  53.0349  62.8427 0001338  62.8427  62.8427 15.06380699    07
STARLINK-967
1 45667U 19074A   24001.50000000  .00001174  00000-0  96125-4 0  9990
2 45667  53.0066  11.9509 0001338  11.9509  11.9509 15.06380699    07
STARLINK-968
1 45668U 19074A   24001.50000000  .00001174  00000-0  96125-4 0  9990
2 45668  53.1780 320.3910 0001338 320.3910 320.3910 15.06380699    07
STARLINK-969
1 45669U 19074A   24001.50000000  .00001174  00000-0  96125-4 0  9990
2 45669  53.0506  91.0772 0001338  91.0772  91.0772 15.06380699    07
STARLINK-970
1 45670U 19074A   24001.50000000  .00001174  00000-0  96125-4 0  9990
2 45670  53.1208 217.3790 0001338 217.3790 217.3790 15.06380699    07
STARLINK-971
1 45671U 19074A   24001.50000000  .00001174  00000-0  96125-4 0  9990
2 45671  53.1929 347.2580 0001338 347.2580 347.2580 15.06380699    07
STARLINK-972
1 45672U 19074A   24001.50000000  .00001174  00000-0  96125-4 0  9990
2 45672  53.0639 115.1080 0001338 115.1080 115.1080 15.06380699    07
STARLINK-973
1 45673U 19074A   24001.50000000  .00001174  00000-0  96125-4 0  9990
2 45673  53.0377  67.7944 0001338  67.7944  67.7944 15.06380699    07
STARLINK-974
1 45674U 19074A   24001.50000000  .00001174  00000-0  96125-4 0  9990
2 45674  53.1080 194.4080 0001338 194.4080 194.4080 15.06380699    07
STARLINK-975
1 45675U 19074A   24001.50000000  .00001174  00000-0  96125-4 0  9990
2 45675  53.1805 324.8730 0001338 324.8730 324.8730 15.06380699    07
STARLINK-976
1 45676U 19074A   24001.50000000  .00001174  00000-0  96125-4 0  9990
2 45676  53.0515  92.7574 0001338  92.7574  92.7574 15.06380699    07
STARLINK-977
1 45677U 19074A   24001.50000000  .00001174  00000-0  96125-4 0  9990
2 45677  53.1232 221.8410 0001338 221.8410 221.8410 15.06380699    07
STARLINK-978
1 45678U 19074A   24001.50000000  .00001174  00000-0  96125-4 0  9990
2 45678  53.1953 351.5270 0001338 351.5270 351.5270 15.06380699    07
STARLINK-979
1 45679U 19074A   24001.50000000  .00001174  00000-0  96125-4 0  9990
2 45679  53.0676 121.6500 0001338 121.6500 121.6500 15.06380699    07
STARLINK-980
1 45680U 19074A   24001.50000000  .00001174  00000-0  96125-4 0  9990
2 45680  53.1388 249.8570 0001338 249.8570 249.8570 15.06380699    07
STARLINK-981
1 45681U 19074A   24001.50000000  .00001174  00000-0  96125-4 0  9990
2 45681  53.0102  18.3310 0001338  18.3310  18.3310 15.06380699    07
STARLINK-982
1 45682U 19074A   24001.50000000  .00001174  00000-0  96125-4 0  9990
2 45682  53.0832 149.7220 0001338 149.7220 149.7220 15.06380699    07
STARLINK-983
1 45683U 19074A   24001.50000000  .00001174  00000-0  96125-4 0  9990
2 45683  53.1527 274.8100 0001338 274.8100 274.8100 15.06380699    07
STARLINK-984
1 45684U 19074A   24001.50000000  .00001174  00000-0  96125-4 0  9990
2 45684  53.0258  46.3890 0001338  46.3890  46.3890 15.06380699    07
STARLINK-985
1 45685U 19074A   24001.50000000  .00001174  00000-0  96125-4 0  9990
2 45685  53.1969 354.4070 0001338 354.4070 354.4070 15.06380699    07
STARLINK-986
1 45686U 19074A   24001.50000000  .00001174  00000-0  96125-4 0  9990
2 45686  53.1692 304.5080 0001338 304.5080 304.5080 15.06380699    07
STARLINK-987
1 45687U 19074A   24001.50000000  .00001174  00000-0  96125-4 0  9990
2 45687  53.0402  72.4239 0001338  72.4239  72.4239 15.06380699    07
STARLINK-988
1 45688U 19074A   24001.50000000  .00001174  00000-0  96125-4 0  9990
2 45688  53.0122  21.9925 0001338  21.9925  21.9925 15.06380699    07
STARLINK-989
1 45689U 19074A   24001.50000000  .00001174  00000-0  96125-4 0  9990
2 45689  53.1834 330.0810 0001338 330.0810 330.0810 15.06380699    07
STARLINK-990
1 45690U 19074A   24001.50000000  .00001174  00000-0  96125-4 0  9990
2 45690  53.1560 280.8490 0001338 280.8490 280.8490 15.06380699    07
STARLINK-991
1 45691U 19074A   24001.50000000  .00001174  00000-0  96125-4 0  9990
2 45691  53.1264 227.6080 0001338 227.6080 227.6080 15.06380699    07
STARLINK-992
1 45692U 19074A   24001.50000000  .00001174  00000-0  96125-4 0  9990
2 45692  53.1989 357.9310 0001338 357.9310 357.9310 15.06380699    07
STARLINK-993
1 45693U 19074A   24001.50000000  .00001174  00000-0  96125-4 0  9990
2 45693  53.0706 127.1670 0001338 127.1670 127.1670 15.06380699    07
STARLINK-994
1 45694U 19074A   24001.50000000  .00001174  00000-0  96125-4 0  9990
2 45694  53.1420 255.6170 0001338 255.6170 255.6170 15.06380699    07
STARLINK-995
1 45695U 19074A   24001.50000000  .00001174  00000-0  96125-4 0  9990
2 45695  53.0131  23.6464 0001338  23.6464  23.6464 15.06380699    07
STARLINK-996
1 45696U 19074A   24001.50000000  .00001174  00000-0  96125-4 0  9990
2 45696  53.1851 333.1460 0001338 333.1460 333.1460 15.06380699    07
STARLINK-997
1 45697U 19074A   24001.50000000  .00001174  00000-0  96125-4 0  9990
2 45697  53.1574 283.3570 0001338 283.3570 283.3570 15.06380699    07
STARLINK-998
1 45698U 19074A   24001.50000000  .00001174  00000-0  96125-4 0  9990
2 45698  53.0282  50.7198 0001338  50.7198  50.7198 15.06380699    07
STARLINK-999
1 45699U 19074A   24001.50000000  .00001174  00000-0  96125-4 0  9990
2 45699  53.0005   0.9491 0001338   0.9491   0.9491 15.06380699    07
STARLINK-1000
1 45700U 19074A   24001.50000000  .00001174  00000-0  96125-4 0  9990
2 45700  53.0713 128.4140 0001338 128.4140 128.4140 15.06380699    07
STARLINK-1001
1 45701U 19074A   24001.50000000  .00001174  00000-0  96125-4 0  9990
2 45701  53.0437  78.6816 0001338  78.6816  78.6816 15.06380699    07
STARLINK-1002
1 45702U 19074A   24001.50000000  .00001174  00000-0  96125-4 0  9990
2 45702  53.1156 208.1290 0001338 208.1290 208.1290 15.06380699    07
STARLINK-1003
1 45703U 19074A   24001.50000000  .00001174  00000-0  96125-4 0  9990
2 45703  53.1868 336.2460 0001338 336.2460 336.2460 15.06380699    07
STARLINK-1004
1 45704U 19074A   24001.50000000  .00001174  00000-0  96125-4 0  9990
2 45704  53.1589 286.0190 0001338 286.0190 286.0190 15.06380699    07
STARLINK-1005
1 45705U 19074A   24001.50000000  .00001174  00000-0  96125-4 0  9990
2 45705  53.0313  56.2867 0001338  56.2867  56.2867 15.06380699    07
STARLINK-1006
1 45706U 19074A   24001.50000000  .00001174  00000-0  96125-4 0  9990
2 45706  53.1020 183.6390 0001338 183.6390 183.6390 15.06380699    07
STARLINK-1007
1 45707U 19074A   24001.50000000  .00001174  00000-0  96125-4 0  9990
2 45707  53.0738 132.8530 0001338 132.8530 132.8530 15.06380699    07
STARLINK-1008
1 45708U 19074A   24001.50000000  .00001174  00000-0  96125-4 0  9990
2 45708  53.1451 261.2270 0001338 261.2270 261.2270 15.06380699    07
STARLINK-1009
1 45709U 19074A   24001.50000000  .00001174  00000-0  96125-4 0  9990
2 45709  53.0164  29.5392 0001338  29.5392  29.5392 15.06380699    07
STARLINK-1010
1 45710U 19074A   24001.50000000  .00001174  00000-0  96125-4 0  9990
2 45710  53.1892 340.6370 0001338 340.6370 340.6370 15.06380699    07
STARLINK-1011
1 45711U 19074A   24001.50000000  .00001174  00000-0  96125-4 0  9990
2 45711  53.1599 287.8580 0001338 287.8580 287.8580 15.06380699    07
STARLINK-1012
1 45712U 19074A   24001.50000000  .00001174  00000-0  96125-4 0  9990
2 45712  53.1327 238.9250 0001338 238.9250 238.9250 15.06380699    07
STARLINK-1013
1 45713U 19074A   24001.50000000  .00001174  00000-0  96125-4 0  9990
2 45713  53.0037   6.6768 0001338   6.6768   6.6768 15.06380699    07
STARLINK-1014
1 45714U 19074A   24001.50000000  .00001174  00000-0  96125-4 0  9990
2 45714  53.0763 137.3500 0001338 137.3500 137.3500 15.06380699    07
STARLINK-1015
1 45715U 19074A   24001.50000000  .00001174  00000-0  96125-4 0  9990
2 45715  53.1471 264.8650 0001338 264.8650 264.8650 15.06380699    07
STARLINK-1016
1 45716U 19074A   24001.50000000  .00001174  00000-0  96125-4 0  9990
2 45716  53.0185  33.3190 0001338  33.3190  33.3190 15.06380699    07
STARLINK-1017
1 45717U 19074A   24001.50000000  .00001174  00000-0  96125-4 0  9990
2 45717  53.1902 342.4350 0001338 342.4350 342.4350 15.06380699    07
STARLINK-1018
1 45718U 19074A   24001.50000000  .00001174  00000-0  96125-4 0  9990
2 45718  53.0620 111.6720 0001338 111.6720 111.6720 15.06380699    07
STARLINK-1019
1 45719U 19074A   24001.50000000  .00001174  00000-0  96125-4 0  9990
2 45719  53.0336  60.5685 0001338  60.5685  60.5685 15.06380699    07
STARLINK-1020
1 45720U 19074A   24001.50000000  .00001174  00000-0  96125-4 0  9990
2 45720  53.0053   9.5988 0001338   9.5988   9.5988 15.06380699    07
STARLINK-1021
1 45721U 19074A   24001.50000000  .00001174  00000-0  96125-4 0  9990
2 45721  53.1775 319.4910 0001338 319.4910 319.4910 15.06380699    07
STARLINK-1022
1 45722U 19074A   24001.50000000  .00001174  00000-0  96125-4 0  9990
2 45722  53.0487  87.5719 0001338  87.5719  87.5719 15.06380699    07
STARLINK-1023
1 45723U 19074A   24001.50000000  .00001174  00000-0  96125-4 0  9990
2 45723  53.1206 217.0740 0001338 217.0740 217.0740 15.06380699    07
STARLINK-1024
1 45724U 19074A   24001.50000000  .00001174  00000-0  96125-4 0  9990
2 45724  53.1922 345.9090 0001338 345.9090 345.9090 15.06380699    07
STARLINK-1025
1 45725U 19074A   24001.50000000  .00001174  00000-0  96125-4 0  9990
2 45725  53.0643 115.6770 0001338 115.6770 115.6770 15.06380699    07
STARLINK-1026
1 45726U 19074A   24001.50000000  .00001174  00000-0  96125-4 0  9990
2 45726  53.1349 242.7920 0001338 242.7920 242.7920 15.06380699    07
STARLINK-1027
1 45727U 19074A   24001.50000000  .00001174  00000-0  96125-4 0  9990
2 45727  53.0079  14.2500 0001338  14.2500  14.2500 15.06380699    07
STARLINK-1028
1 45728U 19074A   24001.50000000  .00001174  00000-0  96125-4 0  9990
2 45728  53.1789 321.9640 0001338 321.9640 321.9640 15.06380699    07
STARLINK-1029
1 45729U 19074A   24001.50000000  .00001174  00000-0  96125-4 0  9990
2 45729  53.0506  91.0878 0001338  91.0878  91.0878 15.06380699    07
STARLINK-1030
1 45730U 19074A   24001.50000000  .00001174  00000-0  96125-4 0  9990
2 45730  53.0222  39.9143 0001338  39.9143  39.9143 15.06380699    07
STARLINK-1031
1 45731U 19074A   24001.50000000  .00001174  00000-0  96125-4 0  9990
2 45731  53.1941 349.3210 0001338 349.3210 349.3210 15.06380699    07
STARLINK-1032
1 45732U 19074A   24001.50000000  .00001174  00000-0  96125-4 0  9990
2 45732  53.0650 117.0170 0001338 117.0170 117.0170 15.06380699    07
STARLINK-1033
1 45733U 19074A   24001.50000000  .00001174  00000-0  96125-4 0  9990
2 45733  53.0377  67.8557 0001338  67.8557  67.8557 15.06380699    07
STARLINK-1034
1 45734U 19074A   24001.50000000  .00001174  00000-0  96125-4 0  9990
2 45734  53.1096 197.3670 0001338 197.3670 197.3670 15.06380699    07
STARLINK-1035
1 45735U 19074A   24001.50000000  .00001174  00000-0  96125-4 0  9990
2 45735  53.1811 325.9330 0001338 325.9330 325.9330 15.06380699    07
STARLINK-1036
1 45736U 19074A   24001.50000000  .00001174  00000-0  96125-4 0  9990
2 45736  53.1520 273.5690 0001338 273.5690 273.5690 15.06380699    07
STARLINK-1037
1 45737U 19074A   24001.50000000  .00001174  00000-0  96125-4 0  9990
2 45737  53.1239 222.9510 0001338 222.9510 222.9510 15.06380699    07
STARLINK-1038
1 45738U 19074A   24001.50000000  .00001174  00000-0  96125-4 0  9990
2 45738  53.0961 172.9510 0001338 172.9510 172.9510 15.06380699    07
STARLINK-1039
1 45739U 19074A   24001.50000000  .00001174  00000-0  96125-4 0  9990
2 45739  53.1674 301.2820 0001338 301.2820 301.2820 15.06380699    07
STARLINK-1040
1 45740U 19074A   24001.50000000  .00001174  00000-0  96125-4 0  9990
2 45740  53.1389 249.9760 0001338 249.9760 249.9760 15.06380699    07
STARLINK-1041
1 45741U 19074A   24001.50000000  .00001174  00000-0  96125-4 0  9990
2 45741  53.1104 198.7710 0001338 198.7710 198.7710 15.06380699    07
STARLINK-1042
1 45742U 19074A   24001.50000000  .00001174  00000-0  96125-4 0  9990
2 45742  53.1828 328.9730 0001338 328.9730 328.9730 15.06380699    07
STARLINK-1043
1 45743U 19074A   24001.50000000  .00001174  00000-0  96125-4 0  9990
2 45743  53.1547 278.3980 0001338 278.3980 278.3980 15.06380699    07
STARLINK-1044
1 45744U 19074A   24001.50000000  .00001174  00000-0  96125-4 0  9990
2 45744  53.0260  46.7443 0001338  46.7443  46.7443 15.06380699    07
STARLINK-1045
1 45745U 19074A   24001.50000000  .00001174  00000-0  96125-4 0  9990
2 45745  53.0973 175.0600 0001338 175.0600 175.0600 15.06380699    07
STARLINK-1046
1 45746U 19074A   24001.50000000  .00001174  00000-0  96125-4 0  9990
2 45746  53.0703 126.5810 0001338 126.5810 126.5810 15.06380699    07
STARLINK-1047
1 45747U 19074A   24001.50000000  .00001174  00000-0  96125-4 0  9990
2 45747  53.0414  74.5251 0001338  74.5251  74.5251 15.06380699    07
STARLINK-1048
1 45748U 19074A   24001.50000000  .00001174  00000-0  96125-4 0  9990
2 45748  53.1123 202.1310 0001338 202.1310 202.1310 15.06380699    07
STARLINK-1049
1 45749U 19074A   24001.50000000  .00001174  00000-0  96125-4 0  9990
2 45749  53.1842 331.5530 0001338 331.5530 331.5530 15.06380699    07
STARLINK-1050
1 45750U 19074A   24001.50000000  .00001174  00000-0  96125-4 0  9990
2 45750  53.1564 281.4550 0001338 281.4550 281.4550 15.06380699    07
STARLINK-1051
1 45751U 19074A   24001.50000000  .00001174  00000-0  96125-4 0  9990
2 45751  53.0281  50.5364 0001338  50.5364  50.5364 15.06380699    07
STARLINK-1052
1 45752U 19074A   24001.50000000  .00001174  00000-0  96125-4 0  9990
2 45752  53.1998 359.5870 0001338 359.5870 359.5870 15.06380699    07
STARLINK-1053
1 45753U 19074A   24001.50000000  .00001174  00000-0  96125-4 0  9990
2 45753  53.0709 127.5610 0001338 127.5610 127.5610 15.06380699    07
STARLINK-1054
1 45754U 19074A   24001.50000000  .00001174  00000-0  96125-4 0  9990
2 45754  53.1426 256.6790 0001338 256.6790 256.6790 15.06380699    07
STARLINK-1055
1 45755U 19074A   24001.50000000  .00001174  00000-0  96125-4 0  9990
2 45755  53.0144  25.9401 0001338  25.9401  25.9401 15.06380699    07
STARLINK-1056
1 45756U 19074A   24001.50000000  .00001174  00000-0  96125-4 0  9990
2 45756  53.1857 334.2300 0001338 334.2300 334.2300 15.06380699    07
STARLINK-1057
1 45757U 19074A   24001.50000000  .00001174  00000-0  96125-4 0  9990
2 45757  53.0579 104.2240 0001338 104.2240 104.2240 15.06380699    07
STARLINK-1058
1 45758U 19074A   24001.50000000  .00001174  00000-0  96125-4 0  9990
2 45758  53.1293 232.7870 0001338 232.7870 232.7870 15.06380699    07
STARLINK-1059
1 45759U 19074A   24001.50000000  .00001174  00000-0  96125-4 0  9990
2 45759  53.0010   1.7584 0001338   1.7584   1.7584 15.06380699    07
STARLINK-1060
1 45760U 19074A   24001.50000000  .00001174  00000-0  96125-4 0  9990
2 45760  53.0724 130.2780 0001338 130.2780 130.2780 15.06380699    07
STARLINK-1061
1 45761U 19074A   24001.50000000  .00001174  00000-0  96125-4 0  9990
2 45761  53.0438  78.9174 0001338  78.9174  78.9174 15.06380699    07
STARLINK-1062
1 45762U 19074A   24001.50000000  .00001174  00000-0  96125-4 0  9990
2 45762  53.1157 208.2330 0001338 208.2330 208.2330 15.06380699    07
STARLINK-1063
1 45763U 19074A   24001.50000000  .00001174  00000-0  96125-4 0  9990
2 45763  53.1885 339.3040 0001338 339.3040 339.3040 15.06380699    07
STARLINK-1064
1 45764U 19074A   24001.50000000  .00001174  00000-0  96125-4 0  9990
2 45764  53.1589 285.9400 0001338 285.9400 285.9400 15.06380699    07
STARLINK-1065
1 45765U 19074A   24001.50000000  .00001174  00000-0  96125-4 0  9990
2 45765  53.0314  56.5337 0001338  56.5337  56.5337 15.06380699    07
STARLINK-1066
1 45766U 19074A   24001.50000000  .00001174  00000-0  96125-4 0  9990
2 45766  53.0027   4.8543 0001338   4.8543   4.8543 15.06380699    07
STARLINK-1067
1 45767U 19074A   24001.50000000  .00001174  00000-0  96125-4 0  9990
2 45767  53.1751 315.2520 0001338 315.2520 315.2520 15.06380699    07
STARLINK-1068
1 45768U 19074A   24001.50000000  .00001174  00000-0  96125-4 0  9990
2 45768  53.0455  81.8407 0001338  81.8407  81.8407 15.06380699    07
STARLINK-1069
1 45769U 19074A   24001.50000000  .00001174  00000-0  96125-4 0  9990
2 45769  53.1184 213.1980 0001338 213.1980 213.1980 15.06380699    07
STARLINK-1070
1 45770U 19074A   24001.50000000  .00001174  00000-0  96125-4 0  9990
2 45770  53.0896 161.3580 0001338 161.3580 161.3580 15.06380699    07
STARLINK-1071
1 45771U 19074A   24001.50000000  .00001174  00000-0  96125-4 0  9990
2 45771  53.1617 290.9830 0001338 290.9830 290.9830 15.06380699    07
STARLINK-1072
1 45772U 19074A   24001.50000000  .00001174  00000-0  96125-4 0  9990
2 45772  53.0333  59.9441 0001338  59.9441  59.9441 15.06380699    07
STARLINK-1073
1 45773U 19074A   24001.50000000  .00001174  00000-0  96125-4 0  9990
2 45773  53.1040 187.2540 0001338 187.2540 187.2540 15.06380699    07
STARLINK-1074
1 45774U 19074A   24001.50000000  .00001174  00000-0  96125-4 0  9990
2 45774  53.0760 136.7940 0001338 136.7940 136.7940 15.06380699    07
STARLINK-1075
1 45775U 19074A   24001.50000000  .00001174  00000-0  96125-4 0  9990
2 45775  53.1484 267.0860 0001338 267.0860 267.0860 15.06380699    07
STARLINK-1076
1 45776U 19074A   24001.50000000  .00001174  00000-0  96125-4 0  9990
2 45776  53.0192  34.6472 0001338  34.6472  34.6472 15.06380699    07
STARLINK-1077
1 45777U 19074A   24001.50000000  .00001174  00000-0  96125-4 0  9990
2 45777  53.1904 342.7110 0001338 342.7110 342.7110 15.06380699    07
STARLINK-1078
1 45778U 19074A   24001.50000000  .00001174  00000-0  96125-4 0  9990
2 45778  53.1632 293.6960 0001338 293.6960 293.6960 15.06380699    07
STARLINK-1079
1 45779U 19074A   24001.50000000  .00001174  00000-0  96125-4 0  9990
2 45779  53.1341 241.2950 0001338 241.2950 241.2950 15.06380699    07
STARLINK-1080
1 45780U 19074A   24001.50000000  .00001174  00000-0  96125-4 0  9990
2 45780  53.0068  12.1974 0001338  12.1974  12.1974 15.06380699    07
STARLINK-1081
1 45781U 19074A   24001.50000000  .00001174  00000-0  96125-4 0  9990
2 45781  53.0772 138.8880 0001338 138.8880 138.8880 15.06380699    07
STARLINK-1082
1 45782U 19074A   24001.50000000  .00001174  00000-0  96125-4 0  9990
2 45782  53.1495 269.0860 0001338 269.0860 269.0860 15.06380699    07
STARLINK-1083
1 45783U 19074A   24001.50000000  .00001174  00000-0  96125-4 0  9990
2 45783  53.1209 217.7020 0001338 217.7020 217.7020 15.06380699    07
STARLINK-1084
1 45784U 19074A   24001.50000000  .00001174  00000-0  96125-4 0  9990
2 45784  53.0932 167.7440 0001338 167.7440 167.7440 15.06380699    07
STARLINK-1085
1 45785U 19074A   24001.50000000  .00001174  00000-0  96125-4 0  9990
2 45785  53.1652 297.3270 0001338 297.3270 297.3270 15.06380699    07
STARLINK-1086
1 45786U 19074A   24001.50000000  .00001174  00000-0  96125-4 0  9990
2 45786  53.1366 245.9210 0001338 245.9210 245.9210 15.06380699    07
STARLINK-1087
1 45787U 19074A   24001.50000000  .00001174  00000-0  96125-4 0  9990
2 45787  53.0082  14.8169 0001338  14.8169  14.8169 15.06380699    07
STARLINK-1088
1 45788U 19074A   24001.50000000  .00001174  00000-0  96125-4 0  9990
2 45788  53.1811 326.0560 0001338 326.0560 326.0560 15.06380699    07
STARLINK-1089
1 45789U 19074A   24001.50000000  .00001174  00000-0  96125-4 0  9990
2 45789  53.1509 271.6570 0001338 271.6570 271.6570 15.06380699    07
STARLINK-1090
1 45790U 19074A   24001.50000000  .00001174  00000-0  96125-4 0  9990
2 45790  53.1226 220.7190 0001338 220.7190 220.7190 15.06380699    07
STARLINK-1091
1 45791U 19074A   24001.50000000  .00001174  00000-0  96125-4 0  9990
2 45791  53.0947 170.4900 0001338 170.4900 170.4900 15.06380699    07
STARLINK-1092
1 45792U 19074A   24001.50000000  .00001174  00000-0  96125-4 0  9990
2 45792  53.1664 299.4530 0001338 299.4530 299.4530 15.06380699    07
STARLINK-1093
1 45793U 19074A   24001.50000000  .00001174  00000-0  96125-4 0  9990
2 45793  53.0376  67.6826 0001338  67.6826  67.6826 15.06380699    07
STARLINK-1094
1 45794U 19074A   24001.50000000  .00001174  00000-0  96125-4 0  9990
2 45794  53.1095 197.1400 0001338 197.1400 197.1400 15.06380699    07
STARLINK-1095
1 45795U 19074A   24001.50000000  .00001174  00000-0  96125-4 0  9990
2 45795  53.1812 326.1820 0001338 326.1820 326.1820 15.06380699    07
STARLINK-1096
1 45796U 19074A   24001.50000000  .00001174  00000-0  96125-4 0  9990
2 45796  53.0529  95.1502 0001338  95.1502  95.1502 15.06380699    07
STARLINK-1097
1 45797U 19074A   24001.50000000  .00001174  00000-0  96125-4 0  9990
2 45797  53.0249  44.8118 0001338  44.8118  44.8118 15.06380699    07
STARLINK-1098
1 45798U 19074A   24001.50000000  .00001174  00000-0  96125-4 0  9990
2 45798  53.1960 352.7390 0001338 352.7390 352.7390 15.06380699    07
STARLINK-1099
1 45799U 19074A   24001.50000000  .00001174  00000-0  96125-4 0  9990
2 45799  53.0682 122.7430 0001338 122.7430 122.7430 15.06380699    07
STARLINK-1100
1 45800U 19074A   24001.50000000  .00001174  00000-0  96125-4 0  9990
2 45800  53.0399  71.9058 0001338  71.9058  71.9058 15.06380699    07
STARLINK-1101
1 45801U 19074A   24001.50000000  .00001174  00000-0  96125-4 0  9990
2 45801  53.0108  19.4839 0001338  19.4839  19.4839 15.06380699    07
STARLINK-1102
1 45802U 19074A   24001.50000000  .00001174  00000-0  96125-4 0  9990
2 45802  53.1830 329.3660 0001338 329.3660 329.3660 15.06380699    07
STARLINK-1103
1 45803U 19074A   24001.50000000  .00001174  00000-0  96125-4 0  9990
2 45803  53.0543  97.7897 0001338  97.7897  97.7897 15.06380699    07
STARLINK-1104
1 45804U 19074A   24001.50000000  .00001174  00000-0  96125-4 0  9990
2 45804  53.1265 227.6800 0001338 227.6800 227.6800 15.06380699    07
STARLINK-1105
1 45805U 19074A   24001.50000000  .00001174  00000-0  96125-4 0  9990
2 45805  53.1971 354.8240 0001338 354.8240 354.8240 15.06380699    07
STARLINK-1106
1 45806U 19074A   24001.50000000  .00001174  00000-0  96125-4 0  9990
2 45806  53.1705 306.8340 0001338 306.8340 306.8340 15.06380699    07
STARLINK-1107
1 45807U 19074A   24001.50000000  .00001174  00000-0  96125-4 0  9990
2 45807  53.0408  73.4749 0001338  73.4749  73.4749 15.06380699    07
STARLINK-1108
1 45808U 19074A   24001.50000000  .00001174  00000-0  96125-4 0  9990
2 45808  53.0129  23.2719 0001338  23.2719  23.2719 15.06380699    07
STARLINK-1109
1 45809U 19074A   24001.50000000  .00001174  00000-0  96125-4 0  9990
2 45809  53.1844 331.9740 0001338 331.9740 331.9740 15.06380699    07
STARLINK-1110
1 45810U 19074A   24001.50000000  .00001174  00000-0  96125-4 0  9990
2 45810  53.0571 102.8620 0001338 102.8620 102.8620 15.06380699    07
STARLINK-1111
1 45811U 19074A   24001.50000000  .00001174  00000-0  96125-4 0  9990
2 45811  53.1289 231.9630 0001338 231.9630 231.9630 15.06380699    07
STARLINK-1112
1 45812U 19074A   24001.50000000  .00001174  00000-0  96125-4 0  9990
2 45812  53.0007   1.1830 0001338   1.1830   1.1830 15.06380699    07
STARLINK-1113
1 45813U 19074A   24001.50000000  .00001174  00000-0  96125-4 0  9990
2 45813  53.0710 127.8510 0001338 127.8510 127.8510 15.06380699    07
STARLINK-1114
1 45814U 19074A   24001.50000000  .00001174  00000-0  96125-4 0  9990
2 45814  53.0430  77.3550 0001338  77.3550  77.3550 15.06380699    07
STARLINK-1115
1 45815U 19074A   24001.50000000  .00001174  00000-0  96125-4 0  9990
2 45815  53.0152  27.3279 0001338  27.3279  27.3279 15.06380699    07
STARLINK-1116
1 45816U 19074A   24001.50000000  .00001174  00000-0  96125-4 0  9990
2 45816  53.0866 155.8940 0001338 155.8940 155.8940 15.06380699    07
STARLINK-1117
1 45817U 19074A   24001.50000000  .00001174  00000-0  96125-4 0  9990
2 45817  53.0588 105.9240 0001338 105.9240 105.9240 15.06380699    07
STARLINK-1118
1 45818U 19074A   24001.50000000  .00001174  00000-0  96125-4 0  9990
2 45818  53.0292  52.6478 0001338  52.6478  52.6478 15.06380699    07
STARLINK-1119
1 45819U 19074A   24001.50000000  .00001174  00000-0  96125-4 0  9990
2 45819  53.1020 183.6340 0001338 183.6340 183.6340 15.06380699    07
STARLINK-1120
1 45820U 19074A   24001.50000000  .00001174  00000-0  96125-4 0  9990
2 45820  53.1729 311.2920 0001338 311.2920 311.2920 15.06380699    07
STARLINK-1121
1 45821U 19074A   24001.50000000  .00001174  00000-0  96125-4 0  9990
2 45821  53.0453  81.4923 0001338  81.4923  81.4923 15.06380699    07
STARLINK-1122
1 45822U 19074A   24001.50000000  .00001174  00000-0  96125-4 0  9990
2 45822  53.0158  28.5216 0001338  28.5216  28.5216 15.06380699    07
STARLINK-1123
1 45823U 19074A   24001.50000000  .00001174  00000-0  96125-4 0  9990
2 45823  53.0880 158.4830 0001338 158.4830 158.4830 15.06380699    07
STARLINK-1124
1 45824U 19074A   24001.50000000  .00001174  00000-0  96125-4 0  9990
2 45824  53.1602 288.4300 0001338 288.4300 288.4300 15.06380699    07
STARLINK-1125
1 45825U 19074A   24001.50000000  .00001174  00000-0  96125-4 0  9990
2 45825  53.0311  56.0176 0001338  56.0176  56.0176 15.06380699    07
STARLINK-1126
1 45826U 19074A   24001.50000000  .00001174  00000-0  96125-4 0  9990
2 45826  53.0026   4.6577 0001338   4.6577   4.6577 15.06380699    07
STARLINK-1127
1 45827U 19074A   24001.50000000  .00001174  00000-0  96125-4 0  9990
2 45827  53.0748 134.6200 0001338 134.6200 134.6200 15.06380699    07
STARLINK-1128
1 45828U 19074A   24001.50000000  .00001174  00000-0  96125-4 0  9990
2 45828  53.0465  83.7354 0001338  83.7354  83.7354 15.06380699    07
STARLINK-1129
1 45829U 19074A   24001.50000000  .00001174  00000-0  96125-4 0  9990
2 45829  53.0188  33.7790 0001338  33.7790  33.7790 15.06380699    07
STARLINK-1130
1 45830U 19074A   24001.50000000  .00001174  00000-0  96125-4 0  9990
2 45830  53.0902 162.4480 0001338 162.4480 162.4480 15.06380699    07
STARLINK-1131
1 45831U 19074A   24001.50000000  .00001174  00000-0  96125-4 0  9990
2 45831  53.1618 291.2440 0001338 291.2440 291.2440 15.06380699    07
STARLINK-1132
1 45832U 19074A   24001.50000000  .00001174  00000-0  96125-4 0  9990
2 45832  53.0333  60.0250 0001338  60.0250  60.0250 15.06380699    07
STARLINK-1133
1 45833U 19074A   24001.50000000  .00001174  00000-0  96125-4 0  9990
2 45833  53.0062  11.1585 0001338  11.1585  11.1585 15.06380699    07
STARLINK-1134
1 45834U 19074A   24001.50000000  .00001174  00000-0  96125-4 0  9990
2 45834  53.1769 318.3900 0001338 318.3900 318.3900 15.06380699    07
STARLINK-1135
1 45835U 19074A   24001.50000000  .00001174  00000-0  96125-4 0  9990
2 45835  53.1487 267.6310 0001338 267.6310 267.6310 15.06380699    07
STARLINK-1136
1 45836U 19074A   24001.50000000  .00001174  00000-0  96125-4 0  9990
2 45836  53.1201 216.1710 0001338 216.1710 216.1710 15.06380699    07
STARLINK-1137
1 45837U 19074A   24001.50000000  .00001174  00000-0  96125-4 0  9990
2 45837  53.1912 344.1930 0001338 344.1930 344.1930 15.06380699    07
STARLINK-1138
1 45838U 19074A   24001.50000000  .00001174  00000-0  96125-4 0  9990
2 45838  53.0631 113.5760 0001338 113.5760 113.5760 15.06380699    07
STARLINK-1139
1 45839U 19074A   24001.50000000  .00001174  00000-0  96125-4 0  9990
2 45839  53.1344 241.9430 0001338 241.9430 241.9430 15.06380699    07
STARLINK-1140
1 45840U 19074A   24001.50000000  .00001174  00000-0  96125-4 0  9990
2 45840  53.0063  11.2697 0001338  11.2697  11.2697 15.06380699    07
STARLINK-1141
1 45841U 19074A   24001.50000000  .00001174  00000-0  96125-4 0  9990
2 45841  53.0787 141.6270 0001338 141.6270 141.6270 15.06380699    07
STARLINK-1142
1 45842U 19074A   24001.50000000  .00001174  00000-0  96125-4 0  9990
2 45842  53.1497 269.4800 0001338 269.4800 269.4800 15.06380699    07
STARLINK-1143
1 45843U 19074A   24001.50000000  .00001174  00000-0  96125-4 0  9990
2 45843  53.0219  39.3875 0001338  39.3875  39.3875 15.06380699    07
STARLINK-1144
1 45844U 19074A   24001.50000000  .00001174  00000-0  96125-4 0  9990
2 45844  53.0934 168.0940 0001338 168.0940 168.0940 15.06380699    07
STARLINK-1145
1 45845U 19074A   24001.50000000  .00001174  00000-0  96125-4 0  9990
2 45845  53.1656 298.0750 0001338 298.0750 298.0750 15.06380699    07
STARLINK-1146
1 45846U 19074A   24001.50000000  .00001174  00000-0  96125-4 0  9990
2 45846  53.1363 245.4000 0001338 245.4000 245.4000 15.06380699    07
STARLINK-1147
1 45847U 19074A   24001.50000000  .00001174  00000-0  96125-4 0  9990
2 45847  53.1086 195.4810 0001338 195.4810 195.4810 15.06380699    07
STARLINK-1148
1 45848U 19074A   24001.50000000  .00001174  00000-0  96125-4 0  9990
2 45848  53.0808 145.4840 0001338 145.4840 145.4840 15.06380699    07
STARLINK-1149
1 45849U 19074A   24001.50000000  .00001174  00000-0  96125-4 0  9990
2 45849  53.1519 273.3430 0001338 273.3430 273.3430 15.06380699    07
STARLINK-1150
1 45850U 19074A   24001.50000000  .00001174  00000-0  96125-4 0  9990
2 45850  53.1233 221.9990 0001338 221.9990 221.9990 15.06380699    07
STARLINK-1151
1 45851U 19074A   24001.50000000  .00001174  00000-0  96125-4 0  9990
2 45851  53.1946 350.2980 0001338 350.2980 350.2980 15.06380699    07
STARLINK-1152
1 45852U 19074A   24001.50000000  .00001174  00000-0  96125-4 0  9990
2 45852  53.1671 300.7430 0001338 300.7430 300.7430 15.06380699    07
STARLINK-1153
1 45853U 19074A   24001.50000000  .00001174  00000-0  96125-4 0  9990
2 45853  53.0385  69.2730 0001338  69.2730  69.2730 15.06380699    07
STARLINK-1154
1 45854U 19074A   24001.50000000  .00001174  00000-0  96125-4 0  9990
2 45854  53.1094 196.9700 0001338 196.9700 196.9700 15.06380699    07
STARLINK-1155
1 45855U 19074A   24001.50000000  .00001174  00000-0  96125-4 0  9990
2 45855  53.1809 325.7060 0001338 325.7060 325.7060 15.06380699    07
STARLINK-1156
1 45856U 19074A   24001.50000000  .00001174  00000-0  96125-4 0  9990
2 45856  53.1538 276.7730 0001338 276.7730 276.7730 15.06380699    07
STARLINK-1157
1 45857U 19074A   24001.50000000  .00001174  00000-0  96125-4 0  9990
2 45857  53.1250 225.0740 0001338 225.0740 225.0740 15.06380699    07
STARLINK-1158
1 45858U 19074A   24001.50000000  .00001174  00000-0  96125-4 0  9990
2 45858  53.1969 354.4100 0001338 354.4100 354.4100 15.06380699    07
STARLINK-1159
1 45859U 19074A   24001.50000000  .00001174  00000-0  96125-4 0  9990
2 45859  53.0681 122.5780 0001338 122.5780 122.5780 15.06380699    07
STARLINK-1160
1 45860U 19074A   24001.50000000  .00001174  00000-0  96125-4 0  9990
2 45860  53.0401  72.2322 0001338  72.2322  72.2322 15.06380699    07
STARLINK-1161
1 45861U 19074A   24001.50000000  .00001174  00000-0  96125-4 0  9990
2 45861  53.1124 202.3980 0001338 202.3980 202.3980 15.06380699    07
STARLINK-1162
1 45862U 19074A   24001.50000000  .00001174  00000-0  96125-4 0  9990
2 45862  53.0839 150.9460 0001338 150.9460 150.9460 15.06380699    07
STARLINK-1163
1 45863U 19074A   24001.50000000  .00001174  00000-0  96125-4 0  9990
2 45863  53.0554  99.6775 0001338  99.6775  99.6775 15.06380699    07
STARLINK-1164
1 45864U 19074A   24001.50000000  .00001174  00000-0  96125-4 0  9990
2 45864  53.1268 228.1790 0001338 228.1790 228.1790 15.06380699    07
STARLINK-1165
1 45865U 19074A   24001.50000000  .00001174  00000-0  96125-4 0  9990
2 45865  53.1989 358.0030 0001338 358.0030 358.0030 15.06380699    07
STARLINK-1166
1 45866U 19074A   24001.50000000  .00001174  00000-0  96125-4 0  9990
2 45866  53.1703 306.5690 0001338 306.5690 306.5690 15.06380699    07
STARLINK-1167
1 45867U 19074A   24001.50000000  .00001174  00000-0  96125-4 0  9990
2 45867  53.0418  75.2978 0001338  75.2978  75.2978 15.06380699    07
STARLINK-1168
1 45868U 19074A   24001.50000000  .00001174  00000-0  96125-4 0  9990
2 45868  53.1126 202.6480 0001338 202.6480 202.6480 15.06380699    07
STARLINK-1169
1 45869U 19074A   24001.50000000  .00001174  00000-0  96125-4 0  9990
2 45869  53.0853 153.6240 0001338 153.6240 153.6240 15.06380699    07
STARLINK-1170
1 45870U 19074A   24001.50000000  .00001174  00000-0  96125-4 0  9990
2 45870  53.0576 103.7410 0001338 103.7410 103.7410 15.06380699    07
STARLINK-1171
1 45871U 19074A   24001.50000000  .00001174  00000-0  96125-4 0  9990
2 45871  53.0292  52.5354 0001338  52.5354  52.5354 15.06380699    07
STARLINK-1172
1 45872U 19074A   24001.50000000  .00001174  00000-0  96125-4 0  9990
2 45872  53.1004 180.7370 0001338 180.7370 180.7370 15.06380699    07
STARLINK-1173
1 45873U 19074A   24001.50000000  .00001174  00000-0  96125-4 0  9990
2 45873  53.0717 129.0820 0001338 129.0820 129.0820 15.06380699    07
STARLINK-1174
1 45874U 19074A   24001.50000000  .00001174  00000-0  96125-4 0  9990
2 45874  53.1443 259.7750 0001338 259.7750 259.7750 15.06380699    07
STARLINK-1175
1 45875U 19074A   24001.50000000  .00001174  00000-0  96125-4 0  9990
2 45875  53.1157 208.2020 0001338 208.2020 208.2020 15.06380699    07
STARLINK-1176
1 45876U 19074A   24001.50000000  .00001174  00000-0  96125-4 0  9990
2 45876  53.0868 156.3080 0001338 156.3080 156.3080 15.06380699    07
STARLINK-1177
1 45877U 19074A   24001.50000000  .00001174  00000-0  96125-4 0  9990
2 45877  53.0592 106.4730 0001338 106.4730 106.4730 15.06380699    07
STARLINK-1178
1 45878U 19074A   24001.50000000  .00001174  00000-0  96125-4 0  9990
2 45878  53.0301  54.2560 0001338  54.2560  54.2560 15.06380699    07
STARLINK-1179
1 45879U 19074A   24001.50000000  .00001174  00000-0  96125-4 0  9990
2 45879  53.1025 184.4800 0001338 184.4800 184.4800 15.06380699    07
STARLINK-1180
1 45880U 19074A   24001.50000000  .00001174  00000-0  96125-4 0  9990
2 45880  53.1737 312.7310 0001338 312.7310 312.7310 15.06380699    07
STARLINK-1181
1 45881U 19074A   24001.50000000  .00001174  00000-0  96125-4 0  9990
2 45881  53.0456  82.0979 0001338  82.0979  82.0979 15.06380699    07
STARLINK-1182
1 45882U 19074A   24001.50000000  .00001174  00000-0  96125-4 0  9990
2 45882  53.1172 211.0270 0001338 211.0270 211.0270 15.06380699    07
STARLINK-1183
1 45883U 19074A   24001.50000000  .00001174  00000-0  96125-4 0  9990
2 45883  53.1888 339.8660 0001338 339.8660 339.8660 15.06380699    07
STARLINK-1184
1 45884U 19074A   24001.50000000  .00001174  00000-0  96125-4 0  9990
2 45884  53.1603 288.6090 0001338 288.6090 288.6090 15.06380699    07
STARLINK-1185
1 45885U 19074A   24001.50000000  .00001174  00000-0  96125-4 0  9990
2 45885  53.1315 236.6410 0001338 236.6410 236.6410 15.06380699    07
STARLINK-1186
1 45886U 19074A   24001.50000000  .00001174  00000-0  96125-4 0  9990
2 45886  53.1040 187.2130 0001338 187.2130 187.2130 15.06380699    07
STARLINK-1187
1 45887U 19074A   24001.50000000  .00001174  00000-0  96125-4 0  9990
2 45887  53.1756 316.1250 0001338 316.1250 316.1250 15.06380699    07
STARLINK-1188
1 45888U 19074A   24001.50000000  .00001174  00000-0  96125-4 0  9990
2 45888  53.0475  85.4617 0001338  85.4617  85.4617 15.06380699    07
STARLINK-1189
1 45889U 19074A   24001.50000000  .00001174  00000-0  96125-4 0  9990
2 45889  53.1190 214.2560 0001338 214.2560 214.2560 15.06380699    07
STARLINK-1190
1 45890U 19074A   24001.50000000  .00001174  00000-0  96125-4 0  9990
2 45890  53.0905 162.9470 0001338 162.9470 162.9470 15.06380699    07
STARLINK-1191
1 45891U 19074A   24001.50000000  .00001174  00000-0  96125-4 0  9990
2 45891  53.0621 111.7780 0001338 111.7780 111.7780 15.06380699    07
STARLINK-1192
1 45892U 19074A   24001.50000000  .00001174  00000-0  96125-4 0  9990
2 45892  53.0342  61.5861 0001338  61.5861  61.5861 15.06380699    07
STARLINK-1193
1 45893U 19074A   24001.50000000  .00001174  00000-0  96125-4 0  9990
2 45893  53.0061  10.9302 0001338  10.9302  10.9302 15.06380699    07
STARLINK-1194
1 45894U 19074A   24001.50000000  .00001174  00000-0  96125-4 0  9990
2 45894  53.0783 140.9890 0001338 140.9890 140.9890 15.06380699    07
STARLINK-1195
1 45895U 19074A   24001.50000000  .00001174  00000-0  96125-4 0  9990
2 45895  53.0487  87.5825 0001338  87.5825  87.5825 15.06380699    07
STARLINK-1196
1 45896U 19074A   24001.50000000  .00001174  00000-0  96125-4 0  9990
2 45896  53.0202  36.4341 0001338  36.4341  36.4341 15.06380699    07
STARLINK-1197
1 45897U 19074A   24001.50000000  .00001174  00000-0  96125-4 0  9990
2 45897  53.0928 167.0170 0001338 167.0170 167.0170 15.06380699    07
STARLINK-1198
1 45898U 19074A   24001.50000000  .00001174  00000-0  96125-4 0  9990
2 45898  53.1647 296.4650 0001338 296.4650 296.4650 15.06380699    07
STARLINK-1199
1 45899U 19074A   24001.50000000  .00001174  00000-0  96125-4 0  9990
2 45899  53.0350  62.9373 0001338  62.9373  62.9373 15.06380699    07
STARLINK-1200
1 45900U 19074A   24001.50000000  .00001174  00000-0  96125-4 0  9990
2 45900  53.0076  13.7314 0001338  13.7314  13.7314 15.06380699    07
STARLINK-1201
1 45901U 19074A   24001.50000000  .00001174  00000-0  96125-4 0  9990
2 45901  53.0782 140.8350 0001338 140.8350 140.8350 15.06380699    07
STARLINK-1202
1 45902U 19074A   24001.50000000  .00001174  00000-0  96125-4 0  9990
2 45902  53.0510  91.7746 0001338  91.7746  91.7746 15.06380699    07
STARLINK-1203
1 45903U 19074A   24001.50000000  .00001174  00000-0  96125-4 0  9990
2 45903  53.1221 219.7290 0001338 219.7290 219.7290 15.06380699    07
STARLINK-1204
1 45904U 19074A   24001.50000000  .00001174  00000-0  96125-4 0  9990
2 45904  53.0938 168.8760 0001338 168.8760 168.8760 15.06380699    07
STARLINK-1205
1 45905U 19074A   24001.50000000  .00001174  00000-0  96125-4 0  9990
2 45905  53.0654 117.7800 0001338 117.7800 117.7800 15.06380699    07
STARLINK-1206
1 45906U 19074A   24001.50000000  .00001174  00000-0  96125-4 0  9990
2 45906  53.0381  68.5030 0001338  68.5030  68.5030 15.06380699    07
STARLINK-1207
1 45907U 19074A   24001.50000000  .00001174  00000-0  96125-4 0  9990
2 45907  53.0090  16.1973 0001338  16.1973  16.1973 15.06380699    07
STARLINK-1208
1 45908U 19074A   24001.50000000  .00001174  00000-0  96125-4 0  9990
2 45908  53.0805 144.9500 0001338 144.9500 144.9500 15.06380699    07
STARLINK-1209
1 45909U 19074A   24001.50000000  .00001174  00000-0  96125-4 0  9990
2 45909  53.1524 274.2900 0001338 274.2900 274.2900 15.06380699    07
STARLINK-1210
1 45910U 19074A   24001.50000000  .00001174  00000-0  96125-4 0  9990
2 45910  53.1230 221.4180 0001338 221.4180 221.4180 15.06380699    07
STARLINK-1211
1 45911U 19074A   24001.50000000  .00001174  00000-0  96125-4 0  9990
2 45911  53.0961 173.0220 0001338 173.0220 173.0220 15.06380699    07
STARLINK-1212
1 45912U 19074A   24001.50000000  .00001174  00000-0  96125-4 0  9990
2 45912  53.1668 300.2410 0001338 300.2410 300.2410 15.06380699    07
STARLINK-1213
1 45913U 19074A   24001.50000000  .00001174  00000-0  96125-4 0  9990
2 45913  53.1394 250.8510 0001338 250.8510 250.8510 15.06380699    07
STARLINK-1214
1 45914U 19074A   24001.50000000  .00001174  00000-0  96125-4 0  9990
2 45914  53.1103 198.5790 0001338 198.5790 198.5790 15.06380699    07
STARLINK-1215
1 45915U 19074A   24001.50000000  .00001174  00000-0  96125-4 0  9990
2 45915  53.1831 329.5880 0001338 329.5880 329.5880 15.06380699    07
STARLINK-1216
1 45916U 19074A   24001.50000000  .00001174  00000-0  96125-4 0  9990
2 45916  53.0544  97.9942 0001338  97.9942  97.9942 15.06380699    07
STARLINK-1217
1 45917U 19074A   24001.50000000  .00001174  00000-0  96125-4 0  9990
2 45917  53.0264  47.5675 0001338  47.5675  47.5675 15.06380699    07
STARLINK-1218
1 45918U 19074A   24001.50000000  .00001174  00000-0  96125-4 0  9990
2 45918  53.0981 176.6490 0001338 176.6490 176.6490 15.06380699    07
STARLINK-1219
1 45919U 19074A   24001.50000000  .00001174  00000-0  96125-4 0  9990
2 45919  53.1701 306.1180 0001338 306.1180 306.1180 15.06380699    07
STARLINK-1220
1 45920U 19074A   24001.50000000  .00001174  00000-0  96125-4 0  9990
2 45920  53.0406  73.0631 0001338  73.0631  73.0631 15.06380699    07
STARLINK-1221
1 45921U 19074A   24001.50000000  .00001174  00000-0  96125-4 0  9990
2 45921  53.0132  23.7071 0001338  23.7071  23.7071 15.06380699    07
STARLINK-1222
1 45922U 19074A   24001.50000000  .00001174  00000-0  96125-4 0  9990
2 45922  53.0848 152.6500 0001338 152.6500 152.6500 15.06380699    07
STARLINK-1223
1 45923U 19074A   24001.50000000  .00001174  00000-0  96125-4 0  9990
2 45923  53.0555  99.8160 0001338  99.8160  99.8160 15.06380699    07
STARLINK-1224
1 45924U 19074A   24001.50000000  .00001174  00000-0  96125-4 0  9990
2 45924  53.0281  50.5743 0001338  50.5743  50.5743 15.06380699    07
STARLINK-1225
1 45925U 19074A   24001.50000000  .00001174  00000-0  96125-4 0  9990
2 45925  53.0988 177.9090 0001338 177.9090 177.9090 15.06380699    07
STARLINK-1226
1 45926U 19074A   24001.50000000  .00001174  00000-0  96125-4 0  9990
2 45926  53.1708 307.3970 0001338 307.3970 307.3970 15.06380699    07
STARLINK-1227
1 45927U 19074A   24001.50000000  .00001174  00000-0  96125-4 0  9990
2 45927  53.1422 255.8850 0001338 255.8850 255.8850 15.06380699    07
STARLINK-1228
1 45928U 19074A   24001.50000000  .00001174  00000-0  96125-4 0  9990
2 45928  53.1139 204.9500 0001338 204.9500 204.9500 15.06380699    07
STARLINK-1229
1 45929U 19074A   24001.50000000  .00001174  00000-0  96125-4 0  9990
2 45929  53.0858 154.5160 0001338 154.5160 154.5160 15.06380699    07
STARLINK-1230
1 45930U 19074A   24001.50000000  .00001174  00000-0  96125-4 0  9990
2 45930  53.0577 103.8020 0001338 103.8020 103.8020 15.06380699    07
STARLINK-1231
1 45931U 19074A   24001.50000000  .00001174  00000-0  96125-4 0  9990
2 45931  53.1290 232.1250 0001338 232.1250 232.1250 15.06380699    07
STARLINK-1232
1 45932U 19074A   24001.50000000  .00001174  00000-0  96125-4 0  9990
2 45932  53.0004   0.7516 0001338   0.7516   0.7516 15.06380699    07
STARLINK-1233
1 45933U 19074A   24001.50000000  .00001174  00000-0  96125-4 0  9990
2 45933  53.0724 130.2910 0001338 130.2910 130.2910 15.06380699    07
STARLINK-1234
1 45934U 19074A   24001.50000000  .00001174  00000-0  96125-4 0  9990
2 45934  53.0446  80.3225 0001338  80.3225  80.3225 15.06380699    07
STARLINK-1235
1 45935U 19074A   24001.50000000  .00001174  00000-0  96125-4 0  9990
2 45935  53.1165 209.6630 0001338 209.6630 209.6630 15.06380699    07
STARLINK-1236
1 45936U 19074A   24001.50000000  .00001174  00000-0  96125-4 0  9990
2 45936  53.1874 337.2600 0001338 337.2600 337.2600 15.06380699    07
STARLINK-1237
1 45937U 19074A   24001.50000000  .00001174  00000-0  96125-4 0  9990
2 45937  53.1593 286.7130 0001338 286.7130 286.7130 15.06380699    07
STARLINK-1238
1 45938U 19074A   24001.50000000  .00001174  00000-0  96125-4 0  9990
2 45938  53.1309 235.5410 0001338 235.5410 235.5410 15.06380699    07
STARLINK-1239
1 45939U 19074A   24001.50000000  .00001174  00000-0  96125-4 0  9990
2 45939  53.0033   5.9618 0001338   5.9618   5.9618 15.06380699    07
STARLINK-1240
1 45940U 19074A   24001.50000000  .00001174  00000-0  96125-4 0  9990
2 45940  53.0743 133.7920 0001338 133.7920 133.7920 15.06380699    07
STARLINK-1241
1 45941U 19074A   24001.50000000  .00001174  00000-0  96125-4 0  9990
2 45941  53.1462 263.1020 0001338 263.1020 263.1020 15.06380699    07
STARLINK-1242
1 45942U 19074A   24001.50000000  .00001174  00000-0  96125-4 0  9990
2 45942  53.1174 211.3430 0001338 211.3430 211.3430 15.06380699    07
STARLINK-1243
1 45943U 19074A   24001.50000000  .00001174  00000-0  96125-4 0  9990
2 45943  53.0895 161.0710 0001338 161.0710 161.0710 15.06380699    07
STARLINK-1244
1 45944U 19074A   24001.50000000  .00001174  00000-0  96125-4 0  9990
2 45944  53.0607 109.3060 0001338 109.3060 109.3060 15.06380699    07
STARLINK-1245
1 45945U 19074A   24001.50000000  .00001174  00000-0  96125-4 0  9990
2 45945  53.1328 239.0170 0001338 239.0170 239.0170 15.06380699    07
STARLINK-1246
1 45946U 19074A   24001.50000000  .00001174  00000-0  96125-4 0  9990
2 45946  53.1040 187.2790 0001338 187.2790 187.2790 15.06380699    07
STARLINK-1247
1 45947U 19074A   24001.50000000  .00001174  00000-0  96125-4 0  9990
2 45947  53.1768 318.2250 0001338 318.2250 318.2250 15.06380699    07
STARLINK-1248
1 45948U 19074A   24001.50000000  .00001174  00000-0  96125-4 0  9990
2 45948  53.1483 266.8700 0001338 266.8700 266.8700 15.06380699    07
STARLINK-1249
1 45949U 19074A   24001.50000000  .00001174  00000-0  96125-4 0  9990
2 45949  53.1184 213.1950 0001338 213.1950 213.1950 15.06380699    07
STARLINK-1250
1 45950U 19074A   24001.50000000  .00001174  00000-0  96125-4 0  9990
2 45950  53.0910 163.7950 0001338 163.7950 163.7950 15.06380699    07
STARLINK-1251
1 45951U 19074A   24001.50000000  .00001174  00000-0  96125-4 0  9990
2 45951  53.1622 292.0170 0001338 292.0170 292.0170 15.06380699    07
STARLINK-1252
1 45952U 19074A   24001.50000000  .00001174  00000-0  96125-4 0  9990
2 45952  53.0351  63.0967 0001338  63.0967  63.0967 15.06380699    07
STARLINK-1253
1 45953U 19074A   24001.50000000  .00001174  00000-0  96125-4 0  9990
2 45953  53.0056  10.1445 0001338  10.1445  10.1445 15.06380699    07
STARLINK-1254
1 45954U 19074A   24001.50000000  .00001174  00000-0  96125-4 0  9990
2 45954  53.1781 320.5090 0001338 320.5090 320.5090 15.06380699    07
STARLINK-1255
1 45955U 19074A   24001.50000000  .00001174  00000-0  96125-4 0  9990
2 45955  53.1494 268.9590 0001338 268.9590 268.9590 15.06380699    07
STARLINK-1256
1 45956U 19074A   24001.50000000  .00001174  00000-0  96125-4 0  9990
2 45956  53.1220 219.6480 0001338 219.6480 219.6480 15.06380699    07
STARLINK-1257
1 45957U 19074A   24001.50000000  .00001174  00000-0  96125-4 0  9990
2 45957  53.0924 166.3070 0001338 166.3070 166.3070 15.06380699    07
STARLINK-1258
1 45958U 19074A   24001.50000000  .00001174  00000-0  96125-4 0  9990
2 45958  53.1646 296.3490 0001338 296.3490 296.3490 15.06380699    07
STARLINK-1259
1 45959U 19074A   24001.50000000  .00001174  00000-0  96125-4 0  9990
2 45959  53.1358 244.5140 0001338 244.5140 244.5140 15.06380699    07
STARLINK-1260
1 45960U 19074A   24001.50000000  .00001174  00000-0  96125-4 0  9990
2 45960  53.1081 194.5080 0001338 194.5080 194.5080 15.06380699    07
STARLINK-1261
1 45961U 19074A   24001.50000000  .00001174  00000-0  96125-4 0  9990
2 45961  53.1792 322.5940 0001338 322.5940 322.5940 15.06380699    07
STARLINK-1262
1 45962U 19074A   24001.50000000  .00001174  00000-0  96125-4 0  9990
2 45962  53.0509  91.5893 0001338  91.5893  91.5893 15.06380699    07
STARLINK-1263
1 45963U 19074A   24001.50000000  .00001174  00000-0  96125-4 0  9990
2 45963  53.1233 221.8890 0001338 221.8890 221.8890 15.06380699    07
STARLINK-1264
1 45964U 19074A   24001.50000000  .00001174  00000-0  96125-4 0  9990
2 45964  53.1948 350.6430 0001338 350.6430 350.6430 15.06380699    07
STARLINK-1265
1 45965U 19074A   24001.50000000  .00001174  00000-0  96125-4 0  9990
2 45965  53.1667 300.0230 0001338 300.0230 300.0230 15.06380699    07
STARLINK-1266
1 45966U 19074A   24001.50000000  .00001174  00000-0  96125-4 0  9990
2 45966  53.0376  67.7590 0001338  67.7590  67.7590 15.06380699    07
STARLINK-1267
1 45967U 19074A   24001.50000000  .00001174  00000-0  96125-4 0  9990
2 45967  53.0100  17.9359 0001338  17.9359  17.9359 15.06380699    07
STARLINK-1268
1 45968U 19074A   24001.50000000  .00001174  00000-0  96125-4 0  9990
2 45968  53.0810 145.8830 0001338 145.8830 145.8830 15.06380699    07
STARLINK-1269
1 45969U 19074A   24001.50000000  .00001174  00000-0  96125-4 0  9990
2 45969  53.0526  94.6637 0001338  94.6637  94.6637 15.06380699    07
STARLINK-1270
1 45970U 19074A   24001.50000000  .00001174  00000-0  96125-4 0  9990
2 45970  53.1248 224.5880 0001338 224.5880 224.5880 15.06380699    07
STARLINK-1271
1 45971U 19074A   24001.50000000  .00001174  00000-0  96125-4 0  9990
2 45971  53.0961 172.9860 0001338 172.9860 172.9860 15.06380699    07
STARLINK-1272
1 45972U 19074A   24001.50000000  .00001174  00000-0  96125-4 0  9990
2 45972  53.1678 301.9670 0001338 301.9670 301.9670 15.06380699    07
STARLINK-1273
1 45973U 19074A   24001.50000000  .00001174  00000-0  96125-4 0  9990
2 45973  53.0394  70.9759 0001338  70.9759  70.9759 15.06380699    07
STARLINK-1274
1 45974U 19074A   24001.50000000  .00001174  00000-0  96125-4 0  9990
2 45974  53.0107  19.2032 0001338  19.2032  19.2032 15.06380699    07
STARLINK-1275
1 45975U 19074A   24001.50000000  .00001174  00000-0  96125-4 0  9990
2 45975  53.0829 149.2190 0001338 149.2190 149.2190 15.06380699    07
STARLINK-1276
1 45976U 19074A   24001.50000000  .00001174  00000-0  96125-4 0  9990
2 45976  53.1550 279.0240 0001338 279.0240 279.0240 15.06380699    07
STARLINK-1277
1 45977U 19074A   24001.50000000  .00001174  00000-0  96125-4 0  9990
2 45977  53.0265  47.6121 0001338  47.6121  47.6121 15.06380699    07
STARLINK-1278
1 45978U 19074A   24001.50000000  .00001174  00000-0  96125-4 0  9990
2 45978  53.1981 356.5100 0001338 356.5100 356.5100 15.06380699    07
STARLINK-1279
1 45979U 19074A   24001.50000000  .00001174  00000-0  96125-4 0  9990
2 45979  53.1702 306.3740 0001338 306.3740 306.3740 15.06380699    07
STARLINK-1280
1 45980U 19074A   24001.50000000  .00001174  00000-0  96125-4 0  9990
2 45980  53.0419  75.3581 0001338  75.3581  75.3581 15.06380699    07
STARLINK-1281
1 45981U 19074A   24001.50000000  .00001174  00000-0  96125-4 0  9990
2 45981  53.1128 203.0070 0001338 203.0070 203.0070 15.06380699    07
STARLINK-1282
1 45982U 19074A   24001.50000000  .00001174  00000-0  96125-4 0  9990
2 45982  53.0844 151.8370 0001338 151.8370 151.8370 15.06380699    07
STARLINK-1283
1 45983U 19074A   24001.50000000  .00001174  00000-0  96125-4 0  9990
2 45983  53.1561 280.9740 0001338 280.9740 280.9740 15.06380699    07
STARLINK-1284
1 45984U 19074A   24001.50000000  .00001174  00000-0  96125-4 0  9990
2 45984  53.0283  50.8560 0001338  50.8560  50.8560 15.06380699    07
STARLINK-1285
1 45985U 19074A   24001.50000000  .00001174  00000-0  96125-4 0  9990
2 45985  53.1996 359.1910 0001338 359.1910 359.1910 15.06380699    07
STARLINK-1286
1 45986U 19074A   24001.50000000  .00001174  00000-0  96125-4 0  9990
2 45986  53.1715 308.6840 0001338 308.6840 308.6840 15.06380699    07
STARLINK-1287
1 45987U 19074A   24001.50000000  .00001174  00000-0  96125-4 0  9990
2 45987  53.1429 257.2710 0001338 257.2710 257.2710 15.06380699    07
STARLINK-1288
1 45988U 19074A   24001.50000000  .00001174  00000-0  96125-4 0  9990
2 45988  53.0148  26.6135 0001338  26.6135  26.6135 15.06380699    07
STARLINK-1289
1 45989U 19074A   24001.50000000  .00001174  00000-0  96125-4 0  9990
2 45989  53.0864 155.4580 0001338 155.4580 155.4580 15.06380699    07
STARLINK-1290
1 45990U 19074A   24001.50000000  .00001174  00000-0  96125-4 0  9990
2 45990  53.0573 103.2240 0001338 103.2240 103.2240 15.06380699    07
STARLINK-1291
1 45991U 19074A   24001.50000000  .00001174  00000-0  96125-4 0  9990
2 45991  53.0292  52.6058 0001338  52.6058  52.6058 15.06380699    07
STARLINK-1292
1 45992U 19074A   24001.50000000  .00001174  00000-0  96125-4 0  9990
2 45992  53.0014   2.4340 0001338   2.4340   2.4340 15.06380699    07
STARLINK-1293
1 45993U 19074A   24001.50000000  .00001174  00000-0  96125-4 0  9990
2 45993  53.1727 310.8940 0001338 310.8940 310.8940 15.06380699    07
STARLINK-1294
1 45994U 19074A   24001.50000000  .00001174  00000-0  96125-4 0  9990
2 45994  53.0453  81.5405 0001338  81.5405  81.5405 15.06380699    07
STARLINK-1295
1 45995U 19074A   24001.50000000  .00001174  00000-0  96125-4 0  9990
2 45995  53.1158 208.4790 0001338 208.4790 208.4790 15.06380699    07
STARLINK-1296
1 45996U 19074A   24001.50000000  .00001174  00000-0  96125-4 0  9990
2 45996  53.0880 158.4530 0001338 158.4530 158.4530 15.06380699    07
STARLINK-1297
1 45997U 19074A   24001.50000000  .00001174  00000-0  96125-4 0  9990
2 45997  53.1599 287.7960 0001338 287.7960 287.7960 15.06380699    07
STARLINK-1298
1 45998U 19074A   24001.50000000  .00001174  00000-0  96125-4 0  9990
2 45998  53.1315 236.6710 0001338 236.6710 236.6710 15.06380699    07
STARLINK-1299
1 45999U 19074A   24001.50000000  .00001174  00000-0  96125-4 0  9990
2 45999  53.0035   6.3373 0001338   6.3373   6.3373 15.06380699    07
STARLINK-1300
1 46000U 19074A   24001.50000000  .00001174  00000-0  96125-4 0  9990
2 46000  53.1755 315.8530 0001338 315.8530 315.8530 15.06380699    07
STARLINK-1301
1 46001U 19074A   24001.50000000  .00001174  00000-0  96125-4 0  9990
2 46001  53.0471  84.7785 0001338  84.7785  84.7785 15.06380699    07
STARLINK-1302
1 46002U 19074A   24001.50000000  .00001174  00000-0  96125-4 0  9990
2 46002  53.1185 213.2770 0001338 213.2770 213.2770 15.06380699    07
STARLINK-1303
1 46003U 19074A   24001.50000000  .00001174  00000-0  96125-4 0  9990
2 46003  53.0901 162.1430 0001338 162.1430 162.1430 15.06380699    07
STARLINK-1304
1 46004U 19074A   24001.50000000  .00001174  00000-0  96125-4 0  9990
2 46004  53.0620 111.5320 0001338 111.5320 111.5320 15.06380699    07
STARLINK-1305
1 46005U 19074A   24001.50000000  .00001174  00000-0  96125-4 0  9990
2 46005  53.0335  60.3134 0001338  60.3134  60.3134 15.06380699    07
STARLINK-1306
1 46006U 19074A   24001.50000000  .00001174  00000-0  96125-4 0  9990
2 46006  53.1044 187.9140 0001338 187.9140 187.9140 15.06380699    07
STARLINK-1307
1 46007U 19074A   24001.50000000  .00001174  00000-0  96125-4 0  9990
2 46007  53.1767 318.1200 0001338 318.1200 318.1200 15.06380699    07
STARLINK-1308
1 46008U 19074A   24001.50000000  .00001174  00000-0  96125-4 0  9990
2 46008  53.0482  86.7397 0001338  86.7397  86.7397 15.06380699    07
STARLINK-1309
1 46009U 19074A   24001.50000000  .00001174  00000-0  96125-4 0  9990
2 46009  53.1199 215.8570 0001338 215.8570 215.8570 15.06380699    07
STARLINK-1310
1 46010U 19074A   24001.50000000  .00001174  00000-0  96125-4 0  9990
2 46010  53.1910 343.7140 0001338 343.7140 343.7140 15.06380699    07
STARLINK-1311
1 46011U 19074A   24001.50000000  .00001174  00000-0  96125-4 0  9990
2 46011  53.0635 114.3600 0001338 114.3600 114.3600 15.06380699    07
STARLINK-1312
1 46012U 19074A   24001.50000000  .00001174  00000-0  96125-4 0  9990
2 46012  53.1352 243.3420 0001338 243.3420 243.3420 15.06380699    07
STARLINK-1313
1 46013U 19074A   24001.50000000  .00001174  00000-0  96125-4 0  9990
2 46013  53.1071 192.6910 0001338 192.6910 192.6910 15.06380699    07
STARLINK-1314
1 46014U 19074A   24001.50000000  .00001174  00000-0  96125-4 0  9990
2 46014  53.1778 320.0490 0001338 320.0490 320.0490 15.06380699    07
STARLINK-1315
1 46015U 19074A   24001.50000000  .00001174  00000-0  96125-4 0  9990
2 46015  53.0499  89.8116 0001338  89.8116  89.8116 15.06380699    07
STARLINK-1316
1 46016U 19074A   24001.50000000  .00001174  00000-0  96125-4 0  9990
2 46016  53.0222  39.9436 0001338  39.9436  39.9436 15.06380699    07
STARLINK-1317
1 46017U 19074A   24001.50000000  .00001174  00000-0  96125-4 0  9990
2 46017  53.0938 168.9270 0001338 168.9270 168.9270 15.06380699    07
STARLINK-1318
1 46018U 19074A   24001.50000000  .00001174  00000-0  96125-4 0  9990
2 46018  53.0656 118.0400 0001338 118.0400 118.0400 15.06380699    07
STARLINK-1319
1 46019U 19074A   24001.50000000  .00001174  00000-0  96125-4 0  9990
2 46019  53.0363  65.3237 0001338  65.3237  65.3237 15.06380699    07
STARLINK-1320
1 46020U 19074A   24001.50000000  .00001174  00000-0  96125-4 0  9990
2 46020  53.1091 196.3650 0001338 196.3650 196.3650 15.06380699    07
STARLINK-1321
1 46021U 19074A   24001.50000000  .00001174  00000-0  96125-4 0  9990
2 46021  53.1802 324.3960 0001338 324.3960 324.3960 15.06380699    07
STARLINK-1322
1 46022U 19074A   24001.50000000  .00001174  00000-0  96125-4 0  9990
2 46022  53.1514 272.5350 0001338 272.5350 272.5350 15.06380699    07
STARLINK-1323
1 46023U 19074A   24001.50000000  .00001174  00000-0  96125-4 0  9990
2 46023  53.1234 222.0590 0001338 222.0590 222.0590 15.06380699    07
STARLINK-1324
1 46024U 19074A   24001.50000000  .00001174  00000-0  96125-4 0  9990
2 46024  53.1951 351.1060 0001338 351.1060 351.1060 15.06380699    07
STARLINK-1325
1 46025U 19074A   24001.50000000  .00001174  00000-0  96125-4 0  9990
2 46025  53.0676 121.7490 0001338 121.7490 121.7490 15.06380699    07
STARLINK-1326
1 46026U 19074A   24001.50000000  .00001174  00000-0  96125-4 0  9990
2 46026  53.0381  68.6382 0001338  68.6382  68.6382 15.06380699    07
STARLINK-1327
1 46027U 19074A   24001.50000000  .00001174  00000-0  96125-4 0  9990
2 46027  53.1095 197.0270 0001338 197.0270 197.0270 15.06380699    07
STARLINK-1328
1 46028U 19074A   24001.50000000  .00001174  00000-0  96125-4 0  9990
2 46028  53.0822 147.8740 0001338 147.8740 147.8740 15.06380699    07
STARLINK-1329
1 46029U 19074A   24001.50000000  .00001174  00000-0  96125-4 0  9990
2 46029  53.1533 275.9570 0001338 275.9570 275.9570 15.06380699    07
STARLINK-1330
1 46030U 19074A   24001.50000000  .00001174  00000-0  96125-4 0  9990
2 46030  53.1252 225.3030 0001338 225.3030 225.3030 15.06380699    07
STARLINK-1331
1 46031U 19074A   24001.50000000  .00001174  00000-0  96125-4 0  9990
2 46031  53.1980 356.4690 0001338 356.4690 356.4690 15.06380699    07
STARLINK-1332
1 46032U 19074A   24001.50000000  .00001174  00000-0  96125-4 0  9990
2 46032  53.0683 123.0050 0001338 123.0050 123.0050 15.06380699    07
STARLINK-1333
1 46033U 19074A   24001.50000000  .00001174  00000-0  96125-4 0  9990
2 46033  53.1405 252.8710 0001338 252.8710 252.8710 15.06380699    07
STARLINK-1334
1 46034U 19074A   24001.50000000  .00001174  00000-0  96125-4 0  9990
2 46034  53.0114  20.4643 0001338  20.4643  20.4643 15.06380699    07
STARLINK-1335
1 46035U 19074A   24001.50000000  .00001174  00000-0  96125-4 0  9990
2 46035  53.0834 150.0470 0001338 150.0470 150.0470 15.06380699    07
STARLINK-1336
1 46036U 19074A   24001.50000000  .00001174  00000-0  96125-4 0  9990
2 46036  53.0545  98.0376 0001338  98.0376  98.0376 15.06380699    07
STARLINK-1337
1 46037U 19074A   24001.50000000  .00001174  00000-0  96125-4 0  9990
2 46037  53.0273  49.0537 0001338  49.0537  49.0537 15.06380699    07
STARLINK-1338
1 46038U 19074A   24001.50000000  .00001174  00000-0  96125-4 0  9990
2 46038  53.1971 354.8660 0001338 354.8660 354.8660 15.06380699    07
STARLINK-1339
1 46039U 19074A   24001.50000000  .00001174  00000-0  96125-4 0  9990
2 46039  53.0704 126.7480 0001338 126.7480 126.7480 15.06380699    07
STARLINK-1340
1 46040U 19074A   24001.50000000  .00001174  00000-0  96125-4 0  9990
2 46040  53.1422 256.0040 0001338 256.0040 256.0040 15.06380699    07
STARLINK-1341
1 46041U 19074A   24001.50000000  .00001174  00000-0  96125-4 0  9990
2 46041  53.0140  25.2344 0001338  25.2344  25.2344 15.06380699    07
STARLINK-1342
1 46042U 19074A   24001.50000000  .00001174  00000-0  96125-4 0  9990
2 46042  53.0856 154.0550 0001338 154.0550 154.0550 15.06380699    07
STARLINK-1343
1 46043U 19074A   24001.50000000  .00001174  00000-0  96125-4 0  9990
2 46043  53.1567 282.0660 0001338 282.0660 282.0660 15.06380699    07
STARLINK-1344
1 46044U 19074A   24001.50000000  .00001174  00000-0  96125-4 0  9990
2 46044  53.1290 232.2380 0001338 232.2380 232.2380 15.06380699    07
STARLINK-1345
1 46045U 19074A   24001.50000000  .00001174  00000-0  96125-4 0  9990
2 46045  53.1000 180.0890 0001338 180.0890 180.0890 15.06380699    07
STARLINK-1346
1 46046U 19074A   24001.50000000  .00001174  00000-0  96125-4 0  9990
2 46046  53.0726 130.7500 0001338 130.7500 130.7500 15.06380699    07
STARLINK-1347
1 46047U 19074A   24001.50000000  .00001174  00000-0  96125-4 0  9990
2 46047  53.1439 259.0790 0001338 259.0790 259.0790 15.06380699    07
STARLINK-1348
1 46048U 19074A   24001.50000000  .00001174  00000-0  96125-4 0  9990
2 46048  53.0158  28.4877 0001338  28.4877  28.4877 15.06380699    07
STARLINK-1349
1 46049U 19074A   24001.50000000  .00001174  00000-0  96125-4 0  9990
2 46049  53.0871 156.7680 0001338 156.7680 156.7680 15.06380699    07
STARLINK-1350
1 46050U 19074A   24001.50000000  .00001174  00000-0  96125-4 0  9990
2 46050  53.1596 287.2880 0001338 287.2880 287.2880 15.06380699    07
STARLINK-1351
1 46051U 19074A   24001.50000000  .00001174  00000-0  96125-4 0  9990
2 46051  53.1297 233.4210 0001338 233.4210 233.4210 15.06380699    07
STARLINK-1352
1 46052U 19074A   24001.50000000  .00001174  00000-0  96125-4 0  9990
2 46052  53.1027 184.8460 0001338 184.8460 184.8460 15.06380699    07
STARLINK-1353
1 46053U 19074A   24001.50000000  .00001174  00000-0  96125-4 0  9990
2 46053  53.1733 311.8700 0001338 311.8700 311.8700 15.06380699    07
STARLINK-1354
1 46054U 19074A   24001.50000000  .00001174  00000-0  96125-4 0  9990
2 46054  53.0463  83.2823 0001338  83.2823  83.2823 15.06380699    07
STARLINK-1355
1 46055U 19074A   24001.50000000  .00001174  00000-0  96125-4 0  9990
2 46055  53.1162 209.0850 0001338 209.0850 209.0850 15.06380699    07
STARLINK-1356
1 46056U 19074A   24001.50000000  .00001174  00000-0  96125-4 0  9990
2 46056  53.1884 339.1960 0001338 339.1960 339.1960 15.06380699    07
STARLINK-1357
1 46057U 19074A   24001.50000000  .00001174  00000-0  96125-4 0  9990
2 46057  53.1601 288.2330 0001338 288.2330 288.2330 15.06380699    07
STARLINK-1358
1 46058U 19074A   24001.50000000  .00001174  00000-0  96125-4 0  9990
2 46058  53.1318 237.2570 0001338 237.2570 237.2570 15.06380699    07
STARLINK-1359
1 46059U 19074A   24001.50000000  .00001174  00000-0  96125-4 0  9990
2 46059  53.0035   6.3568 0001338   6.3568   6.3568 15.06380699    07
STARLINK-1360
1 46060U 19074A   24001.50000000  .00001174  00000-0  96125-4 0  9990
2 46060  53.1750 314.9880 0001338 314.9880 314.9880 15.06380699    07
STARLINK-1361
1 46061U 19074A   24001.50000000  .00001174  00000-0  96125-4 0  9990
2 46061  53.1476 265.6190 0001338 265.6190 265.6190 15.06380699    07
STARLINK-1362
1 46062U 19074A   24001.50000000  .00001174  00000-0  96125-4 0  9990
2 46062  53.0199  35.8236 0001338  35.8236  35.8236 15.06380699    07
STARLINK-1363
1 46063U 19074A   24001.50000000  .00001174  00000-0  96125-4 0  9990
2 46063  53.1904 342.7590 0001338 342.7590 342.7590 15.06380699    07
STARLINK-1364
1 46064U 19074A   24001.50000000  .00001174  00000-0  96125-4 0  9990
2 46064  53.1617 291.1440 0001338 291.1440 291.1440 15.06380699    07
STARLINK-1365
1 46065U 19074A   24001.50000000  .00001174  00000-0  96125-4 0  9990
2 46065  53.0345  62.1814 0001338  62.1814  62.1814 15.06380699    07
STARLINK-1366
1 46066U 19074A   24001.50000000  .00001174  00000-0  96125-4 0  9990
2 46066  53.0057  10.2909 0001338  10.2909  10.2909 15.06380699    07
STARLINK-1367
1 46067U 19074A   24001.50000000  .00001174  00000-0  96125-4 0  9990
2 46067  53.0770 138.6410 0001338 138.6410 138.6410 15.06380699    07
STARLINK-1368
1 46068U 19074A   24001.50000000  .00001174  00000-0  96125-4 0  9990
2 46068  53.0485  87.3451 0001338  87.3451  87.3451 15.06380699    07
STARLINK-1369
1 46069U 19074A   24001.50000000  .00001174  00000-0  96125-4 0  9990
2 46069  53.1206 217.1400 0001338 217.1400 217.1400 15.06380699    07
STARLINK-1370
1 46070U 19074A   24001.50000000  .00001174  00000-0  96125-4 0  9990
2 46070  53.1920 345.6300 0001338 345.6300 345.6300 15.06380699    07
STARLINK-1371
1 46071U 19074A   24001.50000000  .00001174  00000-0  96125-4 0  9990
2 46071  53.1642 295.5210 0001338 295.5210 295.5210 15.06380699    07
STARLINK-1372
1 46072U 19074A   24001.50000000  .00001174  00000-0  96125-4 0  9990
2 46072  53.1355 243.9130 0001338 243.9130 243.9130 15.06380699    07
STARLINK-1373
1 46073U 19074A   24001.50000000  .00001174  00000-0  96125-4 0  9990
2 46073  53.1070 192.6490 0001338 192.6490 192.6490 15.06380699    07
STARLINK-1374
1 46074U 19074A   24001.50000000  .00001174  00000-0  96125-4 0  9990
2 46074  53.1788 321.8380 0001338 321.8380 321.8380 15.06380699    07
STARLINK-1375
1 46075U 19074A   24001.50000000  .00001174  00000-0  96125-4 0  9990
2 46075  53.0508  91.4450 0001338  91.4450  91.4450 15.06380699    07
STARLINK-1376
1 46076U 19074A   24001.50000000  .00001174  00000-0  96125-4 0  9990
2 46076  53.1221 219.6910 0001338 219.6910 219.6910 15.06380699    07
STARLINK-1377
1 46077U 19074A   24001.50000000  .00001174  00000-0  96125-4 0  9990
2 46077  53.0943 169.6850 0001338 169.6850 169.6850 15.06380699    07
STARLINK-1378
1 46078U 19074A   24001.50000000  .00001174  00000-0  96125-4 0  9990
2 46078  53.0665 119.7890 0001338 119.7890 119.7890 15.06380699    07
STARLINK-1379
1 46079U 19074A   24001.50000000  .00001174  00000-0  96125-4 0  9990
2 46079  53.0361  64.9891 0001338  64.9891  64.9891 15.06380699    07
STARLINK-1380
1 46080U 19074A   24001.50000000  .00001174  00000-0  96125-4 0  9990
2 46080  53.0083  14.9170 0001338  14.9170  14.9170 15.06380699    07
STARLINK-1381
1 46081U 19074A   24001.50000000  .00001174  00000-0  96125-4 0  9990
2 46081  53.0803 144.6240 0001338 144.6240 144.6240 15.06380699    07
STARLINK-1382
1 46082U 19074A   24001.50000000  .00001174  00000-0  96125-4 0  9990
2 46082  53.1519 273.4540 0001338 273.4540 273.4540 15.06380699    07
STARLINK-1383
1 46083U 19074A   24001.50000000  .00001174  00000-0  96125-4 0  9990
2 46083  53.0240  43.2719 0001338  43.2719  43.2719 15.06380699    07
STARLINK-1384
1 46084U 19074A   24001.50000000  .00001174  00000-0  96125-4 0  9990
2 46084  53.1960 352.7750 0001338 352.7750 352.7750 15.06380699    07
STARLINK-1385
1 46085U 19074A   24001.50000000  .00001174  00000-0  96125-4 0  9990
2 46085  53.0678 121.9550 0001338 121.9550 121.9550 15.06380699    07
STARLINK-1386
1 46086U 19074A   24001.50000000  .00001174  00000-0  96125-4 0  9990
2 46086  53.0390  70.2021 0001338  70.2021  70.2021 15.06380699    07
STARLINK-1387
1 46087U 19074A   24001.50000000  .00001174  00000-0  96125-4 0  9990
2 46087  53.0107  19.2863 0001338  19.2863  19.2863 15.06380699    07
STARLINK-1388
1 46088U 19074A   24001.50000000  .00001174  00000-0  96125-4 0  9990
2 46088  53.1820 327.6800 0001338 327.6800 327.6800 15.06380699    07
STARLINK-1389
1 46089U 19074A   24001.50000000  .00001174  00000-0  96125-4 0  9990
2 46089  53.0545  98.0124 0001338  98.0124  98.0124 15.06380699    07
STARLINK-1390
1 46090U 19074A   24001.50000000  .00001174  00000-0  96125-4 0  9990
2 46090  53.0260  46.8135 0001338  46.8135  46.8135 15.06380699    07
STARLINK-1391
1 46091U 19074A   24001.50000000  .00001174  00000-0  96125-4 0  9990
2 46091  53.0973 175.0980 0001338 175.0980 175.0980 15.06380699    07
STARLINK-1392
1 46092U 19074A   24001.50000000  .00001174  00000-0  96125-4 0  9990
2 46092  53.1691 304.4390 0001338 304.4390 304.4390 15.06380699    07
STARLINK-1393
1 46093U 19074A   24001.50000000  .00001174  00000-0  96125-4 0  9990
2 46093  53.0412  74.2324 0001338  74.2324  74.2324 15.06380699    07
STARLINK-1394
1 46094U 19074A   24001.50000000  .00001174  00000-0  96125-4 0  9990
2 46094  53.1127 202.8290 0001338 202.8290 202.8290 15.06380699    07
STARLINK-1395
1 46095U 19074A   24001.50000000  .00001174  00000-0  96125-4 0  9990
2 46095  53.1842 331.5970 0001338 331.5970 331.5970 15.06380699    07
STARLINK-1396
1 46096U 19074A   24001.50000000  .00001174  00000-0  96125-4 0  9990
2 46096  53.0554  99.7782 0001338  99.7782  99.7782 15.06380699    07
STARLINK-1397
1 46097U 19074A   24001.50000000  .00001174  00000-0  96125-4 0  9990
2 46097  53.0264  47.4544 0001338  47.4544  47.4544 15.06380699    07
STARLINK-1398
1 46098U 19074A   24001.50000000  .00001174  00000-0  96125-4 0  9990
2 46098  53.0994 178.9280 0001338 178.9280 178.9280 15.06380699    07
STARLINK-1399
1 46099U 19074A   24001.50000000  .00001174  00000-0  96125-4 0  9990
2 46099  53.0708 127.4470 0001338 127.4470 127.4470 15.06380699    07
STARLINK-1400
1 46100U 19074A   24001.50000000  .00001174  00000-0  96125-4 0  9990
2 46100  53.0422  76.0064 0001338  76.0064  76.0064 15.06380699    07
STARLINK-1401
1 46101U 19074A   24001.50000000  .00001174  00000-0  96125-4 0  9990
2 46101  53.1141 205.3650 0001338 205.3650 205.3650 15.06380699    07
STARLINK-1402
1 46102U 19074A   24001.50000000  .00001174  00000-0  96125-4 0  9990
2 46102  53.1854 333.7440 0001338 333.7440 333.7440 15.06380699    07
STARLINK-1403
1 46103U 19074A   24001.50000000  .00001174  00000-0  96125-4 0  9990
2 46103  53.1584 285.0670 0001338 285.0670 285.0670 15.06380699    07
STARLINK-1404
1 46104U 19074A   24001.50000000  .00001174  00000-0  96125-4 0  9990
2 46104  53.0295  53.1035 0001338  53.1035  53.1035 15.06380699    07
STARLINK-1405
1 46105U 19074A   24001.50000000  .00001174  00000-0  96125-4 0  9990
2 46105  53.1005 180.9640 0001338 180.9640 180.9640 15.06380699    07
STARLINK-1406
1 46106U 19074A   24001.50000000  .00001174  00000-0  96125-4 0  9990
2 46106  53.1727 310.8310 0001338 310.8310 310.8310 15.06380699    07
STARLINK-1407
1 46107U 19074A   24001.50000000  .00001174  00000-0  96125-4 0  9990
2 46107  53.0455  81.8227 0001338  81.8227  81.8227 15.06380699    07
STARLINK-1408
1 46108U 19074A   24001.50000000  .00001174  00000-0  96125-4 0  9990
2 46108  53.1155 207.8810 0001338 207.8810 207.8810 15.06380699    07
STARLINK-1409
1 46109U 19074A   24001.50000000  .00001174  00000-0  96125-4 0  9990
2 46109  53.1875 337.4850 0001338 337.4850 337.4850 15.06380699    07
STARLINK-1410
1 46110U 19074A   24001.50000000  .00001174  00000-0  96125-4 0  9990
2 46110  53.0588 105.9220 0001338 105.9220 105.9220 15.06380699    07
STARLINK-1411
1 46111U 19074A   24001.50000000  .00001174  00000-0  96125-4 0  9990
2 46111  53.0305  54.8831 0001338  54.8831  54.8831 15.06380699    07
STARLINK-1412
1 46112U 19074A   24001.50000000  .00001174  00000-0  96125-4 0  9990
2 46112  53.1023 184.0650 0001338 184.0650 184.0650 15.06380699    07
STARLINK-1413
1 46113U 19074A   24001.50000000  .00001174  00000-0  96125-4 0  9990
2 46113  53.1735 312.2960 0001338 312.2960 312.2960 15.06380699    07
STARLINK-1414
1 46114U 19074A   24001.50000000  .00001174  00000-0  96125-4 0  9990
2 46114  53.1455 261.9080 0001338 261.9080 261.9080 15.06380699    07
STARLINK-1415
1 46115U 19074A   24001.50000000  .00001174  00000-0  96125-4 0  9990
2 46115  53.0169  30.4702 0001338  30.4702  30.4702 15.06380699    07
STARLINK-1416
1 46116U 19074A   24001.50000000  .00001174  00000-0  96125-4 0  9990
2 46116  53.1892 340.5440 0001338 340.5440 340.5440 15.06380699    07
STARLINK-1417
1 46117U 19074A   24001.50000000  .00001174  00000-0  96125-4 0  9990
2 46117  53.1606 289.1200 0001338 289.1200 289.1200 15.06380699    07
STARLINK-1418
1 46118U 19074A   24001.50000000  .00001174  00000-0  96125-4 0  9990
2 46118  53.0326  58.6479 0001338  58.6479  58.6479 15.06380699    07
STARLINK-1419
1 46119U 19074A   24001.50000000  .00001174  00000-0  96125-4 0  9990
2 46119  53.0040   7.1765 0001338   7.1765   7.1765 15.06380699    07
STARLINK-1420
1 46120U 19074A   24001.50000000  .00001174  00000-0  96125-4 0  9990
2 46120  53.1751 315.1660 0001338 315.1660 315.1660 15.06380699    07
STARLINK-1421
1 46121U 19074A   24001.50000000  .00001174  00000-0  96125-4 0  9990
2 46121  53.0472  84.8883 0001338  84.8883  84.8883 15.06380699    07
STARLINK-1422
1 46122U 19074A   24001.50000000  .00001174  00000-0  96125-4 0  9990
2 46122  53.0199  35.7483 0001338  35.7483  35.7483 15.06380699    07
STARLINK-1423
1 46123U 19074A   24001.50000000  .00001174  00000-0  96125-4 0  9990
2 46123  53.0917 165.0980 0001338 165.0980 165.0980 15.06380699    07
STARLINK-1424
1 46124U 19074A   24001.50000000  .00001174  00000-0  96125-4 0  9990
2 46124  53.1623 292.2050 0001338 292.2050 292.2050 15.06380699    07
STARLINK-1425
1 46125U 19074A   24001.50000000  .00001174  00000-0  96125-4 0  9990
2 46125  53.1345 242.0400 0001338 242.0400 242.0400 15.06380699    07
STARLINK-1426
1 46126U 19074A   24001.50000000  .00001174  00000-0  96125-4 0  9990
2 46126  53.1062 191.1540 0001338 191.1540 191.1540 15.06380699    07
STARLINK-1427
1 46127U 19074A   24001.50000000  .00001174  00000-0  96125-4 0  9990
2 46127  53.0780 140.4280 0001338 140.4280 140.4280 15.06380699    07
STARLINK-1428
1 46128U 19074A   24001.50000000  .00001174  00000-0  96125-4 0  9990
2 46128  53.0494  88.9354 0001338  88.9354  88.9354 15.06380699    07
STARLINK-1429
1 46129U 19074A   24001.50000000  .00001174  00000-0  96125-4 0  9990
2 46129  53.0210  37.7617 0001338  37.7617  37.7617 15.06380699    07
STARLINK-1430
1 46130U 19074A   24001.50000000  .00001174  00000-0  96125-4 0  9990
2 46130  53.1933 347.9280 0001338 347.9280 347.9280 15.06380699    07
STARLINK-1431
1 46131U 19074A   24001.50000000  .00001174  00000-0  96125-4 0  9990
2 46131  53.0654 117.6900 0001338 117.6900 117.6900 15.06380699    07
STARLINK-1432
1 46132U 19074A   24001.50000000  .00001174  00000-0  96125-4 0  9990
2 46132  53.0362  65.1760 0001338  65.1760  65.1760 15.06380699    07
STARLINK-1433
1 46133U 19074A   24001.50000000  .00001174  00000-0  96125-4 0  9990
2 46133  53.0080  14.4108 0001338  14.4108  14.4108 15.06380699    07
STARLINK-1434
1 46134U 19074A   24001.50000000  .00001174  00000-0  96125-4 0  9990
2 46134  53.0786 141.5430 0001338 141.5430 141.5430 15.06380699    07
STARLINK-1435
1 46135U 19074A   24001.50000000  .00001174  00000-0  96125-4 0  9990
2 46135  53.0520  93.6712 0001338  93.6712  93.6712 15.06380699    07
STARLINK-1436
1 46136U 19074A   24001.50000000  .00001174  00000-0  96125-4 0  9990
2 46136  53.1230 221.4820 0001338 221.4820 221.4820 15.06380699    07
STARLINK-1437
1 46137U 19074A   24001.50000000  .00001174  00000-0  96125-4 0  9990
2 46137  53.0950 170.9410 0001338 170.9410 170.9410 15.06380699    07
STARLINK-1438
1 46138U 19074A   24001.50000000  .00001174  00000-0  96125-4 0  9990
2 46138  53.1659 298.6260 0001338 298.6260 298.6260 15.06380699    07
STARLINK-1439
1 46139U 19074A   24001.50000000  .00001174  00000-0  96125-4 0  9990
2 46139  53.1377 247.8140 0001338 247.8140 247.8140 15.06380699    07
STARLINK-1440
1 46140U 19074A   24001.50000000  .00001174  00000-0  96125-4 0  9990
2 46140  53.1097 197.3870 0001338 197.3870 197.3870 15.06380699    07
STARLINK-1441
1 46141U 19074A   24001.50000000  .00001174  00000-0  96125-4 0  9990
2 46141  53.0806 145.1120 0001338 145.1120 145.1120 15.06380699    07
STARLINK-1442
1 46142U 19074A   24001.50000000  .00001174  00000-0  96125-4 0  9990
2 46142  53.1524 274.2860 0001338 274.2860 274.2860 15.06380699    07
STARLINK-1443
1 46143U 19074A   24001.50000000  .00001174  00000-0  96125-4 0  9990
2 46143  53.1243 223.8190 0001338 223.8190 223.8190 15.06380699    07
STARLINK-1444
1 46144U 19074A   24001.50000000  .00001174  00000-0  96125-4 0  9990
2 46144  53.1960 352.7850 0001338 352.7850 352.7850 15.06380699    07
STARLINK-1445
1 46145U 19074A   24001.50000000  .00001174  00000-0  96125-4 0  9990
2 46145  53.0674 121.3500 0001338 121.3500 121.3500 15.06380699    07
STARLINK-1446
1 46146U 19074A   24001.50000000  .00001174  00000-0  96125-4 0  9990
2 46146  53.0399  71.8802 0001338  71.8802  71.8802 15.06380699    07
STARLINK-1447
1 46147U 19074A   24001.50000000  .00001174  00000-0  96125-4 0  9990
2 46147  53.0113  20.2960 0001338  20.2960  20.2960 15.06380699    07
STARLINK-1448
1 46148U 19074A   24001.50000000  .00001174  00000-0  96125-4 0  9990
2 46148  53.1842 331.5910 0001338 331.5910 331.5910 15.06380699    07
STARLINK-1449
1 46149U 19074A   24001.50000000  .00001174  00000-0  96125-4 0  9990
2 46149  53.0548  98.6460 0001338  98.6460  98.6460 15.06380699    07
STARLINK-1450
1 46150U 19074A   24001.50000000  .00001174  00000-0  96125-4 0  9990
2 46150  53.1267 228.0950 0001338 228.0950 228.0950 15.06380699    07
STARLINK-1451
1 46151U 19074A   24001.50000000  .00001174  00000-0  96125-4 0  9990
2 46151  53.0980 176.3550 0001338 176.3550 176.3550 15.06380699    07
STARLINK-1452
1 46152U 19074A   24001.50000000  .00001174  00000-0  96125-4 0  9990
2 46152  53.0698 125.6370 0001338 125.6370 125.6370 15.06380699    07
STARLINK-1453
1 46153U 19074A   24001.50000000  .00001174  00000-0  96125-4 0  9990
2 46153  53.0421  75.7304 0001338  75.7304  75.7304 15.06380699    07
STARLINK-1454
1 46154U 19074A   24001.50000000  .00001174  00000-0  96125-4 0  9990
2 46154  53.1134 204.0460 0001338 204.0460 204.0460 15.06380699    07
STARLINK-1455
1 46155U 19074A   24001.50000000  .00001174  00000-0  96125-4 0  9990
2 46155  53.1846 332.3180 0001338 332.3180 332.3180 15.06380699    07
STARLINK-1456
1 46156U 19074A   24001.50000000  .00001174  00000-0  96125-4 0  9990
2 46156  53.1563 281.3190 0001338 281.3190 281.3190 15.06380699    07
STARLINK-1457
1 46157U 19074A   24001.50000000  .00001174  00000-0  96125-4 0  9990
2 46157  53.0275  49.4522 0001338  49.4522  49.4522 15.06380699    07
STARLINK-1458
1 46158U 19074A   24001.50000000  .00001174  00000-0  96125-4 0  9990
2 46158  53.1995 359.1190 0001338 359.1190 359.1190 15.06380699    07
STARLINK-1459
1 46159U 19074A   24001.50000000  .00001174  00000-0  96125-4 0  9990
2 46159  53.1719 309.4310 0001338 309.4310 309.4310 15.06380699    07
STARLINK-1460
1 46160U 19074A   24001.50000000  .00001174  00000-0  96125-4 0  9990
2 46160  53.0431  77.5387 0001338  77.5387  77.5387 15.06380699    07
STARLINK-1461
1 46161U 19074A   24001.50000000  .00001174  00000-0  96125-4 0  9990
2 46161  53.1146 206.2740 0001338 206.2740 206.2740 15.06380699    07
STARLINK-1462
1 46162U 19074A   24001.50000000  .00001174  00000-0  96125-4 0  9990
2 46162  53.0869 156.3760 0001338 156.3760 156.3760 15.06380699    07
STARLINK-1463
1 46163U 19074A   24001.50000000  .00001174  00000-0  96125-4 0  9990
2 46163  53.0577 103.8770 0001338 103.8770 103.8770 15.06380699    07
STARLINK-1464
1 46164U 19074A   24001.50000000  .00001174  00000-0  96125-4 0  9990
2 46164  53.0298  53.6234 0001338  53.6234  53.6234 15.06380699    07
STARLINK-1465
1 46165U 19074A   24001.50000000  .00001174  00000-0  96125-4 0  9990
2 46165  53.0006   1.1162 0001338   1.1162   1.1162 15.06380699    07
STARLINK-1466
1 46166U 19074A   24001.50000000  .00001174  00000-0  96125-4 0  9990
2 46166  53.1728 310.9830 0001338 310.9830 310.9830 15.06380699    07
STARLINK-1467
1 46167U 19074A   24001.50000000  .00001174  00000-0  96125-4 0  9990
2 46167  53.1450 261.0430 0001338 261.0430 261.0430 15.06380699    07
STARLINK-1468
1 46168U 19074A   24001.50000000  .00001174  00000-0  96125-4 0  9990
2 46168  53.0172  30.9843 0001338  30.9843  30.9843 15.06380699    07
STARLINK-1469
1 46169U 19074A   24001.50000000  .00001174  00000-0  96125-4 0  9990
2 46169  53.0884 159.0730 0001338 159.0730 159.0730 15.06380699    07
STARLINK-1470
1 46170U 19074A   24001.50000000  .00001174  00000-0  96125-4 0  9990
2 46170  53.1593 286.7010 0001338 286.7010 286.7010 15.06380699    07
STARLINK-1471
1 46171U 19074A   24001.50000000  .00001174  00000-0  96125-4 0  9990
2 46171  53.1321 237.8100 0001338 237.8100 237.8100 15.06380699    07
STARLINK-1472
1 46172U 19074A   24001.50000000  .00001174  00000-0  96125-4 0  9990
2 46172  53.1032 185.8360 0001338 185.8360 185.8360 15.06380699    07
STARLINK-1473
1 46173U 19074A   24001.50000000  .00001174  00000-0  96125-4 0  9990
2 46173  53.1747 314.4970 0001338 314.4970 314.4970 15.06380699    07
STARLINK-1474
1 46174U 19074A   24001.50000000  .00001174  00000-0  96125-4 0  9990
2 46174  53.1463 263.3120 0001338 263.3120 263.3120 15.06380699    07
STARLINK-1475
1 46175U 19074A   24001.50000000  .00001174  00000-0  96125-4 0  9990
2 46175  53.1176 211.7070 0001338 211.7070 211.7070 15.06380699    07
STARLINK-1476
1 46176U 19074A   24001.50000000  .00001174  00000-0  96125-4 0  9990
2 46176  53.1900 341.9190 0001338 341.9190 341.9190 15.06380699    07
STARLINK-1477
1 46177U 19074A   24001.50000000  .00001174  00000-0  96125-4 0  9990
2 46177  53.0620 111.6200 0001338 111.6200 111.6200 15.06380699    07
STARLINK-1478
1 46178U 19074A   24001.50000000  .00001174  00000-0  96125-4 0  9990
2 46178  53.1331 239.6200 0001338 239.6200 239.6200 15.06380699    07
STARLINK-1479
1 46179U 19074A   24001.50000000  .00001174  00000-0  96125-4 0  9990
2 46179  53.1052 189.3050 0001338 189.3050 189.3050 15.06380699    07
STARLINK-1480
1 46180U 19074A   24001.50000000  .00001174  00000-0  96125-4 0  9990
2 46180  53.1765 317.6780 0001338 317.6780 317.6780 15.06380699    07
STARLINK-1481
1 46181U 19074A   24001.50000000  .00001174  00000-0  96125-4 0  9990
2 46181  53.0491  88.4144 0001338  88.4144  88.4144 15.06380699    07
STARLINK-1482
1 46182U 19074A   24001.50000000  .00001174  00000-0  96125-4 0  9990
2 46182  53.1197 215.5480 0001338 215.5480 215.5480 15.06380699    07
STARLINK-1483
1 46183U 19074A   24001.50000000  .00001174  00000-0  96125-4 0  9990
2 46183  53.1920 345.6180 0001338 345.6180 345.6180 15.06380699    07
STARLINK-1484
1 46184U 19074A   24001.50000000  .00001174  00000-0  96125-4 0  9990
2 46184  53.1636 294.4010 0001338 294.4010 294.4010 15.06380699    07
STARLINK-1485
1 46185U 19074A   24001.50000000  .00001174  00000-0  96125-4 0  9990
2 46185  53.1356 244.1100 0001338 244.1100 244.1100 15.06380699    07
STARLINK-1486
1 46186U 19074A   24001.50000000  .00001174  00000-0  96125-4 0  9990
2 46186  53.1059 190.5490 0001338 190.5490 190.5490 15.06380699    07
STARLINK-1487
1 46187U 19074A   24001.50000000  .00001174  00000-0  96125-4 0  9990
2 46187  53.1783 321.0090 0001338 321.0090 321.0090 15.06380699    07
STARLINK-1488
1 46188U 19074A   24001.50000000  .00001174  00000-0  96125-4 0  9990
2 46188  53.1499 269.8360 0001338 269.8360 269.8360 15.06380699    07
STARLINK-1489
1 46189U 19074A   24001.50000000  .00001174  00000-0  96125-4 0  9990
2 46189  53.0217  39.0570 0001338  39.0570  39.0570 15.06380699    07
STARLINK-1490
1 46190U 19074A   24001.50000000  .00001174  00000-0  96125-4 0  9990
2 46190  53.1935 348.3510 0001338 348.3510 348.3510 15.06380699    07
STARLINK-1491
1 46191U 19074A   24001.50000000  .00001174  00000-0  96125-4 0  9990
2 46191  53.1645 296.1180 0001338 296.1180 296.1180 15.06380699    07
STARLINK-1492
1 46192U 19074A   24001.50000000  .00001174  00000-0  96125-4 0  9990
2 46192  53.0366  65.8790 0001338  65.8790  65.8790 15.06380699    07
STARLINK-1493
1 46193U 19074A   24001.50000000  .00001174  00000-0  96125-4 0  9990
2 46193  53.1085 195.3830 0001338 195.3830 195.3830 15.06380699    07
STARLINK-1494
1 46194U 19074A   24001.50000000  .00001174  00000-0  96125-4 0  9990
2 46194  53.0799 143.8860 0001338 143.8860 143.8860 15.06380699    07
STARLINK-1495
1 46195U 19074A   24001.50000000  .00001174  00000-0  96125-4 0  9990
2 46195  53.0515  92.7673 0001338  92.7673  92.7673 15.06380699    07
STARLINK-1496
1 46196U 19074A   24001.50000000  .00001174  00000-0  96125-4 0  9990
2 46196  53.1239 222.9710 0001338 222.9710 222.9710 15.06380699    07
STARLINK-1497
1 46197U 19074A   24001.50000000  .00001174  00000-0  96125-4 0  9990
2 46197  53.1944 349.9860 0001338 349.9860 349.9860 15.06380699    07
STARLINK-1498
1 46198U 19074A   24001.50000000  .00001174  00000-0  96125-4 0  9990
2 46198  53.0674 121.3590 0001338 121.3590 121.3590 15.06380699    07
STARLINK-1499
1 46199U 19074A   24001.50000000  .00001174  00000-0  96125-4 0  9990
2 46199  53.0387  69.6662 0001338  69.6662  69.6662 15.06380699    07
STARLINK-1500
1 46200U 19074A   24001.50000000  .00001174  00000-0  96125-4 0  9990
2 46200  53.1104 198.7240 0001338 198.7240 198.7240 15.06380699    07
STARLINK-1501
1 46201U 19074A   24001.50000000  .00001174  00000-0  96125-4 0  9990
2 46201  53.0816 146.9600 0001338 146.9600 146.9600 15.06380699    07
STARLINK-1502
1 46202U 19074A   24001.50000000  .00001174  00000-0  96125-4 0  9990
2 46202  53.1530 275.3990 0001338 275.3990 275.3990 15.06380699    07
STARLINK-1503
1 46203U 19074A   24001.50000000  .00001174  00000-0  96125-4 0  9990
2 46203  53.0246  44.2709 0001338  44.2709  44.2709 15.06380699    07
STARLINK-1504
1 46204U 19074A   24001.50000000  .00001174  00000-0  96125-4 0  9990
2 46204  53.1961 353.0530 0001338 353.0530 353.0530 15.06380699    07
STARLINK-1505
1 46205U 19074A   24001.50000000  .00001174  00000-0  96125-4 0  9990
2 46205  53.0688 123.8270 0001338 123.8270 123.8270 15.06380699    07
STARLINK-1506
1 46206U 19074A   24001.50000000  .00001174  00000-0  96125-4 0  9990
2 46206  53.0398  71.6846 0001338  71.6846  71.6846 15.06380699    07
STARLINK-1507
1 46207U 19074A   24001.50000000  .00001174  00000-0  96125-4 0  9990
2 46207  53.1114 200.4760 0001338 200.4760 200.4760 15.06380699    07
STARLINK-1508
1 46208U 19074A   24001.50000000  .00001174  00000-0  96125-4 0  9990
2 46208  53.0839 151.1030 0001338 151.1030 151.1030 15.06380699    07
STARLINK-1509
1 46209U 19074A   24001.50000000  .00001174  00000-0  96125-4 0  9990
2 46209  53.0550  99.0207 0001338  99.0207  99.0207 15.06380699    07
STARLINK-1510
1 46210U 19074A   24001.50000000  .00001174  00000-0  96125-4 0  9990
2 46210  53.0264  47.5859 0001338  47.5859  47.5859 15.06380699    07
STARLINK-1511
1 46211U 19074A   24001.50000000  .00001174  00000-0  96125-4 0  9990
2 46211  53.1984 357.1500 0001338 357.1500 357.1500 15.06380699    07
STARLINK-1512
1 46212U 19074A   24001.50000000  .00001174  00000-0  96125-4 0  9990
2 46212  53.1705 306.8900 0001338 306.8900 306.8900 15.06380699    07
STARLINK-1513
1 46213U 19074A   24001.50000000  .00001174  00000-0  96125-4 0  9990
2 46213  53.0427  76.9492 0001338  76.9492  76.9492 15.06380699    07
STARLINK-1514
1 46214U 19074A   24001.50000000  .00001174  00000-0  96125-4 0  9990
2 46214  53.1137 204.6130 0001338 204.6130 204.6130 15.06380699    07
STARLINK-1515
1 46215U 19074A   24001.50000000  .00001174  00000-0  96125-4 0  9990
2 46215  53.1850 332.9530 0001338 332.9530 332.9530 15.06380699    07
STARLINK-1516
1 46216U 19074A   24001.50000000  .00001174  00000-0  96125-4 0  9990
2 46216  53.1568 282.2870 0001338 282.2870 282.2870 15.06380699    07
STARLINK-1517
1 46217U 19074A   24001.50000000  .00001174  00000-0  96125-4 0  9990
2 46217  53.0284  51.1374 0001338  51.1374  51.1374 15.06380699    07
STARLINK-1518
1 46218U 19074A   24001.50000000  .00001174  00000-0  96125-4 0  9990
2 46218  53.0010   1.7376 0001338   1.7376   1.7376 15.06380699    07
STARLINK-1519
1 46219U 19074A   24001.50000000  .00001174  00000-0  96125-4 0  9990
2 46219  53.1715 308.7390 0001338 308.7390 308.7390 15.06380699    07
STARLINK-1520
1 46220U 19074A   24001.50000000  .00001174  00000-0  96125-4 0  9990
2 46220  53.1431 257.6320 0001338 257.6320 257.6320 15.06380699    07
STARLINK-1521
1 46221U 19074A   24001.50000000  .00001174  00000-0  96125-4 0  9990
2 46221  53.0158  28.3888 0001338  28.3888  28.3888 15.06380699    07
STARLINK-1522
1 46222U 19074A   24001.50000000  .00001174  00000-0  96125-4 0  9990
2 46222  53.1873 337.2130 0001338 337.2130 337.2130 15.06380699    07
STARLINK-1523
1 46223U 19074A   24001.50000000  .00001174  00000-0  96125-4 0  9990
2 46223  53.1582 284.7640 0001338 284.7640 284.7640 15.06380699    07
STARLINK-1524
1 46224U 19074A   24001.50000000  .00001174  00000-0  96125-4 0  9990
2 46224  53.0297  53.4780 0001338  53.4780  53.4780 15.06380699    07
STARLINK-1525
1 46225U 19074A   24001.50000000  .00001174  00000-0  96125-4 0  9990
2 46225  53.0017   2.9834 0001338   2.9834   2.9834 15.06380699    07
STARLINK-1526
1 46226U 19074A   24001.50000000  .00001174  00000-0  96125-4 0  9990
2 46226  53.1742 313.6150 0001338 313.6150 313.6150 15.06380699    07
STARLINK-1527
1 46227U 19074A   24001.50000000  .00001174  00000-0  96125-4 0  9990
2 46227  53.0449  80.7517 0001338  80.7517  80.7517 15.06380699    07
STARLINK-1528
1 46228U 19074A   24001.50000000  .00001174  00000-0  96125-4 0  9990
2 46228  53.0160  28.7385 0001338  28.7385  28.7385 15.06380699    07
STARLINK-1529
1 46229U 19074A   24001.50000000  .00001174  00000-0  96125-4 0  9990
2 46229  53.0886 159.5350 0001338 159.5350 159.5350 15.06380699    07
STARLINK-1530
1 46230U 19074A   24001.50000000  .00001174  00000-0  96125-4 0  9990
2 46230  53.1605 288.9000 0001338 288.9000 288.9000 15.06380699    07
STARLINK-1531
1 46231U 19074A   24001.50000000  .00001174  00000-0  96125-4 0  9990
2 46231  53.0328  59.0587 0001338  59.0587  59.0587 15.06380699    07
STARLINK-1532
1 46232U 19074A   24001.50000000  .00001174  00000-0  96125-4 0  9990
2 46232  53.1038 186.7630 0001338 186.7630 186.7630 15.06380699    07
STARLINK-1533
1 46233U 19074A   24001.50000000  .00001174  00000-0  96125-4 0  9990
2 46233  53.0750 135.0200 0001338 135.0200 135.0200 15.06380699    07
STARLINK-1534
1 46234U 19074A   24001.50000000  .00001174  00000-0  96125-4 0  9990
2 46234  53.1477 265.8040 0001338 265.8040 265.8040 15.06380699    07
STARLINK-1535
1 46235U 19074A   24001.50000000  .00001174  00000-0  96125-4 0  9990
2 46235  53.0190  34.2888 0001338  34.2888  34.2888 15.06380699    07
STARLINK-1536
1 46236U 19074A   24001.50000000  .00001174  00000-0  96125-4 0  9990
2 46236  53.1906 343.1300 0001338 343.1300 343.1300 15.06380699    07
STARLINK-1537
1 46237U 19074A   24001.50000000  .00001174  00000-0  96125-4 0  9990
2 46237  53.0626 112.6900 0001338 112.6900 112.6900 15.06380699    07
STARLINK-1538
1 46238U 19074A   24001.50000000  .00001174  00000-0  96125-4 0  9990
2 46238  53.0341  61.4456 0001338  61.4456  61.4456 15.06380699    07
STARLINK-1539
1 46239U 19074A   24001.50000000  .00001174  00000-0  96125-4 0  9990
2 46239  53.0047   8.4530 0001338   8.4530   8.4530 15.06380699    07
STARLINK-1540
1 46240U 19074A   24001.50000000  .00001174  00000-0  96125-4 0  9990
2 46240  53.1772 318.8760 0001338 318.8760 318.8760 15.06380699    07
STARLINK-1541
1 46241U 19074A   24001.50000000  .00001174  00000-0  96125-4 0  9990
2 46241  53.0484  87.1566 0001338  87.1566  87.1566 15.06380699    07
STARLINK-1542
1 46242U 19074A   24001.50000000  .00001174  00000-0  96125-4 0  9990
2 46242  53.1205 216.9070 0001338 216.9070 216.9070 15.06380699    07
STARLINK-1543
1 46243U 19074A   24001.50000000  .00001174  00000-0  96125-4 0  9990
2 46243  53.0916 164.9680 0001338 164.9680 164.9680 15.06380699    07
STARLINK-1544
1 46244U 19074A   24001.50000000  .00001174  00000-0  96125-4 0  9990
2 46244  53.1641 295.3060 0001338 295.3060 295.3060 15.06380699    07
STARLINK-1545
1 46245U 19074A   24001.50000000  .00001174  00000-0  96125-4 0  9990
2 46245  53.1359 244.6040 0001338 244.6040 244.6040 15.06380699    07
STARLINK-1546
1 46246U 19074A   24001.50000000  .00001174  00000-0  96125-4 0  9990
2 46246  53.0076  13.6224 0001338  13.6224  13.6224 15.06380699    07
STARLINK-1547
1 46247U 19074A   24001.50000000  .00001174  00000-0  96125-4 0  9990
2 46247  53.1783 321.0080 0001338 321.0080 321.0080 15.06380699    07
STARLINK-1548
1 46248U 19074A   24001.50000000  .00001174  00000-0  96125-4 0  9990
2 46248  53.0493  88.6527 0001338  88.6527  88.6527 15.06380699    07
STARLINK-1549
1 46249U 19074A   24001.50000000  .00001174  00000-0  96125-4 0  9990
2 46249  53.0220  39.6480 0001338  39.6480  39.6480 15.06380699    07
STARLINK-1550
1 46250U 19074A   24001.50000000  .00001174  00000-0  96125-4 0  9990
2 46250  53.1932 347.8220 0001338 347.8220 347.8220 15.06380699    07
STARLINK-1551
1 46251U 19074A   24001.50000000  .00001174  00000-0  96125-4 0  9990
2 46251  53.1647 296.4790 0001338 296.4790 296.4790 15.06380699    07
STARLINK-1552
1 46252U 19074A   24001.50000000  .00001174  00000-0  96125-4 0  9990
2 46252  53.1370 246.5810 0001338 246.5810 246.5810 15.06380699    07
STARLINK-1553
1 46253U 19074A   24001.50000000  .00001174  00000-0  96125-4 0  9990
2 46253  53.0093  16.7635 0001338  16.7635  16.7635 15.06380699    07
STARLINK-1554
1 46254U 19074A   24001.50000000  .00001174  00000-0  96125-4 0  9990
2 46254  53.1804 324.8060 0001338 324.8060 324.8060 15.06380699    07
STARLINK-1555
1 46255U 19074A   24001.50000000  .00001174  00000-0  96125-4 0  9990
2 46255  53.1521 273.8610 0001338 273.8610 273.8610 15.06380699    07
STARLINK-1556
1 46256U 19074A   24001.50000000  .00001174  00000-0  96125-4 0  9990
2 46256  53.0233  42.0292 0001338  42.0292  42.0292 15.06380699    07
STARLINK-1557
1 46257U 19074A   24001.50000000  .00001174  00000-0  96125-4 0  9990
2 46257  53.1953 351.4940 0001338 351.4940 351.4940 15.06380699    07
STARLINK-1558
1 46258U 19074A   24001.50000000  .00001174  00000-0  96125-4 0  9990
2 46258  53.0677 121.8560 0001338 121.8560 121.8560 15.06380699    07
STARLINK-1559
1 46259U 19074A   24001.50000000  .00001174  00000-0  96125-4 0  9990
2 46259  53.1394 250.9370 0001338 250.9370 250.9370 15.06380699    07
STARLINK-1560
1 46260U 19074A   24001.50000000  .00001174  00000-0  96125-4 0  9990
2 46260  53.0114  20.5837 0001338  20.5837  20.5837 15.06380699    07
STARLINK-1561
1 46261U 19074A   24001.50000000  .00001174  00000-0  96125-4 0  9990
2 46261  53.1820 327.6530 0001338 327.6530 327.6530 15.06380699    07
STARLINK-1562
1 46262U 19074A   24001.50000000  .00001174  00000-0  96125-4 0  9990
2 46262  53.1547 278.5470 0001338 278.5470 278.5470 15.06380699    07
STARLINK-1563
1 46263U 19074A   24001.50000000  .00001174  00000-0  96125-4 0  9990
2 46263  53.1257 226.2250 0001338 226.2250 226.2250 15.06380699    07
STARLINK-1564
1 46264U 19074A   24001.50000000  .00001174  00000-0  96125-4 0  9990
2 46264  53.0971 174.8690 0001338 174.8690 174.8690 15.06380699    07
STARLINK-1565
1 46265U 19074A   24001.50000000  .00001174  00000-0  96125-4 0  9990
2 46265  53.1687 303.5970 0001338 303.5970 303.5970 15.06380699    07
STARLINK-1566
1 46266U 19074A   24001.50000000  .00001174  00000-0  96125-4 0  9990
2 46266  53.0410  73.8474 0001338  73.8474  73.8474 15.06380699    07
STARLINK-1567
1 46267U 19074A   24001.50000000  .00001174  00000-0  96125-4 0  9990
2 46267  53.1124 202.3250 0001338 202.3250 202.3250 15.06380699    07
STARLINK-1568
1 46268U 19074A   24001.50000000  .00001174  00000-0  96125-4 0  9990
2 46268  53.1842 331.5040 0001338 331.5040 331.5040 15.06380699    07
STARLINK-1569
1 46269U 19074A   24001.50000000  .00001174  00000-0  96125-4 0  9990
2 46269  53.1552 279.3090 0001338 279.3090 279.3090 15.06380699    07
STARLINK-1570
1 46270U 19074A   24001.50000000  .00001174  00000-0  96125-4 0  9990
2 46270  53.1272 229.0140 0001338 229.0140 229.0140 15.06380699    07
STARLINK-1571
1 46271U 19074A   24001.50000000  .00001174  00000-0  96125-4 0  9990
2 46271  53.1991 358.4410 0001338 358.4410 358.4410 15.06380699    07
STARLINK-1572
1 46272U 19074A   24001.50000000  .00001174  00000-0  96125-4 0  9990
2 46272  53.1703 306.5830 0001338 306.5830 306.5830 15.06380699    07
STARLINK-1573
1 46273U 19074A   24001.50000000  .00001174  00000-0  96125-4 0  9990
2 46273  53.0434  78.0708 0001338  78.0708  78.0708 15.06380699    07
STARLINK-1574
1 46274U 19074A   24001.50000000  .00001174  00000-0  96125-4 0  9990
2 46274  53.0144  25.9731 0001338  25.9731  25.9731 15.06380699    07
STARLINK-1575
1 46275U 19074A   24001.50000000  .00001174  00000-0  96125-4 0  9990
2 46275  53.1866 335.9090 0001338 335.9090 335.9090 15.06380699    07
STARLINK-1576
1 46276U 19074A   24001.50000000  .00001174  00000-0  96125-4 0  9990
2 46276  53.0575 103.5700 0001338 103.5700 103.5700 15.06380699    07
STARLINK-1577
1 46277U 19074A   24001.50000000  .00001174  00000-0  96125-4 0  9990
2 46277  53.0303  54.5053 0001338  54.5053  54.5053 15.06380699    07
STARLINK-1578
1 46278U 19074A   24001.50000000  .00001174  00000-0  96125-4 0  9990
2 46278  53.0008   1.4175 0001338   1.4175   1.4175 15.06380699    07
STARLINK-1579
1 46279U 19074A   24001.50000000  .00001174  00000-0  96125-4 0  9990
2 46279  53.0731 131.5750 0001338 131.5750 131.5750 15.06380699    07
STARLINK-1580
1 46280U 19074A   24001.50000000  .00001174  00000-0  96125-4 0  9990
2 46280  53.0431  77.5200 0001338  77.5200  77.5200 15.06380699    07
STARLINK-1581
1 46281U 19074A   24001.50000000  .00001174  00000-0  96125-4 0  9990
2 46281  53.0161  28.9890 0001338  28.9890  28.9890 15.06380699    07
STARLINK-1582
1 46282U 19074A   24001.50000000  .00001174  00000-0  96125-4 0  9990
2 46282  53.1870 336.6290 0001338 336.6290 336.6290 15.06380699    07
STARLINK-1583
1 46283U 19074A   24001.50000000  .00001174  00000-0  96125-4 0  9990
2 46283  53.1598 287.6590 0001338 287.6590 287.6590 15.06380699    07
STARLINK-1584
1 46284U 19074A   24001.50000000  .00001174  00000-0  96125-4 0  9990
2 46284  53.0305  54.9571 0001338  54.9571  54.9571 15.06380699    07
STARLINK-1585
1 46285U 19074A   24001.50000000  .00001174  00000-0  96125-4 0  9990
2 46285  53.1024 184.3660 0001338 184.3660 184.3660 15.06380699    07
STARLINK-1586
1 46286U 19074A   24001.50000000  .00001174  00000-0  96125-4 0  9990
2 46286  53.1745 314.1180 0001338 314.1180 314.1180 15.06380699    07
STARLINK-1587
1 46287U 19074A   24001.50000000  .00001174  00000-0  96125-4 0  9990
2 46287  53.1457 262.2870 0001338 262.2870 262.2870 15.06380699    07
STARLINK-1588
1 46288U 19074A   24001.50000000  .00001174  00000-0  96125-4 0  9990
2 46288  53.0171  30.7451 0001338  30.7451  30.7451 15.06380699    07
STARLINK-1589
1 46289U 19074A   24001.50000000  .00001174  00000-0  96125-4 0  9990
2 46289  53.0892 160.4820 0001338 160.4820 160.4820 15.06380699    07
STARLINK-1590
1 46290U 19074A   24001.50000000  .00001174  00000-0  96125-4 0  9990
2 46290  53.0617 111.0830 0001338 111.0830 111.0830 15.06380699    07
STARLINK-1591
1 46291U 19074A   24001.50000000  .00001174  00000-0  96125-4 0  9990
2 46291  53.1335 240.3320 0001338 240.3320 240.3320 15.06380699    07
STARLINK-1592
1 46292U 19074A   24001.50000000  .00001174  00000-0  96125-4 0  9990
2 46292  53.0045   8.0949 0001338   8.0949   8.0949 15.06380699    07
STARLINK-1593
1 46293U 19074A   24001.50000000  .00001174  00000-0  96125-4 0  9990
2 46293  53.1754 315.7470 0001338 315.7470 315.7470 15.06380699    07
STARLINK-1594
1 46294U 19074A   24001.50000000  .00001174  00000-0  96125-4 0  9990
2 46294  53.0478  86.0500 0001338  86.0500  86.0500 15.06380699    07
STARLINK-1595
1 46295U 19074A   24001.50000000  .00001174  00000-0  96125-4 0  9990
2 46295  53.1195 215.1530 0001338 215.1530 215.1530 15.06380699    07
STARLINK-1596
1 46296U 19074A   24001.50000000  .00001174  00000-0  96125-4 0  9990
2 46296  53.1912 344.2250 0001338 344.2250 344.2250 15.06380699    07
STARLINK-1597
1 46297U 19074A   24001.50000000  .00001174  00000-0  96125-4 0  9990
2 46297  53.0625 112.5390 0001338 112.5390 112.5390 15.06380699    07
STARLINK-1598
1 46298U 19074A   24001.50000000  .00001174  00000-0  96125-4 0  9990
2 46298  53.1341 241.3930 0001338 241.3930 241.3930 15.06380699    07
STARLINK-1599
1 46299U 19074A   24001.50000000  .00001174  00000-0  96125-4 0  9990
2 46299  53.1068 192.2190 0001338 192.2190 192.2190 15.06380699    07
STARLINK-1600
1 46300U 19074A   24001.50000000  .00001174  00000-0  96125-4 0  9990
2 46300  53.0773 139.0800 0001338 139.0800 139.0800 15.06380699    07
STARLINK-1601
1 46301U 19074A   24001.50000000  .00001174  00000-0  96125-4 0  9990
2 46301  53.0490  88.2614 0001338  88.2614  88.2614 15.06380699    07
STARLINK-1602
1 46302U 19074A   24001.50000000  .00001174  00000-0  96125-4 0  9990
2 46302  53.0214  38.4699 0001338  38.4699  38.4699 15.06380699    07
STARLINK-1603
1 46303U 19074A   24001.50000000  .00001174  00000-0  96125-4 0  9990
2 46303  53.0930 167.3850 0001338 167.3850 167.3850 15.06380699    07
STARLINK-1604
1 46304U 19074A   24001.50000000  .00001174  00000-0  96125-4 0  9990
2 46304  53.0638 114.8030 0001338 114.8030 114.8030 15.06380699    07
STARLINK-1605
1 46305U 19074A   24001.50000000  .00001174  00000-0  96125-4 0  9990
2 46305  53.0368  66.2877 0001338  66.2877  66.2877 15.06380699    07
STARLINK-1606
1 46306U 19074A   24001.50000000  .00001174  00000-0  96125-4 0  9990
2 46306  53.1074 193.2840 0001338 193.2840 193.2840 15.06380699    07
STARLINK-1607
1 46307U 19074A   24001.50000000  .00001174  00000-0  96125-4 0  9990
2 46307  53.0796 143.2120 0001338 143.2120 143.2120 15.06380699    07
STARLINK-1608
1 46308U 19074A   24001.50000000  .00001174  00000-0  96125-4 0  9990
2 46308  53.1514 272.5520 0001338 272.5520 272.5520 15.06380699    07
STARLINK-1609
1 46309U 19074A   24001.50000000  .00001174  00000-0  96125-4 0  9990
2 46309  53.1224 220.3370 0001338 220.3370 220.3370 15.06380699    07
STARLINK-1610
1 46310U 19074A   24001.50000000  .00001174  00000-0  96125-4 0  9990
2 46310  53.0940 169.1130 0001338 169.1130 169.1130 15.06380699    07
STARLINK-1611
1 46311U 19074A   24001.50000000  .00001174  00000-0  96125-4 0  9990
2 46311  53.1655 297.8970 0001338 297.8970 297.8970 15.06380699    07
STARLINK-1612
1 46312U 19074A   24001.50000000  .00001174  00000-0  96125-4 0  9990
2 46312  53.1383 248.8690 0001338 248.8690 248.8690 15.06380699    07
STARLINK-1613
1 46313U 19074A   24001.50000000  .00001174  00000-0  96125-4 0  9990
2 46313  53.1092 196.5040 0001338 196.5040 196.5040 15.06380699    07
STARLINK-1614
1 46314U 19074A   24001.50000000  .00001174  00000-0  96125-4 0  9990
2 46314  53.0808 145.3570 0001338 145.3570 145.3570 15.06380699    07
STARLINK-1615
1 46315U 19074A   24001.50000000  .00001174  00000-0  96125-4 0  9990
2 46315  53.1530 275.3340 0001338 275.3340 275.3340 15.06380699    07
STARLINK-1616
1 46316U 19074A   24001.50000000  .00001174  00000-0  96125-4 0  9990
2 46316  53.1244 224.0080 0001338 224.0080 224.0080 15.06380699    07
STARLINK-1617
1 46317U 19074A   24001.50000000  .00001174  00000-0  96125-4 0  9990
2 46317  53.1962 353.1570 0001338 353.1570 353.1570 15.06380699    07
STARLINK-1618
1 46318U 19074A   24001.50000000  .00001174  00000-0  96125-4 0  9990
2 46318  53.1688 303.8920 0001338 303.8920 303.8920 15.06380699    07
STARLINK-1619
1 46319U 19074A   24001.50000000  .00001174  00000-0  96125-4 0  9990
2 46319  53.0391  70.3269 0001338  70.3269  70.3269 15.06380699    07
STARLINK-1620
1 46320U 19074A   24001.50000000  .00001174  00000-0  96125-4 0  9990
2 46320  53.0125  22.5115 0001338  22.5115  22.5115 15.06380699    07
STARLINK-1621
1 46321U 19074A   24001.50000000  .00001174  00000-0  96125-4 0  9990
2 46321  53.1827 328.8450 0001338 328.8450 328.8450 15.06380699    07
STARLINK-1622
1 46322U 19074A   24001.50000000  .00001174  00000-0  96125-4 0  9990
2 46322  53.1549 278.7790 0001338 278.7790 278.7790 15.06380699    07
STARLINK-1623
1 46323U 19074A   24001.50000000  .00001174  00000-0  96125-4 0  9990
2 46323  53.1269 228.3950 0001338 228.3950 228.3950 15.06380699    07
STARLINK-1624
1 46324U 19074A   24001.50000000  .00001174  00000-0  96125-4 0  9990
2 46324  53.1978 356.0770 0001338 356.0770 356.0770 15.06380699    07
STARLINK-1625
1 46325U 19074A   24001.50000000  .00001174  00000-0  96125-4 0  9990
2 46325  53.1693 304.8110 0001338 304.8110 304.8110 15.06380699    07
STARLINK-1626
1 46326U 19074A   24001.50000000  .00001174  00000-0  96125-4 0  9990
2 46326  53.1409 253.5890 0001338 253.5890 253.5890 15.06380699    07
STARLINK-1627
1 46327U 19074A   24001.50000000  .00001174  00000-0  96125-4 0  9990
2 46327  53.1128 203.0040 0001338 203.0040 203.0040 15.06380699    07
STARLINK-1628
1 46328U 19074A   24001.50000000  .00001174  00000-0  96125-4 0  9990
2 46328  53.1848 332.6320 0001338 332.6320 332.6320 15.06380699    07
STARLINK-1629
1 46329U 19074A   24001.50000000  .00001174  00000-0  96125-4 0  9990
2 46329  53.1559 280.6780 0001338 280.6780 280.6780 15.06380699    07
STARLINK-1630
1 46330U 19074A   24001.50000000  .00001174  00000-0  96125-4 0  9990
2 46330  53.1276 229.6010 0001338 229.6010 229.6010 15.06380699    07
STARLINK-1631
1 46331U 19074A   24001.50000000  .00001174  00000-0  96125-4 0  9990
2 46331  53.2000 359.9460 0001338 359.9460 359.9460 15.06380699    07
STARLINK-1632
1 46332U 19074A   24001.50000000  .00001174  00000-0  96125-4 0  9990
2 46332  53.0713 128.3830 0001338 128.3830 128.3830 15.06380699    07
STARLINK-1633
1 46333U 19074A   24001.50000000  .00001174  00000-0  96125-4 0  9990
2 46333  53.1427 256.7840 0001338 256.7840 256.7840 15.06380699    07
STARLINK-1634
1 46334U 19074A   24001.50000000  .00001174  00000-0  96125-4 0  9990
2 46334  53.0140  25.2767 0001338  25.2767  25.2767 15.06380699    07
STARLINK-1635
1 46335U 19074A   24001.50000000  .00001174  00000-0  96125-4 0  9990
2 46335  53.0862 155.1810 0001338 155.1810 155.1810 15.06380699    07
STARLINK-1636
1 46336U 19074A   24001.50000000  .00001174  00000-0  96125-4 0  9990
2 46336  53.0587 105.6770 0001338 105.6770 105.6770 15.06380699    07
STARLINK-1637
1 46337U 19074A   24001.50000000  .00001174  00000-0  96125-4 0  9990
2 46337  53.1303 234.6170 0001338 234.6170 234.6170 15.06380699    07
STARLINK-1638
1 46338U 19074A   24001.50000000  .00001174  00000-0  96125-4 0  9990
2 46338  53.1016 182.8820 0001338 182.8820 182.8820 15.06380699    07
STARLINK-1639
1 46339U 19074A   24001.50000000  .00001174  00000-0  96125-4 0  9990
2 46339  53.0726 130.7620 0001338 130.7620 130.7620 15.06380699    07
STARLINK-1640
1 46340U 19074A   24001.50000000  .00001174  00000-0  96125-4 0  9990
2 46340  53.1446 260.2740 0001338 260.2740 260.2740 15.06380699    07
STARLINK-1641
1 46341U 19074A   24001.50000000  .00001174  00000-0  96125-4 0  9990
2 46341  53.0161  28.8921 0001338  28.8921  28.8921 15.06380699    07
STARLINK-1642
1 46342U 19074A   24001.50000000  .00001174  00000-0  96125-4 0  9990
2 46342  53.1875 337.5840 0001338 337.5840 337.5840 15.06380699    07
STARLINK-1643
1 46343U 19074A   24001.50000000  .00001174  00000-0  96125-4 0  9990
2 46343  53.0600 107.9130 0001338 107.9130 107.9130 15.06380699    07
STARLINK-1644
1 46344U 19074A   24001.50000000  .00001174  00000-0  96125-4 0  9990
2 46344  53.0316  56.8506 0001338  56.8506  56.8506 15.06380699    07
STARLINK-1645
1 46345U 19074A   24001.50000000  .00001174  00000-0  96125-4 0  9990
2 46345  53.0024   4.2481 0001338   4.2481   4.2481 15.06380699    07
STARLINK-1646
1 46346U 19074A   24001.50000000  .00001174  00000-0  96125-4 0  9990
2 46346  53.1742 313.5440 0001338 313.5440 313.5440 15.06380699    07
STARLINK-1647
1 46347U 19074A   24001.50000000  .00001174  00000-0  96125-4 0  9990
2 46347  53.0466  83.8988 0001338  83.8988  83.8988 15.06380699    07
STARLINK-1648
1 46348U 19074A   24001.50000000  .00001174  00000-0  96125-4 0  9990
2 46348  53.0178  32.0309 0001338  32.0309  32.0309 15.06380699    07
STARLINK-1649
1 46349U 19074A   24001.50000000  .00001174  00000-0  96125-4 0  9990
2 46349  53.1902 342.3680 0001338 342.3680 342.3680 15.06380699    07
STARLINK-1650
1 46350U 19074A   24001.50000000  .00001174  00000-0  96125-4 0  9990
2 46350  53.0621 111.7180 0001338 111.7180 111.7180 15.06380699    07
STARLINK-1651
1 46351U 19074A   24001.50000000  .00001174  00000-0  96125-4 0  9990
2 46351  53.1335 240.3340 0001338 240.3340 240.3340 15.06380699    07
STARLINK-1652
1 46352U 19074A   24001.50000000  .00001174  00000-0  96125-4 0  9990
2 46352  53.0053   9.5621 0001338   9.5621   9.5621 15.06380699    07
STARLINK-1653
1 46353U 19074A   24001.50000000  .00001174  00000-0  96125-4 0  9990
2 46353  53.1767 318.1470 0001338 318.1470 318.1470 15.06380699    07
STARLINK-1654
1 46354U 19074A   24001.50000000  .00001174  00000-0  96125-4 0  9990
2 46354  53.1482 266.6790 0001338 266.6790 266.6790 15.06380699    07
STARLINK-1655
1 46355U 19074A   24001.50000000  .00001174  00000-0  96125-4 0  9990
2 46355  53.0196  35.2811 0001338  35.2811  35.2811 15.06380699    07
STARLINK-1656
1 46356U 19074A   24001.50000000  .00001174  00000-0  96125-4 0  9990
2 46356  53.0915 164.6770 0001338 164.6770 164.6770 15.06380699    07
STARLINK-1657
1 46357U 19074A   24001.50000000  .00001174  00000-0  96125-4 0  9990
2 46357  53.1620 291.6230 0001338 291.6230 291.6230 15.06380699    07
STARLINK-1658
1 46358U 19074A   24001.50000000  .00001174  00000-0  96125-4 0  9990
2 46358  53.0347  62.4732 0001338  62.4732  62.4732 15.06380699    07
STARLINK-1659
1 46359U 19074A   24001.50000000  .00001174  00000-0  96125-4 0  9990
2 46359  53.1063 191.4060 0001338 191.4060 191.4060 15.06380699    07
STARLINK-1660
1 46360U 19074A   24001.50000000  .00001174  00000-0  96125-4 0  9990
2 46360  53.1786 321.5020 0001338 321.5020 321.5020 15.06380699    07
STARLINK-1661
1 46361U 19074A   24001.50000000  .00001174  00000-0  96125-4 0  9990
2 46361  53.1496 269.2530 0001338 269.2530 269.2530 15.06380699    07
STARLINK-1662
1 46362U 19074A   24001.50000000  .00001174  00000-0  96125-4 0  9990
2 46362  53.1214 218.5140 0001338 218.5140 218.5140 15.06380699    07
STARLINK-1663
1 46363U 19074A   24001.50000000  .00001174  00000-0  96125-4 0  9990
2 46363  53.0927 166.8550 0001338 166.8550 166.8550 15.06380699    07
STARLINK-1664
1 46364U 19074A   24001.50000000  .00001174  00000-0  96125-4 0  9990
2 46364  53.0655 117.8510 0001338 117.8510 117.8510 15.06380699    07
STARLINK-1665
1 46365U 19074A   24001.50000000  .00001174  00000-0  96125-4 0  9990
2 46365  53.0374  67.3289 0001338  67.3289  67.3289 15.06380699    07
STARLINK-1666
1 46366U 19074A   24001.50000000  .00001174  00000-0  96125-4 0  9990
2 46366  53.0084  15.1733 0001338  15.1733  15.1733 15.06380699    07
STARLINK-1667
1 46367U 19074A   24001.50000000  .00001174  00000-0  96125-4 0  9990
2 46367  53.0807 145.1740 0001338 145.1740 145.1740 15.06380699    07
STARLINK-1668
1 46368U 19074A   24001.50000000  .00001174  00000-0  96125-4 0  9990
2 46368  53.0525  94.4844 0001338  94.4844  94.4844 15.06380699    07
STARLINK-1669
1 46369U 19074A   24001.50000000  .00001174  00000-0  96125-4 0  9990
2 46369  53.1239 222.9550 0001338 222.9550 222.9550 15.06380699    07
STARLINK-1670
1 46370U 19074A   24001.50000000  .00001174  00000-0  96125-4 0  9990
2 46370  53.0939 169.0160 0001338 169.0160 169.0160 15.06380699    07
STARLINK-1671
1 46371U 19074A   24001.50000000  .00001174  00000-0  96125-4 0  9990
2 46371  53.0660 118.7510 0001338 118.7510 118.7510 15.06380699    07
STARLINK-1672
1 46372U 19074A   24001.50000000  .00001174  00000-0  96125-4 0  9990
2 46372  53.0381  68.6632 0001338  68.6632  68.6632 15.06380699    07
STARLINK-1673
1 46373U 19074A   24001.50000000  .00001174  00000-0  96125-4 0  9990
2 46373  53.0101  18.2418 0001338  18.2418  18.2418 15.06380699    07
STARLINK-1674
1 46374U 19074A   24001.50000000  .00001174  00000-0  96125-4 0  9990
2 46374  53.0808 145.4190 0001338 145.4190 145.4190 15.06380699    07
STARLINK-1675
1 46375U 19074A   24001.50000000  .00001174  00000-0  96125-4 0  9990
2 46375  53.0534  96.0581 0001338  96.0581  96.0581 15.06380699    07
STARLINK-1676
1 46376U 19074A   24001.50000000  .00001174  00000-0  96125-4 0  9990
2 46376  53.1242 223.5890 0001338 223.5890 223.5890 15.06380699    07
STARLINK-1677
1 46377U 19074A   24001.50000000  .00001174  00000-0  96125-4 0  9990
2 46377  53.1973 355.0980 0001338 355.0980 355.0980 15.06380699    07
STARLINK-1678
1 46378U 19074A   24001.50000000  .00001174  00000-0  96125-4 0  9990
2 46378  53.0678 122.0040 0001338 122.0040 122.0040 15.06380699    07
STARLINK-1679
1 46379U 19074A   24001.50000000  .00001174  00000-0  96125-4 0  9990
2 46379  53.0397  71.3845 0001338  71.3845  71.3845 15.06380699    07
STARLINK-1680
1 46380U 19074A   24001.50000000  .00001174  00000-0  96125-4 0  9990
2 46380  53.1121 201.7160 0001338 201.7160 201.7160 15.06380699    07
STARLINK-1681
1 46381U 19074A   24001.50000000  .00001174  00000-0  96125-4 0  9990
2 46381  53.1840 331.1120 0001338 331.1120 331.1120 15.06380699    07
STARLINK-1682
1 46382U 19074A   24001.50000000  .00001174  00000-0  96125-4 0  9990
2 46382  53.0549  98.8822 0001338  98.8822  98.8822 15.06380699    07
STARLINK-1683
1 46383U 19074A   24001.50000000  .00001174  00000-0  96125-4 0  9990
2 46383  53.0268  48.2254 0001338  48.2254  48.2254 15.06380699    07
STARLINK-1684
1 46384U 19074A   24001.50000000  .00001174  00000-0  96125-4 0  9990
2 46384  53.1988 357.7820 0001338 357.7820 357.7820 15.06380699    07
STARLINK-1685
1 46385U 19074A   24001.50000000  .00001174  00000-0  96125-4 0  9990
2 46385  53.1697 305.5080 0001338 305.5080 305.5080 15.06380699    07
STARLINK-1686
1 46386U 19074A   24001.50000000  .00001174  00000-0  96125-4 0  9990
2 46386  53.0419  75.4720 0001338  75.4720  75.4720 15.06380699    07
STARLINK-1687
1 46387U 19074A   24001.50000000  .00001174  00000-0  96125-4 0  9990
2 46387  53.0126  22.6854 0001338  22.6854  22.6854 15.06380699    07
STARLINK-1688
1 46388U 19074A   24001.50000000  .00001174  00000-0  96125-4 0  9990
2 46388  53.0853 153.5400 0001338 153.5400 153.5400 15.06380699    07
STARLINK-1689
1 46389U 19074A   24001.50000000  .00001174  00000-0  96125-4 0  9990
2 46389  53.0568 102.2880 0001338 102.2880 102.2880 15.06380699    07
STARLINK-1690
1 46390U 19074A   24001.50000000  .00001174  00000-0  96125-4 0  9990
2 46390  53.1293 232.8240 0001338 232.8240 232.8240 15.06380699    07
STARLINK-1691
1 46391U 19074A   24001.50000000  .00001174  00000-0  96125-4 0  9990
2 46391  53.1999 359.8110 0001338 359.8110 359.8110 15.06380699    07
STARLINK-1692
1 46392U 19074A   24001.50000000  .00001174  00000-0  96125-4 0  9990
2 46392  53.0720 129.5430 0001338 129.5430 129.5430 15.06380699    07
STARLINK-1693
1 46393U 19074A   24001.50000000  .00001174  00000-0  96125-4 0  9990
2 46393  53.1439 258.9440 0001338 258.9440 258.9440 15.06380699    07
STARLINK-1694
1 46394U 19074A   24001.50000000  .00001174  00000-0  96125-4 0  9990
2 46394  53.1139 205.0850 0001338 205.0850 205.0850 15.06380699    07
STARLINK-1695
1 46395U 19074A   24001.50000000  .00001174  00000-0  96125-4 0  9990
2 46395  53.1871 336.8360 0001338 336.8360 336.8360 15.06380699    07
STARLINK-1696
1 46396U 19074A   24001.50000000  .00001174  00000-0  96125-4 0  9990
2 46396  53.0590 106.2410 0001338 106.2410 106.2410 15.06380699    07
STARLINK-1697
1 46397U 19074A   24001.50000000  .00001174  00000-0  96125-4 0  9990
2 46397  53.1304 234.6700 0001338 234.6700 234.6700 15.06380699    07
STARLINK-1698
1 46398U 19074A   24001.50000000  .00001174  00000-0  96125-4 0  9990
2 46398  53.1017 183.1010 0001338 183.1010 183.1010 15.06380699    07
STARLINK-1699
1 46399U 19074A   24001.50000000  .00001174  00000-0  96125-4 0  9990
2 46399  53.0738 132.9210 0001338 132.9210 132.9210 15.06380699    07
STARLINK-1700
1 46400U 19074A   24001.50000000  .00001174  00000-0  96125-4 0  9990
2 46400  53.1446 260.2010 0001338 260.2010 260.2010 15.06380699    07
STARLINK-1701
1 46401U 19074A   24001.50000000  .00001174  00000-0  96125-4 0  9990
2 46401  53.1175 211.4960 0001338 211.4960 211.4960 15.06380699    07
STARLINK-1702
1 46402U 19074A   24001.50000000  .00001174  00000-0  96125-4 0  9990
2 46402  53.0887 159.6020 0001338 159.6020 159.6020 15.06380699    07
STARLINK-1703
1 46403U 19074A   24001.50000000  .00001174  00000-0  96125-4 0  9990
2 46403  53.1607 289.2390 0001338 289.2390 289.2390 15.06380699    07
STARLINK-1704
1 46404U 19074A   24001.50000000  .00001174  00000-0  96125-4 0  9990
2 46404  53.1321 237.7660 0001338 237.7660 237.7660 15.06380699    07
STARLINK-1705
1 46405U 19074A   24001.50000000  .00001174  00000-0  96125-4 0  9990
2 46405  53.1036 186.5320 0001338 186.5320 186.5320 15.06380699    07
STARLINK-1706
1 46406U 19074A   24001.50000000  .00001174  00000-0  96125-4 0  9990
2 46406  53.0757 136.2190 0001338 136.2190 136.2190 15.06380699    07
STARLINK-1707
1 46407U 19074A   24001.50000000  .00001174  00000-0  96125-4 0  9990
2 46407  53.1468 264.2150 0001338 264.2150 264.2150 15.06380699    07
STARLINK-1708
1 46408U 19074A   24001.50000000  .00001174  00000-0  96125-4 0  9990
2 46408  53.0190  34.1818 0001338  34.1818  34.1818 15.06380699    07
STARLINK-1709
1 46409U 19074A   24001.50000000  .00001174  00000-0  96125-4 0  9990
2 46409  53.0908 163.4020 0001338 163.4020 163.4020 15.06380699    07
STARLINK-1710
1 46410U 19074A   24001.50000000  .00001174  00000-0  96125-4 0  9990
2 46410  53.1625 292.4360 0001338 292.4360 292.4360 15.06380699    07
STARLINK-1711
1 46411U 19074A   24001.50000000  .00001174  00000-0  96125-4 0  9990
2 46411  53.0338  60.8003 0001338  60.8003  60.8003 15.06380699    07
STARLINK-1712
1 46412U 19074A   24001.50000000  .00001174  00000-0  96125-4 0  9990
2 46412  53.0056  10.1015 0001338  10.1015  10.1015 15.06380699    07
STARLINK-1713
1 46413U 19074A   24001.50000000  .00001174  00000-0  96125-4 0  9990
2 46413  53.1772 318.8940 0001338 318.8940 318.8940 15.06380699    07
STARLINK-1714
1 46414U 19074A   24001.50000000  .00001174  00000-0  96125-4 0  9990
2 46414  53.1498 269.7290 0001338 269.7290 269.7290 15.06380699    07
STARLINK-1715
1 46415U 19074A   24001.50000000  .00001174  00000-0  96125-4 0  9990
2 46415  53.0196  35.2985 0001338  35.2985  35.2985 15.06380699    07
STARLINK-1716
1 46416U 19074A   24001.50000000  .00001174  00000-0  96125-4 0  9990
2 46416  53.0915 164.7390 0001338 164.7390 164.7390 15.06380699    07
STARLINK-1717
1 46417U 19074A   24001.50000000  .00001174  00000-0  96125-4 0  9990
2 46417  53.0628 113.0830 0001338 113.0830 113.0830 15.06380699    07
STARLINK-1718
1 46418U 19074A   24001.50000000  .00001174  00000-0  96125-4 0  9990
2 46418  53.1353 243.6230 0001338 243.6230 243.6230 15.06380699    07
STARLINK-1719
1 46419U 19074A   24001.50000000  .00001174  00000-0  96125-4 0  9990
2 46419  53.1066 191.8160 0001338 191.8160 191.8160 15.06380699    07
STARLINK-1720
1 46420U 19074A   24001.50000000  .00001174  00000-0  96125-4 0  9990
2 46420  53.1787 321.7450 0001338 321.7450 321.7450 15.06380699    07
STARLINK-1721
1 46421U 19074A   24001.50000000  .00001174  00000-0  96125-4 0  9990
2 46421  53.0506  91.0372 0001338  91.0372  91.0372 15.06380699    07
STARLINK-1722
1 46422U 19074A   24001.50000000  .00001174  00000-0  96125-4 0  9990
2 46422  53.0231  41.6039 0001338  41.6039  41.6039 15.06380699    07
STARLINK-1723
1 46423U 19074A   24001.50000000  .00001174  00000-0  96125-4 0  9990
2 46423  53.1936 348.4320 0001338 348.4320 348.4320 15.06380699    07
STARLINK-1724
1 46424U 19074A   24001.50000000  .00001174  00000-0  96125-4 0  9990
2 46424  53.1660 298.7660 0001338 298.7660 298.7660 15.06380699    07
STARLINK-1725
1 46425U 19074A   24001.50000000  .00001174  00000-0  96125-4 0  9990
2 46425  53.0374  67.3418 0001338  67.3418  67.3418 15.06380699    07
STARLINK-1726
1 46426U 19074A   24001.50000000  .00001174  00000-0  96125-4 0  9990
2 46426  53.1092 196.4960 0001338 196.4960 196.4960 15.06380699    07
STARLINK-1727
1 46427U 19074A   24001.50000000  .00001174  00000-0  96125-4 0  9990
2 46427  53.0818 147.2560 0001338 147.2560 147.2560 15.06380699    07
STARLINK-1728
1 46428U 19074A   24001.50000000  .00001174  00000-0  96125-4 0  9990
2 46428  53.1520 273.5970 0001338 273.5970 273.5970 15.06380699    07
STARLINK-1729
1 46429U 19074A   24001.50000000  .00001174  00000-0  96125-4 0  9990
2 46429  53.0245  44.1569 0001338  44.1569  44.1569 15.06380699    07
STARLINK-1730
1 46430U 19074A   24001.50000000  .00001174  00000-0  96125-4 0  9990
2 46430  53.0961 172.9060 0001338 172.9060 172.9060 15.06380699    07
STARLINK-1731
1 46431U 19074A   24001.50000000  .00001174  00000-0  96125-4 0  9990
2 46431  53.0665 119.6840 0001338 119.6840 119.6840 15.06380699    07
STARLINK-1732
1 46432U 19074A   24001.50000000  .00001174  00000-0  96125-4 0  9990
2 46432  53.1388 249.7950 0001338 249.7950 249.7950 15.06380699    07
STARLINK-1733
1 46433U 19074A   24001.50000000  .00001174  00000-0  96125-4 0  9990
2 46433  53.1105 198.9590 0001338 198.9590 198.9590 15.06380699    07
STARLINK-1734
1 46434U 19074A   24001.50000000  .00001174  00000-0  96125-4 0  9990
2 46434  53.0816 146.7960 0001338 146.7960 146.7960 15.06380699    07
STARLINK-1735
1 46435U 19074A   24001.50000000  .00001174  00000-0  96125-4 0  9990
2 46435  53.1534 276.0430 0001338 276.0430 276.0430 15.06380699    07
STARLINK-1736
1 46436U 19074A   24001.50000000  .00001174  00000-0  96125-4 0  9990
2 46436  53.1257 226.2700 0001338 226.2700 226.2700 15.06380699    07
STARLINK-1737
1 46437U 19074A   24001.50000000  .00001174  00000-0  96125-4 0  9990
2 46437  53.1972 355.0180 0001338 355.0180 355.0180 15.06380699    07
STARLINK-1738
1 46438U 19074A   24001.50000000  .00001174  00000-0  96125-4 0  9990
2 46438  53.1688 303.8440 0001338 303.8440 303.8440 15.06380699    07
STARLINK-1739
1 46439U 19074A   24001.50000000  .00001174  00000-0  96125-4 0  9990
2 46439  53.1405 252.9320 0001338 252.9320 252.9320 15.06380699    07
STARLINK-1740
1 46440U 19074A   24001.50000000  .00001174  00000-0  96125-4 0  9990
2 46440  53.0118  21.2152 0001338  21.2152  21.2152 15.06380699    07
STARLINK-1741
1 46441U 19074A   24001.50000000  .00001174  00000-0  96125-4 0  9990
2 46441  53.0843 151.6610 0001338 151.6610 151.6610 15.06380699    07
STARLINK-1742
1 46442U 19074A   24001.50000000  .00001174  00000-0  96125-4 0  9990
2 46442  53.1560 280.7530 0001338 280.7530 280.7530 15.06380699    07
STARLINK-1743
1 46443U 19074A   24001.50000000  .00001174  00000-0  96125-4 0  9990
2 46443  53.0282  50.6848 0001338  50.6848  50.6848 15.06380699    07
STARLINK-1744
1 46444U 19074A   24001.50000000  .00001174  00000-0  96125-4 0  9990
2 46444  53.0986 177.4850 0001338 177.4850 177.4850 15.06380699    07
STARLINK-1745
1 46445U 19074A   24001.50000000  .00001174  00000-0  96125-4 0  9990
2 46445  53.1718 309.2570 0001338 309.2570 309.2570 15.06380699    07
STARLINK-1746
1 46446U 19074A   24001.50000000  .00001174  00000-0  96125-4 0  9990
2 46446  53.1424 256.3210 0001338 256.3210 256.3210 15.06380699    07
STARLINK-1747
1 46447U 19074A   24001.50000000  .00001174  00000-0  96125-4 0  9990
2 46447  53.1137 204.7020 0001338 204.7020 204.7020 15.06380699    07
STARLINK-1748
1 46448U 19074A   24001.50000000  .00001174  00000-0  96125-4 0  9990
2 46448  53.1852 333.3330 0001338 333.3330 333.3330 15.06380699    07
STARLINK-1749
1 46449U 19074A   24001.50000000  .00001174  00000-0  96125-4 0  9990
2 46449  53.1575 283.5230 0001338 283.5230 283.5230 15.06380699    07
STARLINK-1750
1 46450U 19074A   24001.50000000  .00001174  00000-0  96125-4 0  9990
2 46450  53.0290  52.2544 0001338  52.2544  52.2544 15.06380699    07
STARLINK-1751
1 46451U 19074A   24001.50000000  .00001174  00000-0  96125-4 0  9990
2 46451  53.1017 183.0180 0001338 183.0180 183.0180 15.06380699    07
STARLINK-1752
1 46452U 19074A   24001.50000000  .00001174  00000-0  96125-4 0  9990
2 46452  53.0725 130.4240 0001338 130.4240 130.4240 15.06380699    07
STARLINK-1753
1 46453U 19074A   24001.50000000  .00001174  00000-0  96125-4 0  9990
2 46453  53.0440  79.1943 0001338  79.1943  79.1943 15.06380699    07
STARLINK-1754
1 46454U 19074A   24001.50000000  .00001174  00000-0  96125-4 0  9990
2 46454  53.0162  29.1430 0001338  29.1430  29.1430 15.06380699    07
STARLINK-1755
1 46455U 19074A   24001.50000000  .00001174  00000-0  96125-4 0  9990
2 46455  53.0877 157.7860 0001338 157.7860 157.7860 15.06380699    07
STARLINK-1756
1 46456U 19074A   24001.50000000  .00001174  00000-0  96125-4 0  9990
2 46456  53.0590 106.1920 0001338 106.1920 106.1920 15.06380699    07
STARLINK-1757
1 46457U 19074A   24001.50000000  .00001174  00000-0  96125-4 0  9990
2 46457  53.1302 234.3560 0001338 234.3560 234.3560 15.06380699    07
STARLINK-1758
1 46458U 19074A   24001.50000000  .00001174  00000-0  96125-4 0  9990
2 46458  53.0026   4.6896 0001338   4.6896   4.6896 15.06380699    07
STARLINK-1759
1 46459U 19074A   24001.50000000  .00001174  00000-0  96125-4 0  9990
2 46459  53.1746 314.2540 0001338 314.2540 314.2540 15.06380699    07
STARLINK-1760
1 46460U 19074A   24001.50000000  .00001174  00000-0  96125-4 0  9990
2 46460  53.0456  82.1650 0001338  82.1650  82.1650 15.06380699    07
STARLINK-1761
1 46461U 19074A   24001.50000000  .00001174  00000-0  96125-4 0  9990
2 46461  53.0171  30.7721 0001338  30.7721  30.7721 15.06380699    07
STARLINK-1762
1 46462U 19074A   24001.50000000  .00001174  00000-0  96125-4 0  9990
2 46462  53.1888 339.9110 0001338 339.9110 339.9110 15.06380699    07
STARLINK-1763
1 46463U 19074A   24001.50000000  .00001174  00000-0  96125-4 0  9990
2 46463  53.0603 108.5470 0001338 108.5470 108.5470 15.06380699    07
STARLINK-1764
1 46464U 19074A   24001.50000000  .00001174  00000-0  96125-4 0  9990
2 46464  53.0323  58.1523 0001338  58.1523  58.1523 15.06380699    07
STARLINK-1765
1 46465U 19074A   24001.50000000  .00001174  00000-0  96125-4 0  9990
2 46465  53.1041 187.4340 0001338 187.4340 187.4340 15.06380699    07
STARLINK-1766
1 46466U 19074A   24001.50000000  .00001174  00000-0  96125-4 0  9990
2 46466  53.1760 316.8250 0001338 316.8250 316.8250 15.06380699    07
STARLINK-1767
1 46467U 19074A   24001.50000000  .00001174  00000-0  96125-4 0  9990
2 46467  53.1479 266.1620 0001338 266.1620 266.1620 15.06380699    07
STARLINK-1768
1 46468U 19074A   24001.50000000  .00001174  00000-0  96125-4 0  9990
2 46468  53.0194  34.8920 0001338  34.8920  34.8920 15.06380699    07
STARLINK-1769
1 46469U 19074A   24001.50000000  .00001174  00000-0  96125-4 0  9990
2 46469  53.1906 342.9970 0001338 342.9970 342.9970 15.06380699    07
STARLINK-1770
1 46470U 19074A   24001.50000000  .00001174  00000-0  96125-4 0  9990
2 46470  53.0619 111.4810 0001338 111.4810 111.4810 15.06380699    07
STARLINK-1771
1 46471U 19074A   24001.50000000  .00001174  00000-0  96125-4 0  9990
2 46471  53.0348  62.6644 0001338  62.6644  62.6644 15.06380699    07
STARLINK-1772
1 46472U 19074A   24001.50000000  .00001174  00000-0  96125-4 0  9990
2 46472  53.1053 189.5080 0001338 189.5080 189.5080 15.06380699    07
STARLINK-1773
1 46473U 19074A   24001.50000000  .00001174  00000-0  96125-4 0  9990
2 46473  53.1779 320.2800 0001338 320.2800 320.2800 15.06380699    07
STARLINK-1774
1 46474U 19074A   24001.50000000  .00001174  00000-0  96125-4 0  9990
2 46474  53.1500 269.9420 0001338 269.9420 269.9420 15.06380699    07
STARLINK-1775
1 46475U 19074A   24001.50000000  .00001174  00000-0  96125-4 0  9990
2 46475  53.1209 217.5900 0001338 217.5900 217.5900 15.06380699    07
STARLINK-1776
1 46476U 19074A   24001.50000000  .00001174  00000-0  96125-4 0  9990
2 46476  53.1919 345.3980 0001338 345.3980 345.3980 15.06380699    07
STARLINK-1777
1 46477U 19074A   24001.50000000  .00001174  00000-0  96125-4 0  9990
2 46477  53.0649 116.7360 0001338 116.7360 116.7360 15.06380699    07
STARLINK-1778
1 46478U 19074A   24001.50000000  .00001174  00000-0  96125-4 0  9990
2 46478  53.1358 244.4410 0001338 244.4410 244.4410 15.06380699    07
STARLINK-1779
1 46479U 19074A   24001.50000000  .00001174  00000-0  96125-4 0  9990
2 46479  53.1078 194.1070 0001338 194.1070 194.1070 15.06380699    07
STARLINK-1780
1 46480U 19074A   24001.50000000  .00001174  00000-0  96125-4 0  9990
2 46480  53.0792 142.5250 0001338 142.5250 142.5250 15.06380699    07
STARLINK-1781
1 46481U 19074A   24001.50000000  .00001174  00000-0  96125-4 0  9990
2 46481  53.1504 270.7430 0001338 270.7430 270.7430 15.06380699    07
STARLINK-1782
1 46482U 19074A   24001.50000000  .00001174  00000-0  96125-4 0  9990
2 46482  53.0224  40.2867 0001338  40.2867  40.2867 15.06380699    07
STARLINK-1783
1 46483U 19074A   24001.50000000  .00001174  00000-0  96125-4 0  9990
2 46483  53.1941 349.3770 0001338 349.3770 349.3770 15.06380699    07
STARLINK-1784
1 46484U 19074A   24001.50000000  .00001174  00000-0  96125-4 0  9990
2 46484  53.1656 298.0060 0001338 298.0060 298.0060 15.06380699    07
STARLINK-1785
1 46485U 19074A   24001.50000000  .00001174  00000-0  96125-4 0  9990
2 46485  53.0370  66.5952 0001338  66.5952  66.5952 15.06380699    07
STARLINK-1786
1 46486U 19074A   24001.50000000  .00001174  00000-0  96125-4 0  9990
2 46486  53.0099  17.7314 0001338  17.7314  17.7314 15.06380699    07
STARLINK-1787
1 46487U 19074A   24001.50000000  .00001174  00000-0  96125-4 0  9990
2 46487  53.0820 147.6000 0001338 147.6000 147.6000 15.06380699    07
STARLINK-1788
1 46488U 19074A   24001.50000000  .00001174  00000-0  96125-4 0  9990
2 46488  53.1533 275.8540 0001338 275.8540 275.8540 15.06380699    07
STARLINK-1789
1 46489U 19074A   24001.50000000  .00001174  00000-0  96125-4 0  9990
2 46489  53.1243 223.7150 0001338 223.7150 223.7150 15.06380699    07
STARLINK-1790
1 46490U 19074A   24001.50000000  .00001174  00000-0  96125-4 0  9990
2 46490  53.1958 352.4190 0001338 352.4190 352.4190 15.06380699    07
STARLINK-1791
1 46491U 19074A   24001.50000000  .00001174  00000-0  96125-4 0  9990
2 46491  53.1682 302.7500 0001338 302.7500 302.7500 15.06380699    07
STARLINK-1792
1 46492U 19074A   24001.50000000  .00001174  00000-0  96125-4 0  9990
2 46492  53.0394  70.9750 0001338  70.9750  70.9750 15.06380699    07
STARLINK-1793
1 46493U 19074A   24001.50000000  .00001174  00000-0  96125-4 0  9990
2 46493  53.0103  18.6102 0001338  18.6102  18.6102 15.06380699    07
STARLINK-1794
1 46494U 19074A   24001.50000000  .00001174  00000-0  96125-4 0  9990
2 46494  53.1819 327.3350 0001338 327.3350 327.3350 15.06380699    07
STARLINK-1795
1 46495U 19074A   24001.50000000  .00001174  00000-0  96125-4 0  9990
2 46495  53.1549 278.7790 0001338 278.7790 278.7790 15.06380699    07
STARLINK-1796
1 46496U 19074A   24001.50000000  .00001174  00000-0  96125-4 0  9990
2 46496  53.1268 228.1540 0001338 228.1540 228.1540 15.06380699    07
STARLINK-1797
1 46497U 19074A   24001.50000000  .00001174  00000-0  96125-4 0  9990
2 46497  53.1980 356.3690 0001338 356.3690 356.3690 15.06380699    07
STARLINK-1798
1 46498U 19074A   24001.50000000  .00001174  00000-0  96125-4 0  9990
2 46498  53.0690 124.1960 0001338 124.1960 124.1960 15.06380699    07
STARLINK-1799
1 46499U 19074A   24001.50000000  .00001174  00000-0  96125-4 0  9990
2 46499  53.0412  74.1798 0001338  74.1798  74.1798 15.06380699    07
STARLINK-1800
1 46500U 19074A   24001.50000000  .00001174  00000-0  96125-4 0  9990
2 46500  53.0130  23.3987 0001338  23.3987  23.3987 15.06380699    07
STARLINK-1801
1 46501U 19074A   24001.50000000  .00001174  00000-0  96125-4 0  9990
2 46501  53.0838 150.9060 0001338 150.9060 150.9060 15.06380699    07
STARLINK-1802
1 46502U 19074A   24001.50000000  .00001174  00000-0  96125-4 0  9990
2 46502  53.0564 101.6060 0001338 101.6060 101.6060 15.06380699    07
STARLINK-1803
1 46503U 19074A   24001.50000000  .00001174  00000-0  96125-4 0  9990
2 46503  53.0278  50.0724 0001338  50.0724  50.0724 15.06380699    07
STARLINK-1804
1 46504U 19074A   24001.50000000  .00001174  00000-0  96125-4 0  9990
2 46504  53.0002   0.3166 0001338   0.3166   0.3166 15.06380699    07
STARLINK-1805
1 46505U 19074A   24001.50000000  .00001174  00000-0  96125-4 0  9990
2 46505  53.1712 308.1310 0001338 308.1310 308.1310 15.06380699    07
STARLINK-1806
1 46506U 19074A   24001.50000000  .00001174  00000-0  96125-4 0  9990
2 46506  53.0430  77.3603 0001338  77.3603  77.3603 15.06380699    07
STARLINK-1807
1 46507U 19074A   24001.50000000  .00001174  00000-0  96125-4 0  9990
2 46507  53.1141 205.3380 0001338 205.3380 205.3380 15.06380699    07
STARLINK-1808
1 46508U 19074A   24001.50000000  .00001174  00000-0  96125-4 0  9990
2 46508  53.0865 155.7430 0001338 155.7430 155.7430 15.06380699    07
STARLINK-1809
1 46509U 19074A   24001.50000000  .00001174  00000-0  96125-4 0  9990
2 46509  53.0575 103.5260 0001338 103.5260 103.5260 15.06380699    07
STARLINK-1810
1 46510U 19074A   24001.50000000  .00001174  00000-0  96125-4 0  9990
2 46510  53.1300 233.9800 0001338 233.9800 233.9800 15.06380699    07
STARLINK-1811
1 46511U 19074A   24001.50000000  .00001174  00000-0  96125-4 0  9990
2 46511  53.0014   2.4816 0001338   2.4816   2.4816 15.06380699    07
STARLINK-1812
1 46512U 19074A   24001.50000000  .00001174  00000-0  96125-4 0  9990
2 46512  53.1729 311.2970 0001338 311.2970 311.2970 15.06380699    07
STARLINK-1813
1 46513U 19074A   24001.50000000  .00001174  00000-0  96125-4 0  9990
2 46513  53.1438 258.9000 0001338 258.9000 258.9000 15.06380699    07
STARLINK-1814
1 46514U 19074A   24001.50000000  .00001174  00000-0  96125-4 0  9990
2 46514  53.0158  28.4625 0001338  28.4625  28.4625 15.06380699    07
STARLINK-1815
1 46515U 19074A   24001.50000000  .00001174  00000-0  96125-4 0  9990
2 46515  53.1877 337.8780 0001338 337.8780 337.8780 15.06380699    07
STARLINK-1816
1 46516U 19074A   24001.50000000  .00001174  00000-0  96125-4 0  9990
2 46516  53.0596 107.2850 0001338 107.2850 107.2850 15.06380699    07
STARLINK-1817
1 46517U 19074A   24001.50000000  .00001174  00000-0  96125-4 0  9990
2 46517  53.0312  56.0825 0001338  56.0825  56.0825 15.06380699    07
STARLINK-1818
1 46518U 19074A   24001.50000000  .00001174  00000-0  96125-4 0  9990
2 46518  53.0029   5.2079 0001338   5.2079   5.2079 15.06380699    07
STARLINK-1819
1 46519U 19074A   24001.50000000  .00001174  00000-0  96125-4 0  9990
2 46519  53.1752 315.3590 0001338 315.3590 315.3590 15.06380699    07
STARLINK-1820
1 46520U 19074A   24001.50000000  .00001174  00000-0  96125-4 0  9990
2 46520  53.1468 264.2300 0001338 264.2300 264.2300 15.06380699    07
STARLINK-1821
1 46521U 19074A   24001.50000000  .00001174  00000-0  96125-4 0  9990
2 46521  53.0179  32.2456 0001338  32.2456  32.2456 15.06380699    07
STARLINK-1822
1 46522U 19074A   24001.50000000  .00001174  00000-0  96125-4 0  9990
2 46522  53.0893 160.7910 0001338 160.7910 160.7910 15.06380699    07
STARLINK-1823
1 46523U 19074A   24001.50000000  .00001174  00000-0  96125-4 0  9990
2 46523  53.1614 290.5320 0001338 290.5320 290.5320 15.06380699    07
STARLINK-1824
1 46524U 19074A   24001.50000000  .00001174  00000-0  96125-4 0  9990
2 46524  53.0332  59.8384 0001338  59.8384  59.8384 15.06380699    07
STARLINK-1825
1 46525U 19074A   24001.50000000  .00001174  00000-0  96125-4 0  9990
2 46525  53.1041 187.3610 0001338 187.3610 187.3610 15.06380699    07
STARLINK-1826
1 46526U 19074A   24001.50000000  .00001174  00000-0  96125-4 0  9990
2 46526  53.0766 137.8070 0001338 137.8070 137.8070 15.06380699    07
STARLINK-1827
1 46527U 19074A   24001.50000000  .00001174  00000-0  96125-4 0  9990
2 46527  53.1482 266.6790 0001338 266.6790 266.6790 15.06380699    07
STARLINK-1828
1 46528U 19074A   24001.50000000  .00001174  00000-0  96125-4 0  9990
2 46528  53.0199  35.7359 0001338  35.7359  35.7359 15.06380699    07
STARLINK-1829
1 46529U 19074A   24001.50000000  .00001174  00000-0  96125-4 0  9990
2 46529  53.0920 165.5680 0001338 165.5680 165.5680 15.06380699    07
STARLINK-1830
1 46530U 19074A   24001.50000000  .00001174  00000-0  96125-4 0  9990
2 46530  53.0630 113.3430 0001338 113.3430 113.3430 15.06380699    07
STARLINK-1831
1 46531U 19074A   24001.50000000  .00001174  00000-0  96125-4 0  9990
2 46531  53.1347 242.5010 0001338 242.5010 242.5010 15.06380699    07
STARLINK-1832
1 46532U 19074A   24001.50000000  .00001174  00000-0  96125-4 0  9990
2 46532  53.0072  13.0033 0001338  13.0033  13.0033 15.06380699    07
STARLINK-1833
1 46533U 19074A   24001.50000000  .00001174  00000-0  96125-4 0  9990
2 46533  53.0789 142.0610 0001338 142.0610 142.0610 15.06380699    07
STARLINK-1834
1 46534U 19074A   24001.50000000  .00001174  00000-0  96125-4 0  9990
2 46534  53.0502  90.3446 0001338  90.3446  90.3446 15.06380699    07
STARLINK-1835
1 46535U 19074A   24001.50000000  .00001174  00000-0  96125-4 0  9990
2 46535  53.1214 218.4710 0001338 218.4710 218.4710 15.06380699    07
STARLINK-1836
1 46536U 19074A   24001.50000000  .00001174  00000-0  96125-4 0  9990
2 46536  53.0942 169.5900 0001338 169.5900 169.5900 15.06380699    07
STARLINK-1837
1 46537U 19074A   24001.50000000  .00001174  00000-0  96125-4 0  9990
2 46537  53.0656 118.0770 0001338 118.0770 118.0770 15.06380699    07
STARLINK-1838
1 46538U 19074A   24001.50000000  .00001174  00000-0  96125-4 0  9990
2 46538  53.0359  64.6329 0001338  64.6329  64.6329 15.06380699    07
STARLINK-1839
1 46539U 19074A   24001.50000000  .00001174  00000-0  96125-4 0  9990
2 46539  53.1086 195.4630 0001338 195.4630 195.4630 15.06380699    07
STARLINK-1840
1 46540U 19074A   24001.50000000  .00001174  00000-0  96125-4 0  9990
2 46540  53.1794 322.9130 0001338 322.9130 322.9130 15.06380699    07
STARLINK-1841
1 46541U 19074A   24001.50000000  .00001174  00000-0  96125-4 0  9990
2 46541  53.1519 273.5060 0001338 273.5060 273.5060 15.06380699    07
STARLINK-1842
1 46542U 19074A   24001.50000000  .00001174  00000-0  96125-4 0  9990
2 46542  53.0232  41.6816 0001338  41.6816  41.6816 15.06380699    07
STARLINK-1843
1 46543U 19074A   24001.50000000  .00001174  00000-0  96125-4 0  9990
2 46543  53.0947 170.4840 0001338 170.4840 170.4840 15.06380699    07
STARLINK-1844
1 46544U 19074A   24001.50000000  .00001174  00000-0  96125-4 0  9990
2 46544  53.0662 119.1370 0001338 119.1370 119.1370 15.06380699    07
STARLINK-1845
1 46545U 19074A   24001.50000000  .00001174  00000-0  96125-4 0  9990
2 46545  53.0386  69.4713 0001338  69.4713  69.4713 15.06380699    07
STARLINK-1846
1 46546U 19074A   24001.50000000  .00001174  00000-0  96125-4 0  9990
2 46546  53.1088 195.8380 0001338 195.8380 195.8380 15.06380699    07
STARLINK-1847
1 46547U 19074A   24001.50000000  .00001174  00000-0  96125-4 0  9990
2 46547  53.0815 146.6670 0001338 146.6670 146.6670 15.06380699    07
STARLINK-1848
1 46548U 19074A   24001.50000000  .00001174  00000-0  96125-4 0  9990
2 46548  53.0529  95.2105 0001338  95.2105  95.2105 15.06380699    07
STARLINK-1849
1 46549U 19074A   24001.50000000  .00001174  00000-0  96125-4 0  9990
2 46549  53.0256  46.1036 0001338  46.1036  46.1036 15.06380699    07
STARLINK-1850
1 46550U 19074A   24001.50000000  .00001174  00000-0  96125-4 0  9990
2 46550  53.1965 353.7500 0001338 353.7500 353.7500 15.06380699    07
STARLINK-1851
1 46551U 19074A   24001.50000000  .00001174  00000-0  96125-4 0  9990
2 46551  53.0687 123.6240 0001338 123.6240 123.6240 15.06380699    07
STARLINK-1852
1 46552U 19074A   24001.50000000  .00001174  00000-0  96125-4 0  9990
2 46552  53.0409  73.5796 0001338  73.5796  73.5796 15.06380699    07
STARLINK-1853
1 46553U 19074A   24001.50000000  .00001174  00000-0  96125-4 0  9990
2 46553  53.0113  20.4229 0001338  20.4229  20.4229 15.06380699    07
STARLINK-1854
1 46554U 19074A   24001.50000000  .00001174  00000-0  96125-4 0  9990
2 46554  53.0830 149.3990 0001338 149.3990 149.3990 15.06380699    07
STARLINK-1855
1 46555U 19074A   24001.50000000  .00001174  00000-0  96125-4 0  9990
2 46555  53.0554  99.7586 0001338  99.7586  99.7586 15.06380699    07
STARLINK-1856
1 46556U 19074A   24001.50000000  .00001174  00000-0  96125-4 0  9990
2 46556  53.0270  48.6820 0001338  48.6820  48.6820 15.06380699    07
STARLINK-1857
1 46557U 19074A   24001.50000000  .00001174  00000-0  96125-4 0  9990
2 46557  53.1991 358.3950 0001338 358.3950 358.3950 15.06380699    07
STARLINK-1858
1 46558U 19074A   24001.50000000  .00001174  00000-0  96125-4 0  9990
2 46558  53.1701 306.1750 0001338 306.1750 306.1750 15.06380699    07
STARLINK-1859
1 46559U 19074A   24001.50000000  .00001174  00000-0  96125-4 0  9990
2 46559  53.1416 254.8100 0001338 254.8100 254.8100 15.06380699    07
STARLINK-1860
1 46560U 19074A   24001.50000000  .00001174  00000-0  96125-4 0  9990
2 46560  53.0140  25.2690 0001338  25.2690  25.2690 15.06380699    07
STARLINK-1861
1 46561U 19074A   24001.50000000  .00001174  00000-0  96125-4 0  9990
2 46561  53.1853 333.5590 0001338 333.5590 333.5590 15.06380699    07
STARLINK-1862
1 46562U 19074A   24001.50000000  .00001174  00000-0  96125-4 0  9990
2 46562  53.0569 102.3390 0001338 102.3390 102.3390 15.06380699    07
STARLINK-1863
1 46563U 19074A   24001.50000000  .00001174  00000-0  96125-4 0  9990
2 46563  53.1284 231.1660 0001338 231.1660 231.1660 15.06380699    07
STARLINK-1864
1 46564U 19074A   24001.50000000  .00001174  00000-0  96125-4 0  9990
2 46564  53.1007 181.2130 0001338 181.2130 181.2130 15.06380699    07
STARLINK-1865
1 46565U 19074A   24001.50000000  .00001174  00000-0  96125-4 0  9990
2 46565  53.0719 129.3860 0001338 129.3860 129.3860 15.06380699    07
STARLINK-1866
1 46566U 19074A   24001.50000000  .00001174  00000-0  96125-4 0  9990
2 46566  53.0432  77.8246 0001338  77.8246  77.8246 15.06380699    07
STARLINK-1867
1 46567U 19074A   24001.50000000  .00001174  00000-0  96125-4 0  9990
2 46567  53.0146  26.2519 0001338  26.2519  26.2519 15.06380699    07
STARLINK-1868
1 46568U 19074A   24001.50000000  .00001174  00000-0  96125-4 0  9990
2 46568  53.1869 336.4730 0001338 336.4730 336.4730 15.06380699    07
STARLINK-1869
1 46569U 19074A   24001.50000000  .00001174  00000-0  96125-4 0  9990
2 46569  53.1581 284.5900 0001338 284.5900 284.5900 15.06380699    07
STARLINK-1870
1 46570U 19074A   24001.50000000  .00001174  00000-0  96125-4 0  9990
2 46570  53.0291  52.3608 0001338  52.3608  52.3608 15.06380699    07
STARLINK-1871
1 46571U 19074A   24001.50000000  .00001174  00000-0  96125-4 0  9990
2 46571  53.0019   3.3733 0001338   3.3733   3.3733 15.06380699    07
STARLINK-1872
1 46572U 19074A   24001.50000000  .00001174  00000-0  96125-4 0  9990
2 46572  53.1735 312.2630 0001338 312.2630 312.2630 15.06380699    07
STARLINK-1873
1 46573U 19074A   24001.50000000  .00001174  00000-0  96125-4 0  9990
2 46573  53.0461  83.0001 0001338  83.0001  83.0001 15.06380699    07
STARLINK-1874
1 46574U 19074A   24001.50000000  .00001174  00000-0  96125-4 0  9990
2 46574  53.0179  32.2064 0001338  32.2064  32.2064 15.06380699    07
STARLINK-1875
1 46575U 19074A   24001.50000000  .00001174  00000-0  96125-4 0  9990
2 46575  53.1879 338.2200 0001338 338.2200 338.2200 15.06380699    07
STARLINK-1876
1 46576U 19074A   24001.50000000  .00001174  00000-0  96125-4 0  9990
2 46576  53.1602 288.3440 0001338 288.3440 288.3440 15.06380699    07
STARLINK-1877
1 46577U 19074A   24001.50000000  .00001174  00000-0  96125-4 0  9990
2 46577  53.0319  57.3342 0001338  57.3342  57.3342 15.06380699    07
STARLINK-1878
1 46578U 19074A   24001.50000000  .00001174  00000-0  96125-4 0  9990
2 46578  53.1045 188.0300 0001338 188.0300 188.0300 15.06380699    07
STARLINK-1879
1 46579U 19074A   24001.50000000  .00001174  00000-0  96125-4 0  9990
2 46579  53.1752 315.3740 0001338 315.3740 315.3740 15.06380699    07
STARLINK-1880
1 46580U 19074A   24001.50000000  .00001174  00000-0  96125-4 0  9990
2 46580  53.1471 264.7710 0001338 264.7710 264.7710 15.06380699    07
STARLINK-1881
1 46581U 19074A   24001.50000000  .00001174  00000-0  96125-4 0  9990
2 46581  53.0190  34.1697 0001338  34.1697  34.1697 15.06380699    07
STARLINK-1882
1 46582U 19074A   24001.50000000  .00001174  00000-0  96125-4 0  9990
2 46582  53.0907 163.3300 0001338 163.3300 163.3300 15.06380699    07
STARLINK-1883
1 46583U 19074A   24001.50000000  .00001174  00000-0  96125-4 0  9990
2 46583  53.1626 292.6890 0001338 292.6890 292.6890 15.06380699    07
STARLINK-1884
1 46584U 19074A   24001.50000000  .00001174  00000-0  96125-4 0  9990
2 46584  53.0328  59.0005 0001338  59.0005  59.0005 15.06380699    07
STARLINK-1885
1 46585U 19074A   24001.50000000  .00001174  00000-0  96125-4 0  9990
2 46585  53.1049 188.8750 0001338 188.8750 188.8750 15.06380699    07
STARLINK-1886
1 46586U 19074A   24001.50000000  .00001174  00000-0  96125-4 0  9990
2 46586  53.1776 319.6030 0001338 319.6030 319.6030 15.06380699    07
STARLINK-1887
1 46587U 19074A   24001.50000000  .00001174  00000-0  96125-4 0  9990
2 46587  53.0485  87.3605 0001338  87.3605  87.3605 15.06380699    07
STARLINK-1888
1 46588U 19074A   24001.50000000  .00001174  00000-0  96125-4 0  9990
2 46588  53.0196  35.3021 0001338  35.3021  35.3021 15.06380699    07
STARLINK-1889
1 46589U 19074A   24001.50000000  .00001174  00000-0  96125-4 0  9990
2 46589  53.1921 345.7480 0001338 345.7480 345.7480 15.06380699    07
STARLINK-1890
1 46590U 19074A   24001.50000000  .00001174  00000-0  96125-4 0  9990
2 46590  53.0634 114.2050 0001338 114.2050 114.2050 15.06380699    07
STARLINK-1891
1 46591U 19074A   24001.50000000  .00001174  00000-0  96125-4 0  9990
2 46591  53.0355  63.9002 0001338  63.9002  63.9002 15.06380699    07
STARLINK-1892
1 46592U 19074A   24001.50000000  .00001174  00000-0  96125-4 0  9990
2 46592  53.1071 192.7560 0001338 192.7560 192.7560 15.06380699    07
STARLINK-1893
1 46593U 19074A   24001.50000000  .00001174  00000-0  96125-4 0  9990
2 46593  53.1795 323.0420 0001338 323.0420 323.0420 15.06380699    07
STARLINK-1894
1 46594U 19074A   24001.50000000  .00001174  00000-0  96125-4 0  9990
2 46594  53.0509  91.6961 0001338  91.6961  91.6961 15.06380699    07
STARLINK-1895
1 46595U 19074A   24001.50000000  .00001174  00000-0  96125-4 0  9990
2 46595  53.1223 220.1340 0001338 220.1340 220.1340 15.06380699    07
STARLINK-1896
1 46596U 19074A   24001.50000000  .00001174  00000-0  96125-4 0  9990
2 46596  53.0942 169.4860 0001338 169.4860 169.4860 15.06380699    07
STARLINK-1897
1 46597U 19074A   24001.50000000  .00001174  00000-0  96125-4 0  9990
2 46597  53.1660 298.7480 0001338 298.7480 298.7480 15.06380699    07
STARLINK-1898
1 46598U 19074A   24001.50000000  .00001174  00000-0  96125-4 0  9990
2 46598  53.1375 247.4350 0001338 247.4350 247.4350 15.06380699    07
STARLINK-1899
1 46599U 19074A   24001.50000000  .00001174  00000-0  96125-4 0  9990
2 46599  53.1076 193.7200 0001338 193.7200 193.7200 15.06380699    07
STARLINK-1900
1 46600U 19074A   24001.50000000  .00001174  00000-0  96125-4 0  9990
2 46600  53.0800 144.0830 0001338 144.0830 144.0830 15.06380699    07
STARLINK-1901
1 46601U 19074A   24001.50000000  .00001174  00000-0  96125-4 0  9990
2 46601  53.0518  93.1511 0001338  93.1511  93.1511 15.06380699    07
STARLINK-1902
1 46602U 19074A   24001.50000000  .00001174  00000-0  96125-4 0  9990
2 46602  53.1244 223.9790 0001338 223.9790 223.9790 15.06380699    07
STARLINK-1903
1 46603U 19074A   24001.50000000  .00001174  00000-0  96125-4 0  9990
2 46603  53.0947 170.3760 0001338 170.3760 170.3760 15.06380699    07
STARLINK-1904
1 46604U 19074A   24001.50000000  .00001174  00000-0  96125-4 0  9990
2 46604  53.0671 120.7590 0001338 120.7590 120.7590 15.06380699    07
STARLINK-1905
1 46605U 19074A   24001.50000000  .00001174  00000-0  96125-4 0  9990
2 46605  53.0388  69.7624 0001338  69.7624  69.7624 15.06380699    07
STARLINK-1906
1 46606U 19074A   24001.50000000  .00001174  00000-0  96125-4 0  9990
2 46606  53.0101  18.2266 0001338  18.2266  18.2266 15.06380699    07
STARLINK-1907
1 46607U 19074A   24001.50000000  .00001174  00000-0  96125-4 0  9990
2 46607  53.0815 146.6590 0001338 146.6590 146.6590 15.06380699    07
STARLINK-1908
1 46608U 19074A   24001.50000000  .00001174  00000-0  96125-4 0  9990
2 46608  53.1538 276.7920 0001338 276.7920 276.7920 15.06380699    07
STARLINK-1909
1 46609U 19074A   24001.50000000  .00001174  00000-0  96125-4 0  9990
2 46609  53.1255 225.9160 0001338 225.9160 225.9160 15.06380699    07
STARLINK-1910
1 46610U 19074A   24001.50000000  .00001174  00000-0  96125-4 0  9990
2 46610  53.0981 176.4910 0001338 176.4910 176.4910 15.06380699    07
STARLINK-1911
1 46611U 19074A   24001.50000000  .00001174  00000-0  96125-4 0  9990
2 46611  53.1687 303.7050 0001338 303.7050 303.7050 15.06380699    07
STARLINK-1912
1 46612U 19074A   24001.50000000  .00001174  00000-0  96125-4 0  9990
2 46612  53.1400 251.9940 0001338 251.9940 251.9940 15.06380699    07
STARLINK-1913
1 46613U 19074A   24001.50000000  .00001174  00000-0  96125-4 0  9990
2 46613  53.0117  21.0344 0001338  21.0344  21.0344 15.06380699    07
STARLINK-1914
1 46614U 19074A   24001.50000000  .00001174  00000-0  96125-4 0  9990
2 46614  53.1847 332.4380 0001338 332.4380 332.4380 15.06380699    07
STARLINK-1915
1 46615U 19074A   24001.50000000  .00001174  00000-0  96125-4 0  9990
2 46615  53.0558 100.3750 0001338 100.3750 100.3750 15.06380699    07
STARLINK-1916
1 46616U 19074A   24001.50000000  .00001174  00000-0  96125-4 0  9990
2 46616  53.1269 228.4330 0001338 228.4330 228.4330 15.06380699    07
STARLINK-1917
1 46617U 19074A   24001.50000000  .00001174  00000-0  96125-4 0  9990
2 46617  53.0995 179.1830 0001338 179.1830 179.1830 15.06380699    07
STARLINK-1918
1 46618U 19074A   24001.50000000  .00001174  00000-0  96125-4 0  9990
2 46618  53.1702 306.3450 0001338 306.3450 306.3450 15.06380699    07
STARLINK-1919
1 46619U 19074A   24001.50000000  .00001174  00000-0  96125-4 0  9990
2 46619  53.0425  76.5095 0001338  76.5095  76.5095 15.06380699    07
STARLINK-1920
1 46620U 19074A   24001.50000000  .00001174  00000-0  96125-4 0  9990
2 46620  53.0140  25.1532 0001338  25.1532  25.1532 15.06380699    07
STARLINK-1921
1 46621U 19074A   24001.50000000  .00001174  00000-0  96125-4 0  9990
2 46621  53.0856 154.0580 0001338 154.0580 154.0580 15.06380699    07
STARLINK-1922
1 46622U 19074A   24001.50000000  .00001174  00000-0  96125-4 0  9990
2 46622  53.0569 102.4870 0001338 102.4870 102.4870 15.06380699    07
STARLINK-1923
1 46623U 19074A   24001.50000000  .00001174  00000-0  96125-4 0  9990
2 46623  53.1288 231.8030 0001338 231.8030 231.8030 15.06380699    07
STARLINK-1924
1 46624U 19074A   24001.50000000  .00001174  00000-0  96125-4 0  9990
2 46624  53.1010 181.7400 0001338 181.7400 181.7400 15.06380699    07
STARLINK-1925
1 46625U 19074A   24001.50000000  .00001174  00000-0  96125-4 0  9990
2 46625  53.0718 129.2300 0001338 129.2300 129.2300 15.06380699    07
STARLINK-1926
1 46626U 19074A   24001.50000000  .00001174  00000-0  96125-4 0  9990
2 46626  53.0444  79.9466 0001338  79.9466  79.9466 15.06380699    07
STARLINK-1927
1 46627U 19074A   24001.50000000  .00001174  00000-0  96125-4 0  9990
2 46627  53.0159  28.5505 0001338  28.5505  28.5505 15.06380699    07
STARLINK-1928
1 46628U 19074A   24001.50000000  .00001174  00000-0  96125-4 0  9990
2 46628  53.0876 157.6190 0001338 157.6190 157.6190 15.06380699    07
STARLINK-1929
1 46629U 19074A   24001.50000000  .00001174  00000-0  96125-4 0  9990
2 46629  53.0584 105.1360 0001338 105.1360 105.1360 15.06380699    07
STARLINK-1930
1 46630U 19074A   24001.50000000  .00001174  00000-0  96125-4 0  9990
2 46630  53.0308  55.4962 0001338  55.4962  55.4962 15.06380699    07
STARLINK-1931
1 46631U 19074A   24001.50000000  .00001174  00000-0  96125-4 0  9990
2 46631  53.0013   2.3131 0001338   2.3131   2.3131 15.06380699    07
STARLINK-1932
1 46632U 19074A   24001.50000000  .00001174  00000-0  96125-4 0  9990
2 46632  53.0739 133.0370 0001338 133.0370 133.0370 15.06380699    07
STARLINK-1933
1 46633U 19074A   24001.50000000  .00001174  00000-0  96125-4 0  9990
2 46633  53.0461  82.9646 0001338  82.9646  82.9646 15.06380699    07
STARLINK-1934
1 46634U 19074A   24001.50000000  .00001174  00000-0  96125-4 0  9990
2 46634  53.0176  31.6399 0001338  31.6399  31.6399 15.06380699    07
STARLINK-1935
1 46635U 19074A   24001.50000000  .00001174  00000-0  96125-4 0  9990
2 46635  53.1888 339.8130 0001338 339.8130 339.8130 15.06380699    07
STARLINK-1936
1 46636U 19074A   24001.50000000  .00001174  00000-0  96125-4 0  9990
2 46636  53.0605 108.8160 0001338 108.8160 108.8160 15.06380699    07
STARLINK-1937
1 46637U 19074A   24001.50000000  .00001174  00000-0  96125-4 0  9990
2 46637  53.1324 238.3390 0001338 238.3390 238.3390 15.06380699    07
STARLINK-1938
1 46638U 19074A   24001.50000000  .00001174  00000-0  96125-4 0  9990
2 46638  53.1042 187.5920 0001338 187.5920 187.5920 15.06380699    07
STARLINK-1939
1 46639U 19074A   24001.50000000  .00001174  00000-0  96125-4 0  9990
2 46639  53.0770 138.6460 0001338 138.6460 138.6460 15.06380699    07
STARLINK-1940
1 46640U 19074A   24001.50000000  .00001174  00000-0  96125-4 0  9990
2 46640  53.1469 264.4190 0001338 264.4190 264.4190 15.06380699    07
STARLINK-1941
1 46641U 19074A   24001.50000000  .00001174  00000-0  96125-4 0  9990
2 46641  53.0195  35.0672 0001338  35.0672  35.0672 15.06380699    07
STARLINK-1942
1 46642U 19074A   24001.50000000  .00001174  00000-0  96125-4 0  9990
2 46642  53.0906 163.1330 0001338 163.1330 163.1330 15.06380699    07
STARLINK-1943
1 46643U 19074A   24001.50000000  .00001174  00000-0  96125-4 0  9990
2 46643  53.0633 113.8740 0001338 113.8740 113.8740 15.06380699    07
STARLINK-1944
1 46644U 19074A   24001.50000000  .00001174  00000-0  96125-4 0  9990
2 46644  53.0334  60.0846 0001338  60.0846  60.0846 15.06380699    07
STARLINK-1945
1 46645U 19074A   24001.50000000  .00001174  00000-0  96125-4 0  9990
2 46645  53.1055 189.9080 0001338 189.9080 189.9080 15.06380699    07
STARLINK-1946
1 46646U 19074A   24001.50000000  .00001174  00000-0  96125-4 0  9990
2 46646  53.1775 319.5860 0001338 319.5860 319.5860 15.06380699    07
STARLINK-1947
1 46647U 19074A   24001.50000000  .00001174  00000-0  96125-4 0  9990
2 46647  53.0492  88.6500 0001338  88.6500  88.6500 15.06380699    07
STARLINK-1948
1 46648U 19074A   24001.50000000  .00001174  00000-0  96125-4 0  9990
2 46648  53.0204  36.6692 0001338  36.6692  36.6692 15.06380699    07
STARLINK-1949
1 46649U 19074A   24001.50000000  .00001174  00000-0  96125-4 0  9990
2 46649  53.1924 346.2650 0001338 346.2650 346.2650 15.06380699    07
STARLINK-1950
1 46650U 19074A   24001.50000000  .00001174  00000-0  96125-4 0  9990
2 46650  53.1639 295.0710 0001338 295.0710 295.0710 15.06380699    07
STARLINK-1951
1 46651U 19074A   24001.50000000  .00001174  00000-0  96125-4 0  9990
2 46651  53.0365  65.7304 0001338  65.7304  65.7304 15.06380699    07
STARLINK-1952
1 46652U 19074A   24001.50000000  .00001174  00000-0  96125-4 0  9990
2 46652  53.0070  12.5544 0001338  12.5544  12.5544 15.06380699    07
STARLINK-1953
1 46653U 19074A   24001.50000000  .00001174  00000-0  96125-4 0  9990
2 46653  53.1786 321.4060 0001338 321.4060 321.4060 15.06380699    07
STARLINK-1954
1 46654U 19074A   24001.50000000  .00001174  00000-0  96125-4 0  9990
2 46654  53.1512 272.1010 0001338 272.1010 272.1010 15.06380699    07
STARLINK-1955
1 46655U 19074A   24001.50000000  .00001174  00000-0  96125-4 0  9990
2 46655  53.0234  42.1207 0001338  42.1207  42.1207 15.06380699    07
STARLINK-1956
1 46656U 19074A   24001.50000000  .00001174  00000-0  96125-4 0  9990
2 46656  53.1947 350.4310 0001338 350.4310 350.4310 15.06380699    07
STARLINK-1957
1 46657U 19074A   24001.50000000  .00001174  00000-0  96125-4 0  9990
2 46657  53.1663 299.3310 0001338 299.3310 299.3310 15.06380699    07
STARLINK-1958
1 46658U 19074A   24001.50000000  .00001174  00000-0  96125-4 0  9990
2 46658  53.1387 249.6120 0001338 249.6120 249.6120 15.06380699    07
STARLINK-1959
1 46659U 19074A   24001.50000000  .00001174  00000-0  96125-4 0  9990
2 46659  53.0091  16.3132 0001338  16.3132  16.3132 15.06380699    07
STARLINK-1960
1 46660U 19074A   24001.50000000  .00001174  00000-0  96125-4 0  9990
2 46660  53.0809 145.5700 0001338 145.5700 145.5700 15.06380699    07
STARLINK-1961
1 46661U 19074A   24001.50000000  .00001174  00000-0  96125-4 0  9990
2 46661  53.0525  94.4665 0001338  94.4665  94.4665 15.06380699    07
STARLINK-1962
1 46662U 19074A   24001.50000000  .00001174  00000-0  96125-4 0  9990
2 46662  53.0244  43.8540 0001338  43.8540  43.8540 15.06380699    07
STARLINK-1963
1 46663U 19074A   24001.50000000  .00001174  00000-0  96125-4 0  9990
2 46663  53.0961 172.9410 0001338 172.9410 172.9410 15.06380699    07
STARLINK-1964
1 46664U 19074A   24001.50000000  .00001174  00000-0  96125-4 0  9990
2 46664  53.0687 123.6500 0001338 123.6500 123.6500 15.06380699    07
STARLINK-1965
1 46665U 19074A   24001.50000000  .00001174  00000-0  96125-4 0  9990
2 46665  53.0388  69.8895 0001338  69.8895  69.8895 15.06380699    07
STARLINK-1966
1 46666U 19074A   24001.50000000  .00001174  00000-0  96125-4 0  9990
2 46666  53.1108 199.3920 0001338 199.3920 199.3920 15.06380699    07
STARLINK-1967
1 46667U 19074A   24001.50000000  .00001174  00000-0  96125-4 0  9990
2 46667  53.1832 329.7460 0001338 329.7460 329.7460 15.06380699    07
STARLINK-1968
1 46668U 19074A   24001.50000000  .00001174  00000-0  96125-4 0  9990
2 46668  53.1544 277.9790 0001338 277.9790 277.9790 15.06380699    07
STARLINK-1969
1 46669U 19074A   24001.50000000  .00001174  00000-0  96125-4 0  9990
2 46669  53.0266  47.8453 0001338  47.8453  47.8453 15.06380699    07
STARLINK-1970
1 46670U 19074A   24001.50000000  .00001174  00000-0  96125-4 0  9990
2 46670  53.1985 357.3380 0001338 357.3380 357.3380 15.06380699    07
STARLINK-1971
1 46671U 19074A   24001.50000000  .00001174  00000-0  96125-4 0  9990
2 46671  53.0691 124.3190 0001338 124.3190 124.3190 15.06380699    07
STARLINK-1972
1 46672U 19074A   24001.50000000  .00001174  00000-0  96125-4 0  9990
2 46672  53.1415 254.6950 0001338 254.6950 254.6950 15.06380699    07
STARLINK-1973
1 46673U 19074A   24001.50000000  .00001174  00000-0  96125-4 0  9990
2 46673  53.1131 203.5900 0001338 203.5900 203.5900 15.06380699    07
STARLINK-1974
1 46674U 19074A   24001.50000000  .00001174  00000-0  96125-4 0  9990
2 46674  53.0846 152.2670 0001338 152.2670 152.2670 15.06380699    07
STARLINK-1975
1 46675U 19074A   24001.50000000  .00001174  00000-0  96125-4 0  9990
2 46675  53.0563 101.4010 0001338 101.4010 101.4010 15.06380699    07
STARLINK-1976
1 46676U 19074A   24001.50000000  .00001174  00000-0  96125-4 0  9990
2 46676  53.0276  49.7633 0001338  49.7633  49.7633 15.06380699    07
STARLINK-1977
1 46677U 19074A   24001.50000000  .00001174  00000-0  96125-4 0  9990
2 46677  53.1991 358.3900 0001338 358.3900 358.3900 15.06380699    07
STARLINK-1978
1 46678U 19074A   24001.50000000  .00001174  00000-0  96125-4 0  9990
2 46678  53.0712 128.1640 0001338 128.1640 128.1640 15.06380699    07
STARLINK-1979
1 46679U 19074A   24001.50000000  .00001174  00000-0  96125-4 0  9990
2 46679  53.1432 257.7340 0001338 257.7340 257.7340 15.06380699    07
STARLINK-1980
1 46680U 19074A   24001.50000000  .00001174  00000-0  96125-4 0  9990
2 46680  53.0153  27.5426 0001338  27.5426  27.5426 15.06380699    07
STARLINK-1981
1 46681U 19074A   24001.50000000  .00001174  00000-0  96125-4 0  9990
2 46681  53.1859 334.5590 0001338 334.5590 334.5590 15.06380699    07
STARLINK-1982
1 46682U 19074A   24001.50000000  .00001174  00000-0  96125-4 0  9990
2 46682  53.0577 103.8940 0001338 103.8940 103.8940 15.06380699    07
STARLINK-1983
1 46683U 19074A   24001.50000000  .00001174  00000-0  96125-4 0  9990
2 46683  53.0300  53.9936 0001338  53.9936  53.9936 15.06380699    07
STARLINK-1984
1 46684U 19074A   24001.50000000  .00001174  00000-0  96125-4 0  9990
2 46684  53.1010 181.7360 0001338 181.7360 181.7360 15.06380699    07
STARLINK-1985
1 46685U 19074A   24001.50000000  .00001174  00000-0  96125-4 0  9990
2 46685  53.0734 132.0440 0001338 132.0440 132.0440 15.06380699    07
STARLINK-1986
1 46686U 19074A   24001.50000000  .00001174  00000-0  96125-4 0  9990
2 46686  53.0445  80.1326 0001338  80.1326  80.1326 15.06380699    07
STARLINK-1987
1 46687U 19074A   24001.50000000  .00001174  00000-0  96125-4 0  9990
2 46687  53.0169  30.4341 0001338  30.4341  30.4341 15.06380699    07
STARLINK-1988
1 46688U 19074A   24001.50000000  .00001174  00000-0  96125-4 0  9990
2 46688  53.1883 338.8820 0001338 338.8820 338.8820 15.06380699    07
STARLINK-1989
1 46689U 19074A   24001.50000000  .00001174  00000-0  96125-4 0  9990
2 46689  53.1595 287.1260 0001338 287.1260 287.1260 15.06380699    07
STARLINK-1990
1 46690U 19074A   24001.50000000  .00001174  00000-0  96125-4 0  9990
2 46690  53.0308  55.5033 0001338  55.5033  55.5033 15.06380699    07
STARLINK-1991
1 46691U 19074A   24001.50000000  .00001174  00000-0  96125-4 0  9990
2 46691  53.1028 184.9530 0001338 184.9530 184.9530 15.06380699    07
STARLINK-1992
1 46692U 19074A   24001.50000000  .00001174  00000-0  96125-4 0  9990
2 46692  53.0751 135.2330 0001338 135.2330 135.2330 15.06380699    07
STARLINK-1993
1 46693U 19074A   24001.50000000  .00001174  00000-0  96125-4 0  9990
2 46693  53.0463  83.3164 0001338  83.3164  83.3164 15.06380699    07
STARLINK-1994
1 46694U 19074A   24001.50000000  .00001174  00000-0  96125-4 0  9990
2 46694  53.1175 211.5340 0001338 211.5340 211.5340 15.06380699    07
STARLINK-1995
1 46695U 19074A   24001.50000000  .00001174  00000-0  96125-4 0  9990
2 46695  53.1895 341.1870 0001338 341.1870 341.1870 15.06380699    07
STARLINK-1996
1 46696U 19074A   24001.50000000  .00001174  00000-0  96125-4 0  9990
2 46696  53.0615 110.7890 0001338 110.7890 110.7890 15.06380699    07
STARLINK-1997
1 46697U 19074A   24001.50000000  .00001174  00000-0  96125-4 0  9990
2 46697  53.0321  57.7015 0001338  57.7015  57.7015 15.06380699    07
STARLINK-1998
1 46698U 19074A   24001.50000000  .00001174  00000-0  96125-4 0  9990
2 46698  53.0047   8.3779 0001338   8.3779   8.3779 15.06380699    07
STARLINK-1999
1 46699U 19074A   24001.50000000  .00001174  00000-0  96125-4 0  9990
2 46699  53.0762 137.1470 0001338 137.1470 137.1470 15.06380699    07
STARLINK-2000
1 46700U 19074A   24001.50000000  .00001174  00000-0  96125-4 0  9990
2 46700  53.0478  86.1226 0001338  86.1226  86.1226 15.06380699    07
GPS-1
1 24877U 97035A   24001.50000000 -.00000033  00000-0  00000+0 0  9993
2 24877  55.4201 302.4680 0048203 302.4680 302.4680  2.00565338    01
GPS-2
1 24878U 97035A   24001.50000000 -.00000033  00000-0  00000+0 0  9993
2 24878  55.3505 252.3510 0048203 252.3510 252.3510  2.00565338    01
GPS-3
1 24879U 97035A   24001.50000000 -.00000033  00000-0  00000+0 0  9993
2 24879  55.2807 202.0970 0048203 202.0970 202.0970  2.00565338    01
GPS-4
1 24880U 97035A   24001.50000000 -.00000033  00000-0  00000+0 0  9993
2 24880  55.4582 329.9250 0048203 329.9250 329.9250  2.00565338    01
GPS-5
1 24881U 97035A   24001.50000000 -.00000033  00000-0  00000+0 0  9993
2 24881  55.1374  98.9084 0048203  98.9084  98.9084  2.00565338    01
GPS-6
1 24882U 97035A   24001.50000000 -.00000033  00000-0  00000+0 0  9993
2 24882  55.0677  48.7580 0048203  48.7580  48.7580  2.00565338    01
GPS-7
1 24883U 97035A   24001.50000000 -.00000033  00000-0  00000+0 0  9993
2 24883  55.2435 175.2850 0048203 175.2850 175.2850  2.00565338    01
GPS-8
1 24884U 97035A   24001.50000000 -.00000033  00000-0  00000+0 0  9993
2 24884  55.1764 126.9940 0048203 126.9940 126.9940  2.00565338    01
GPS-9
1 24885U 97035A   24001.50000000 -.00000033  00000-0  00000+0 0  9993
2 24885  55.1035  74.5076 0048203  74.5076  74.5076  2.00565338    01
GPS-10
1 24886U 97035A   24001.50000000 -.00000033  00000-0  00000+0 0  9993
2 24886  55.2829 203.6920 0048203 203.6920 203.6920  2.00565338    01
GPS-11
1 24887U 97035A   24001.50000000 -.00000033  00000-0  00000+0 0  9993
2 24887  55.4632 333.4840 0048203 333.4840 333.4840  2.00565338    01
GPS-12
1 24888U 97035A   24001.50000000 -.00000033  00000-0  00000+0 0  9993
2 24888  55.3928 282.8160 0048203 282.8160 282.8160  2.00565338    01
GPS-13
1 24889U 97035A   24001.50000000 -.00000033  00000-0  00000+0 0  9993
2 24889  55.3163 227.7520 0048203 227.7520 227.7520  2.00565338    01
GPS-14
1 24890U 97035A   24001.50000000 -.00000033  00000-0  00000+0 0  9993
2 24890  55.4997 359.8190 0048203 359.8190 359.8190  2.00565338    01
GPS-15
1 24891U 97035A   24001.50000000 -.00000033  00000-0  00000+0 0  9993
2 24891  55.1775 127.7900 0048203 127.7900 127.7900  2.00565338    01
GPS-16
1 24892U 97035A   24001.50000000 -.00000033  00000-0  00000+0 0  9993
2 24892  55.1077  77.5575 0048203  77.5575  77.5575  2.00565338    01
GPS-17
1 24893U 97035A   24001.50000000 -.00000033  00000-0  00000+0 0  9993
2 24893  55.2859 205.8460 0048203 205.8460 205.8460  2.00565338    01
GPS-18
1 24894U 97035A   24001.50000000 -.00000033  00000-0  00000+0 0  9993
2 24894  55.4645 334.4660 0048203 334.4660 334.4660  2.00565338    01
GPS-19
1 24895U 97035A   24001.50000000 -.00000033  00000-0  00000+0 0  9993
2 24895  55.1451 104.4840 0048203 104.4840 104.4840  2.00565338    01
GPS-20
1 24896U 97035A   24001.50000000 -.00000033  00000-0  00000+0 0  9993
2 24896  55.0744  53.5724 0048203  53.5724  53.5724  2.00565338    01
GPS-21
1 24897U 97035A   24001.50000000 -.00000033  00000-0  00000+0 0  9993
2 24897  55.2529 182.1240 0048203 182.1240 182.1240  2.00565338    01
GPS-22
1 24898U 97035A   24001.50000000 -.00000033  00000-0  00000+0 0  9993
2 24898  55.4325 311.4100 0048203 311.4100 311.4100  2.00565338    01
GPS-23
1 24899U 97035A   24001.50000000 -.00000033  00000-0  00000+0 0  9993
2 24899  55.3638 261.9290 0048203 261.9290 261.9290  2.00565338    01
GPS-24
1 24900U 97035A   24001.50000000 -.00000033  00000-0  00000+0 0  9993
2 24900  55.0439  31.5771 0048203  31.5771  31.5771  2.00565338    01
GPS-25
1 24901U 97035A   24001.50000000 -.00000033  00000-0  00000+0 0  9993
2 24901  55.4697 338.1680 0048203 338.1680 338.1680  2.00565338    01
GPS-26
1 24902U 97035A   24001.50000000 -.00000033  00000-0  00000+0 0  9993
2 24902  55.3978 286.3960 0048203 286.3960 286.3960  2.00565338    01
GPS-27
1 24903U 97035A   24001.50000000 -.00000033  00000-0  00000+0 0  9993
2 24903  55.3299 237.5400 0048203 237.5400 237.5400  2.00565338    01
GPS-28
1 24904U 97035A   24001.50000000 -.00000033  00000-0  00000+0 0  9993
2 24904  55.2586 186.1760 0048203 186.1760 186.1760  2.00565338    01
GPS-29
1 24905U 97035A   24001.50000000 -.00000033  00000-0  00000+0 0  9993
2 24905  55.4380 315.3560 0048203 315.3560 315.3560  2.00565338    01
GPS-30
1 24906U 97035A   24001.50000000 -.00000033  00000-0  00000+0 0  9993
2 24906  55.1150  82.7881 0048203  82.7881  82.7881  2.00565338    01
GPS-31
1 24907U 97035A   24001.50000000 -.00000033  00000-0  00000+0 0  9993
2 24907  55.2961 213.1630 0048203 213.1630 213.1630  2.00565338    01
GPS-32
1 24908U 97035A   24001.50000000 -.00000033  00000-0  00000+0 0  9993
2 24908  55.2248 161.8830 0048203 161.8830 161.8830  2.00565338    01
GPS-33
1 24909U 97035A   24001.50000000 -.00000033  00000-0  00000+0 0  9993
2 24909  55.1540 110.8620 0048203 110.8620 110.8620  2.00565338    01
GPS-34
1 24910U 97035A   24001.50000000 -.00000033  00000-0  00000+0 0  9993
2 24910  55.0845  60.8292 0048203  60.8292  60.8292  2.00565338    01
GPS-35
1 24911U 97035A   24001.50000000 -.00000033  00000-0  00000+0 0  9993
2 24911  55.2622 188.8160 0048203 188.8160 188.8160  2.00565338    01
GPS-36
1 24912U 97035A   24001.50000000 -.00000033  00000-0  00000+0 0  9993
2 24912  55.1906 137.2540 0048203 137.2540 137.2540  2.00565338    01
GPS-37
1 24913U 97035A   24001.50000000 -.00000033  00000-0  00000+0 0  9993
2 24913  55.1197  86.1885 0048203  86.1885  86.1885  2.00565338    01
GPS-38
1 24914U 97035A   24001.50000000 -.00000033  00000-0  00000+0 0  9993
2 24914  55.2991 215.3610 0048203 215.3610 215.3610  2.00565338    01
GPS-39
1 24915U 97035A   24001.50000000 -.00000033  00000-0  00000+0 0  9993
2 24915  55.4786 344.5730 0048203 344.5730 344.5730  2.00565338    01
GPS-40
1 24916U 97035A   24001.50000000 -.00000033  00000-0  00000+0 0  9993
2 24916  55.4097 294.9920 0048203 294.9920 294.9920  2.00565338    01
GPS-41
1 24917U 97035A   24001.50000000 -.00000033  00000-0  00000+0 0  9993
2 24917  55.3351 241.2890 0048203 241.2890 241.2890  2.00565338    01
GPS-42
1 24918U 97035A   24001.50000000 -.00000033  00000-0  00000+0 0  9993
2 24918  55.0167  12.0492 0048203  12.0492  12.0492  2.00565338    01
GPS-43
1 24919U 97035A   24001.50000000 -.00000033  00000-0  00000+0 0  9993
2 24919  55.1961 141.1740 0048203 141.1740 141.1740  2.00565338    01
GPS-44
1 24920U 97035A   24001.50000000 -.00000033  00000-0  00000+0 0  9993
2 24920  55.3749 269.9050 0048203 269.9050 269.9050  2.00565338    01
GPS-45
1 24921U 97035A   24001.50000000 -.00000033  00000-0  00000+0 0  9993
2 24921  55.3045 219.2130 0048203 219.2130 219.2130  2.00565338    01
GPS-46
1 24922U 97035A   24001.50000000 -.00000033  00000-0  00000+0 0  9993
2 24922  55.2348 169.0910 0048203 169.0910 169.0910  2.00565338    01
GPS-47
1 24923U 97035A   24001.50000000 -.00000033  00000-0  00000+0 0  9993
2 24923  55.4128 297.2450 0048203 297.2450 297.2450  2.00565338    01
GPS-48
1 24924U 97035A   24001.50000000 -.00000033  00000-0  00000+0 0  9993
2 24924  55.3419 246.1920 0048203 246.1920 246.1920  2.00565338    01
GPS-49
1 24925U 97035A   24001.50000000 -.00000033  00000-0  00000+0 0  9993
2 24925  55.0209  15.0522 0048203  15.0522  15.0522  2.00565338    01
GPS-50
1 24926U 97035A   24001.50000000 -.00000033  00000-0  00000+0 0  9993
2 24926  55.4472 321.9560 0048203 321.9560 321.9560  2.00565338    01
WEATHER-1
1 28655U 05018A   24001.50000000  .00000243  00000-0  14987-3 0  9997
2 28655  99.6804 302.4680 0014597 302.4680 302.4680 14.12500319    03
WEATHER-2
1 28656U 05018A   24001.50000000  .00000243  00000-0  14987-3 0  9997
2 28656  99.4020 252.3510 0014597 252.3510 252.3510 14.12500319    03
WEATHER-3
1 28657U 05018A   24001.50000000  .00000243  00000-0  14987-3 0  9997
2 28657  99.1228 202.0970 0014597 202.0970 202.0970 14.12500319    03
WEATHER-4
1 28658U 05018A   24001.50000000  .00000243  00000-0  14987-3 0  9997
2 28658  99.8329 329.9250 0014597 329.9250 329.9250 14.12500319    03
WEATHER-5
1 28659U 05018A   24001.50000000  .00000243  00000-0  14987-3 0  9997
2 28659  98.5495  98.9084 0014597  98.9084  98.9084 14.12500319    03
WEATHER-6
1 28660U 05018A   24001.50000000  .00000243  00000-0  14987-3 0  9997
2 28660  98.2709  48.7580 0014597  48.7580  48.7580 14.12500319    03
WEATHER-7
1 28661U 05018A   24001.50000000  .00000243  00000-0  14987-3 0  9997
2 28661  98.9738 175.2850 0014597 175.2850 175.2850 14.12500319    03
WEATHER-8
1 28662U 05018A   24001.50000000  .00000243  00000-0  14987-3 0  9997
2 28662  98.7055 126.9940 0014597 126.9940 126.9940 14.12500319    03
WEATHER-9
1 28663U 05018A   24001.50000000  .00000243  00000-0  14987-3 0  9997
2 28663  98.4139  74.5076 0014597  74.5076  74.5076 14.12500319    03
WEATHER-10
1 28664U 05018A   24001.50000000  .00000243  00000-0  14987-3 0  9997
2 28664  99.1316 203.6920 0014597 203.6920 203.6920 14.12500319    03
WEATHER-11
1 28665U 05018A   24001.50000000  .00000243  00000-0  14987-3 0  9997
2 28665  99.8527 333.4840 0014597 333.4840 333.4840 14.12500319    03
WEATHER-12
1 28666U 05018A   24001.50000000  .00000243  00000-0  14987-3 0  9997
2 28666  99.5712 282.8160 0014597 282.8160 282.8160 14.12500319    03
WEATHER-13
1 28667U 05018A   24001.50000000  .00000243  00000-0  14987-3 0  9997
2 28667  99.2653 227.7520 0014597 227.7520 227.7520 14.12500319    03
WEATHER-14
1 28668U 05018A   24001.50000000  .00000243  00000-0  14987-3 0  9997
2 28668  99.9990 359.8190 0014597 359.8190 359.8190 14.12500319    03
WEATHER-15
1 28669U 05018A   24001.50000000  .00000243  00000-0  14987-3 0  9997
2 28669  98.7099 127.7900 0014597 127.7900 127.7900 14.12500319    03
WEATHER-16
1 28670U 05018A   24001.50000000  .00000243  00000-0  14987-3 0  9997
2 28670  98.4309  77.5575 0014597  77.5575  77.5575 14.12500319    03
WEATHER-17
1 28671U 05018A   24001.50000000  .00000243  00000-0  14987-3 0  9997
2 28671  99.1436 205.8460 0014597 205.8460 205.8460 14.12500319    03
WEATHER-18
1 28672U 05018A   24001.50000000  .00000243  00000-0  14987-3 0  9997
2 28672  99.8581 334.4660 0014597 334.4660 334.4660 14.12500319    03
WEATHER-19
1 28673U 05018A   24001.50000000  .00000243  00000-0  14987-3 0  9997
2 28673  98.5805 104.4840 0014597 104.4840 104.4840 14.12500319    03
WEATHER-20
1 28674U 05018A   24001.50000000  .00000243  00000-0  14987-3 0  9997
2 28674  98.2976  53.5724 0014597  53.5724  53.5724 14.12500319    03
WEATHER-21
1 28675U 05018A   24001.50000000  .00000243  00000-0  14987-3 0  9997
2 28675  99.0118 182.1240 0014597 182.1240 182.1240 14.12500319    03
WEATHER-22
1 28676U 05018A   24001.50000000  .00000243  00000-0  14987-3 0  9997
2 28676  99.7301 311.4100 0014597 311.4100 311.4100 14.12500319    03
WEATHER-23
1 28677U 05018A   24001.50000000  .00000243  00000-0  14987-3 0  9997
2 28677  99.4552 261.9290 0014597 261.9290 261.9290 14.12500319    03
WEATHER-24
1 28678U 05018A   24001.50000000  .00000243  00000-0  14987-3 0  9997
2 28678  98.1754  31.5771 0014597  31.5771  31.5771 14.12500319    03
WEATHER-25
1 28679U 05018A   24001.50000000  .00000243  00000-0  14987-3 0  9997
2 28679  99.8787 338.1680 0014597 338.1680 338.1680 14.12500319    03
WEATHER-26
1 28680U 05018A   24001.50000000  .00000243  00000-0  14987-3 0  9997
2 28680  99.5911 286.3960 0014597 286.3960 286.3960 14.12500319    03
WEATHER-27
1 28681U 05018A   24001.50000000  .00000243  00000-0  14987-3 0  9997
2 28681  99.3197 237.5400 0014597 237.5400 237.5400 14.12500319    03
WEATHER-28
1 28682U 05018A   24001.50000000  .00000243  00000-0  14987-3 0  9997
2 28682  99.0343 186.1760 0014597 186.1760 186.1760 14.12500319    03
WEATHER-29
1 28683U 05018A   24001.50000000  .00000243  00000-0  14987-3 0  9997
2 28683  99.7520 315.3560 0014597 315.3560 315.3560 14.12500319    03
WEATHER-30
1 28684U 05018A   24001.50000000  .00000243  00000-0  14987-3 0  9997
2 28684  98.4599  82.7881 0014597  82.7881  82.7881 14.12500319    03
WEATHER-31
1 28685U 05018A   24001.50000000  .00000243  00000-0  14987-3 0  9997
2 28685  99.1842 213.1630 0014597 213.1630 213.1630 14.12500319    03
WEATHER-32
1 28686U 05018A   24001.50000000  .00000243  00000-0  14987-3 0  9997
2 28686  98.8994 161.8830 0014597 161.8830 161.8830 14.12500319    03
WEATHER-33
1 28687U 05018A   24001.50000000  .00000243  00000-0  14987-3 0  9997
2 28687  98.6159 110.8620 0014597 110.8620 110.8620 14.12500319    03
WEATHER-34
1 28688U 05018A   24001.50000000  .00000243  00000-0  14987-3 0  9997
2 28688  98.3379  60.8292 0014597  60.8292  60.8292 14.12500319    03
WEATHER-35
1 28689U 05018A   24001.50000000  .00000243  00000-0  14987-3 0  9997
2 28689  99.0490 188.8160 0014597 188.8160 188.8160 14.12500319    03
WEATHER-36
1 28690U 05018A   24001.50000000  .00000243  00000-0  14987-3 0  9997
2 28690  98.7625 137.2540 0014597 137.2540 137.2540 14.12500319    03
WEATHER-37
1 28691U 05018A   24001.50000000  .00000243  00000-0  14987-3 0  9997
2 28691  98.4788  86.1885 0014597  86.1885  86.1885 14.12500319    03
WEATHER-38
1 28692U 05018A   24001.50000000  .00000243  00000-0  14987-3 0  9997
2 28692  99.1965 215.3610 0014597 215.3610 215.3610 14.12500319    03
WEATHER-39
1 28693U 05018A   24001.50000000  .00000243  00000-0  14987-3 0  9997
2 28693  99.9143 344.5730 0014597 344.5730 344.5730 14.12500319    03
WEATHER-40
1 28694U 05018A   24001.50000000  .00000243  00000-0  14987-3 0  9997
2 28694  99.6388 294.9920 0014597 294.9920 294.9920 14.12500319    03
WEATHER-41
1 28695U 05018A   24001.50000000  .00000243  00000-0  14987-3 0  9997
2 28695  99.3405 241.2890 0014597 241.2890 241.2890 14.12500319    03
WEATHER-42
1 28696U 05018A   24001.50000000  .00000243  00000-0  14987-3 0  9997
2 28696  98.0669  12.0492 0014597  12.0492  12.0492 14.12500319    03
WEATHER-43
1 28697U 05018A   24001.50000000  .00000243  00000-0  14987-3 0  9997
2 28697  98.7843 141.1740 0014597 141.1740 141.1740 14.12500319    03
WEATHER-44
1 28698U 05018A   24001.50000000  .00000243  00000-0  14987-3 0  9997
2 28698  99.4995 269.9050 0014597 269.9050 269.9050 14.12500319    03
WEATHER-45
1 28699U 05018A   24001.50000000  .00000243  00000-0  14987-3 0  9997
2 28699  99.2178 219.2130 0014597 219.2130 219.2130 14.12500319    03
WEATHER-46
1 28700U 05018A   24001.50000000  .00000243  00000-0  14987-3 0  9997
2 28700  98.9394 169.0910 0014597 169.0910 169.0910 14.12500319    03
WEATHER-47
1 28701U 05018A   24001.50000000  .00000243  00000-0  14987-3 0  9997
2 28701  99.6514 297.2450 0014597 297.2450 297.2450 14.12500319    03
WEATHER-48
1 28702U 05018A   24001.50000000  .00000243  00000-0  14987-3 0  9997
2 28702  99.3677 246.1920 0014597 246.1920 246.1920 14.12500319    03
WEATHER-49
1 28703U 05018A   24001.50000000  .00000243  00000-0  14987-3 0  9997
2 28703  98.0836  15.0522 0014597  15.0522  15.0522 14.12500319    03
WEATHER-50
1 28704U 05018A   24001.50000000  .00000243  00000-0  14987-3 0  9997
2 28704  99.7886 321.9560 0014597 321.9560 321.9560 14.12500319    03
ONEWEB-1
1 44058U 19018A   24001.50000000  .00000126  00000-0  42589-4 0  9998
2 44058  87.8402 302.4680 0001583 302.4680 302.4680 13.44731201    05
ONEWEB-2
1 44059U 19018A   24001.50000000  .00000126  00000-0  42589-4 0  9998
2 44059  87.7010 252.3510 0001583 252.3510 252.3510 13.44731201    05
ONEWEB-3
1 44060U 19018A   24001.50000000  .00000126  00000-0  42589-4 0  9998
2 44060  87.5614 202.0970 0001583 202.0970 202.0970 13.44731201    05
ONEWEB-4
1 44061U 19018A   24001.50000000  .00000126  00000-0  42589-4 0  9998
2 44061  87.9165 329.9250 0001583 329.9250 329.9250 13.44731201    05
ONEWEB-5
1 44062U 19018A   24001.50000000  .00000126  00000-0  42589-4 0  9998
2 44062  87.2747  98.9084 0001583  98.9084  98.9084 13.44731201    05
ONEWEB-6
1 44063U 19018A   24001.50000000  .00000126  00000-0  42589-4 0  9998
2 44063  87.1354  48.7580 0001583  48.7580  48.7580 13.44731201    05
ONEWEB-7
1 44064U 19018A   24001.50000000  .00000126  00000-0  42589-4 0  9998
2 44064  87.4869 175.2850 0001583 175.2850 175.2850 13.44731201    05
ONEWEB-8
1 44065U 19018A   24001.50000000  .00000126  00000-0  42589-4 0  9998
2 44065  87.3528 126.9940 0001583 126.9940 126.9940 13.44731201    05
ONEWEB-9
1 44066U 19018A   24001.50000000  .00000126  00000-0  42589-4 0  9998
2 44066  87.2070  74.5076 0001583  74.5076  74.5076 13.44731201    05
ONEWEB-10
1 44067U 19018A   24001.50000000  .00000126  00000-0  42589-4 0  9998
2 44067  87.5658 203.6920 0001583 203.6920 203.6920 13.44731201    05
ONEWEB-11
1 44068U 19018A   24001.50000000  .00000126  00000-0  42589-4 0  9998
2 44068  87.9263 333.4840 0001583 333.4840 333.4840 13.44731201    05
ONEWEB-12
1 44069U 19018A   24001.50000000  .00000126  00000-0  42589-4 0  9998
2 44069  87.7856 282.8160 0001583 282.8160 282.8160 13.44731201    05
ONEWEB-13
1 44070U 19018A   24001.50000000  .00000126  00000-0  42589-4 0  9998
2 44070  87.6326 227.7520 0001583 227.7520 227.7520 13.44731201    05
ONEWEB-14
1 44071U 19018A   24001.50000000  .00000126  00000-0  42589-4 0  9998
2 44071  87.9995 359.8190 0001583 359.8190 359.8190 13.44731201    05
ONEWEB-15
1 44072U 19018A   24001.50000000  .00000126  00000-0  42589-4 0  9998
2 44072  87.3550 127.7900 0001583 127.7900 127.7900 13.44731201    05
ONEWEB-16
1 44073U 19018A   24001.50000000  .00000126  00000-0  42589-4 0  9998
2 44073  87.2154  77.5575 0001583  77.5575  77.5575 13.44731201    05
ONEWEB-17
1 44074U 19018A   24001.50000000  .00000126  00000-0  42589-4 0  9998
2 44074  87.5718 205.8460 0001583 205.8460 205.8460 13.44731201    05
ONEWEB-18
1 44075U 19018A   24001.50000000  .00000126  00000-0  42589-4 0  9998
2 44075  87.9291 334.4660 0001583 334.4660 334.4660 13.44731201    05
ONEWEB-19
1 44076U 19018A   24001.50000000  .00000126  00000-0  42589-4 0  9998
2 44076  87.2902 104.4840 0001583 104.4840 104.4840 13.44731201    05
ONEWEB-20
1 44077U 19018A   24001.50000000  .00000126  00000-0  42589-4 0  9998
2 44077  87.1488  53.5724 0001583  53.5724  53.5724 13.44731201    05
ONEWEB-21
1 44078U 19018A   24001.50000000  .00000126  00000-0  42589-4 0  9998
2 44078  87.5059 182.1240 0001583 182.1240 182.1240 13.44731201    05
ONEWEB-22
1 44079U 19018A   24001.50000000  .00000126  00000-0  42589-4 0  9998
2 44079  87.8650 311.4100 0001583 311.4100 311.4100 13.44731201    05
ONEWEB-23
1 44080U 19018A   24001.50000000  .00000126  00000-0  42589-4 0  9998
2 44080  87.7276 261.9290 0001583 261.9290 261.9290 13.44731201    05
ONEWEB-24
1 44081U 19018A   24001.50000000  .00000126  00000-0  42589-4 0  9998
2 44081  87.0877  31.5771 0001583  31.5771  31.5771 13.44731201    05
ONEWEB-25
1 44082U 19018A   24001.50000000  .00000126  00000-0  42589-4 0  9998
2 44082  87.9394 338.1680 0001583 338.1680 338.1680 13.44731201    05
ONEWEB-26
1 44083U 19018A   24001.50000000  .00000126  00000-0  42589-4 0  9998
2 44083  87.7955 286.3960 0001583 286.3960 286.3960 13.44731201    05
ONEWEB-27
1 44084U 19018A   24001.50000000  .00000126  00000-0  42589-4 0  9998
2 44084  87.6598 237.5400 0001583 237.5400 237.5400 13.44731201    05
ONEWEB-28
1 44085U 19018A   24001.50000000  .00000126  00000-0  42589-4 0  9998
2 44085  87.5172 186.1760 0001583 186.1760 186.1760 13.44731201    05
ONEWEB-29
1 44086U 19018A   24001.50000000  .00000126  00000-0  42589-4 0  9998
2 44086  87.8760 315.3560 0001583 315.3560 315.3560 13.44731201    05
ONEWEB-30
1 44087U 19018A   24001.50000000  .00000126  00000-0  42589-4 0  9998
2 44087  87.2300  82.7881 0001583  82.7881  82.7881 13.44731201    05
ONEWEB-31
1 44088U 19018A   24001.50000000  .00000126  00000-0  42589-4 0  9998
2 44088  87.5921 213.1630 0001583 213.1630 213.1630 13.44731201    05
ONEWEB-32
1 44089U 19018A   24001.50000000  .00000126  00000-0  42589-4 0  9998
2 44089  87.4497 161.8830 0001583 161.8830 161.8830 13.44731201    05
ONEWEB-33
1 44090U 19018A   24001.50000000  .00000126  00000-0  42589-4 0  9998
2 44090  87.3079 110.8620 0001583 110.8620 110.8620 13.44731201    05
ONEWEB-34
1 44091U 19018A   24001.50000000  .00000126  00000-0  42589-4 0  9998
2 44091  87.1690  60.8292 0001583  60.8292  60.8292 13.44731201    05
ONEWEB-35
1 44092U 19018A   24001.50000000  .00000126  00000-0  42589-4 0  9998
2 44092  87.5245 188.8160 0001583 188.8160 188.8160 13.44731201    05
ONEWEB-36
1 44093U 19018A   24001.50000000  .00000126  00000-0  42589-4 0  9998
2 44093  87.3813 137.2540 0001583 137.2540 137.2540 13.44731201    05
ONEWEB-37
1 44094U 19018A   24001.50000000  .00000126  00000-0  42589-4 0  9998
2 44094  87.2394  86.1885 0001583  86.1885  86.1885 13.44731201    05
ONEWEB-38
1 44095U 19018A   24001.50000000  .00000126  00000-0  42589-4 0  9998
2 44095  87.5982 215.3610 0001583 215.3610 215.3610 13.44731201    05
ONEWEB-39
1 44096U 19018A   24001.50000000  .00000126  00000-0  42589-4 0  9998
2 44096  87.9571 344.5730 0001583 344.5730 344.5730 13.44731201    05
ONEWEB-40
1 44097U 19018A   24001.50000000  .00000126  00000-0  42589-4 0  9998
2 44097  87.8194 294.9920 0001583 294.9920 294.9920 13.44731201    05
ONEWEB-41
1 44098U 19018A   24001.50000000  .00000126  00000-0  42589-4 0  9998
2 44098  87.6702 241.2890 0001583 241.2890 241.2890 13.44731201    05
ONEWEB-42
1 44099U 19018A   24001.50000000  .00000126  00000-0  42589-4 0  9998
2 44099  87.0335  12.0492 0001583  12.0492  12.0492 13.44731201    05
ONEWEB-43
1 44100U 19018A   24001.50000000  .00000126  00000-0  42589-4 0  9998
2 44100  87.3921 141.1740 0001583 141.1740 141.1740 13.44731201    05
ONEWEB-44
1 44101U 19018A   24001.50000000  .00000126  00000-0  42589-4 0  9998
2 44101  87.7497 269.9050 0001583 269.9050 269.9050 13.44731201    05
ONEWEB-45
1 44102U 19018A   24001.50000000  .00000126  00000-0  42589-4 0  9998
2 44102  87.6089 219.2130 0001583 219.2130 219.2130 13.44731201    05
ONEWEB-46
1 44103U 19018A   24001.50000000  .00000126  00000-0  42589-4 0  9998
2 44103  87.4697 169.0910 0001583 169.0910 169.0910 13.44731201    05
ONEWEB-47
1 44104U 19018A   24001.50000000  .00000126  00000-0  42589-4 0  9998
2 44104  87.8257 297.2450 0001583 297.2450 297.2450 13.44731201    05
ONEWEB-48
1 44105U 19018A   24001.50000000  .00000126  00000-0  42589-4 0  9998
2 44105  87.6839 246.1920 0001583 246.1920 246.1920 13.44731201    05
ONEWEB-49
1 44106U 19018A   24001.50000000  .00000126  00000-0  42589-4 0  9998
2 44106  87.0418  15.0522 0001583  15.0522  15.0522 13.44731201    05
ONEWEB-50
1 44107U 19018A   24001.50000000  .00000126  00000-0  42589-4 0  9998
2 44107  87.8943 321.9560 0001583 321.9560 321.9560 13.44731201    05
ONEWEB-51
1 44108U 19018A   24001.50000000  .00000126  00000-0  42589-4 0  9998
2 44108  87.7606 273.8090 0001583 273.8090 273.8090 13.44731201    05
ONEWEB-52
1 44109U 19018A   24001.50000000  .00000126  00000-0  42589-4 0  9998
2 44109  87.6159 221.7300 0001583 221.7300 221.7300 13.44731201    05
ONEWEB-53
1 44110U 19018A   24001.50000000  .00000126  00000-0  42589-4 0  9998
2 44110  87.9777 351.9730 0001583 351.9730 351.9730 13.44731201    05
ONEWEB-54
1 44111U 19018A   24001.50000000  .00000126  00000-0  42589-4 0  9998
2 44111  87.3295 118.6340 0001583 118.6340 118.6340 13.44731201    05
ONEWEB-55
1 44112U 19018A   24001.50000000  .00000126  00000-0  42589-4 0  9998
2 44112  87.1935  69.6683 0001583  69.6683  69.6683 13.44731201    05
ONEWEB-56
1 44113U 19018A   24001.50000000  .00000126  00000-0  42589-4 0  9998
2 44113  87.0520  18.7277 0001583  18.7277  18.7277 13.44731201    05
ONEWEB-57
1 44114U 19018A   24001.50000000  .00000126  00000-0  42589-4 0  9998
2 44114  87.9112 328.0140 0001583 328.0140 328.0140 13.44731201    05
ONEWEB-58
1 44115U 19018A   24001.50000000  .00000126  00000-0  42589-4 0  9998
2 44115  87.7665 275.9580 0001583 275.9580 275.9580 13.44731201    05
ONEWEB-59
1 44116U 19018A   24001.50000000  .00000126  00000-0  42589-4 0  9998
2 44116  87.1267  45.6112 0001583  45.6112  45.6112 13.44731201    05
ONEWEB-60
1 44117U 19018A   24001.50000000  .00000126  00000-0  42589-4 0  9998
2 44117  87.9853 354.7140 0001583 354.7140 354.7140 13.44731201    05
ONEWEB-61
1 44118U 19018A   24001.50000000  .00000126  00000-0  42589-4 0  9998
2 44118  87.8432 303.5420 0001583 303.5420 303.5420 13.44731201    05
ONEWEB-62
1 44119U 19018A   24001.50000000  .00000126  00000-0  42589-4 0  9998
2 44119  87.6996 251.8380 0001583 251.8380 251.8380 13.44731201    05
ONEWEB-63
1 44120U 19018A   24001.50000000  .00000126  00000-0  42589-4 0  9998
2 44120  87.5573 200.6150 0001583 200.6150 200.6150 13.44731201    05
ONEWEB-64
1 44121U 19018A   24001.50000000  .00000126  00000-0  42589-4 0  9998
2 44121  87.4198 151.1260 0001583 151.1260 151.1260 13.44731201    05
ONEWEB-65
1 44122U 19018A   24001.50000000  .00000126  00000-0  42589-4 0  9998
2 44122  87.2786 100.2930 0001583 100.2930 100.2930 13.44731201    05
ONEWEB-66
1 44123U 19018A   24001.50000000  .00000126  00000-0  42589-4 0  9998
2 44123  87.1332  47.9661 0001583  47.9661  47.9661 13.44731201    05
ONEWEB-67
1 44124U 19018A   24001.50000000  .00000126  00000-0  42589-4 0  9998
2 44124  87.4887 175.9340 0001583 175.9340 175.9340 13.44731201    05
ONEWEB-68
1 44125U 19018A   24001.50000000  .00000126  00000-0  42589-4 0  9998
2 44125  87.8541 307.4910 0001583 307.4910 307.4910 13.44731201    05
ONEWEB-69
1 44126U 19018A   24001.50000000  .00000126  00000-0  42589-4 0  9998
2 44126  87.7107 255.8600 0001583 255.8600 255.8600 13.44731201    05
ONEWEB-70
1 44127U 19018A   24001.50000000  .00000126  00000-0  42589-4 0  9998
2 44127  87.5702 205.2820 0001583 205.2820 205.2820 13.44731201    05
ONEWEB-71
1 44128U 19018A   24001.50000000  .00000126  00000-0  42589-4 0  9998
2 44128  87.4249 152.9480 0001583 152.9480 152.9480 13.44731201    05
ONEWEB-72
1 44129U 19018A   24001.50000000  .00000126  00000-0  42589-4 0  9998
2 44129  87.2835 102.0760 0001583 102.0760 102.0760 13.44731201    05
ONEWEB-73
1 44130U 19018A   24001.50000000  .00000126  00000-0  42589-4 0  9998
2 44130  87.1379  49.6413 0001583  49.6413  49.6413 13.44731201    05
ONEWEB-74
1 44131U 19018A   24001.50000000  .00000126  00000-0  42589-4 0  9998
2 44131  87.9985 359.4450 0001583 359.4450 359.4450 13.44731201    05
ONEWEB-75
1 44132U 19018A   24001.50000000  .00000126  00000-0  42589-4 0  9998
2 44132  87.3570 128.5140 0001583 128.5140 128.5140 13.44731201    05
ONEWEB-76
1 44133U 19018A   24001.50000000  .00000126  00000-0  42589-4 0  9998
2 44133  87.2188  78.7565 0001583  78.7565  78.7565 13.44731201    05
ONEWEB-77
1 44134U 19018A   24001.50000000  .00000126  00000-0  42589-4 0  9998
2 44134  87.0765  27.5288 0001583  27.5288  27.5288 13.44731201    05
ONEWEB-78
1 44135U 19018A   24001.50000000  .00000126  00000-0  42589-4 0  9998
2 44135  87.4311 155.1980 0001583 155.1980 155.1980 13.44731201    05
ONEWEB-79
1 44136U 19018A   24001.50000000  .00000126  00000-0  42589-4 0  9998
2 44136  87.2932 105.5390 0001583 105.5390 105.5390 13.44731201    05
ONEWEB-80
1 44137U 19018A   24001.50000000  .00000126  00000-0  42589-4 0  9998
2 44137  87.6501 234.0450 0001583 234.0450 234.0450 13.44731201    05
ONEWEB-81
1 44138U 19018A   24001.50000000  .00000126  00000-0  42589-4 0  9998
2 44138  87.5107 183.8650 0001583 183.8650 183.8650 13.44731201    05
ONEWEB-82
1 44139U 19018A   24001.50000000  .00000126  00000-0  42589-4 0  9998
2 44139  87.8643 311.1610 0001583 311.1610 311.1610 13.44731201    05
ONEWEB-83
1 44140U 19018A   24001.50000000  .00000126  00000-0  42589-4 0  9998
2 44140  87.7253 261.1020 0001583 261.1020 261.1020 13.44731201    05
ONEWEB-84
1 44141U 19018A   24001.50000000  .00000126  00000-0  42589-4 0  9998
2 44141  87.0857  30.8438 0001583  30.8438  30.8438 13.44731201    05
ONEWEB-85
1 44142U 19018A   24001.50000000  .00000126  00000-0  42589-4 0  9998
2 44142  87.9421 339.1480 0001583 339.1480 339.1480 13.44731201    05
ONEWEB-86
1 44143U 19018A   24001.50000000  .00000126  00000-0  42589-4 0  9998
2 44143  87.7984 287.4270 0001583 287.4270 287.4270 13.44731201    05
ONEWEB-87
1 44144U 19018A   24001.50000000  .00000126  00000-0  42589-4 0  9998
2 44144  87.1639  58.9914 0001583  58.9914  58.9914 13.44731201    05
ONEWEB-88
1 44145U 19018A   24001.50000000  .00000126  00000-0  42589-4 0  9998
2 44145  87.0180   6.4785 0001583   6.4785   6.4785 13.44731201    05
ONEWEB-89
1 44146U 19018A   24001.50000000  .00000126  00000-0  42589-4 0  9998
2 44146  87.8795 316.6260 0001583 316.6260 316.6260 13.44731201    05
ONEWEB-90
1 44147U 19018A   24001.50000000  .00000126  00000-0  42589-4 0  9998
2 44147  87.7369 265.2920 0001583 265.2920 265.2920 13.44731201    05
ONEWEB-91
1 44148U 19018A   24001.50000000  .00000126  00000-0  42589-4 0  9998
2 44148  87.5897 212.2810 0001583 212.2810 212.2810 13.44731201    05
ONEWEB-92
1 44149U 19018A   24001.50000000  .00000126  00000-0  42589-4 0  9998
2 44149  87.9544 343.6020 0001583 343.6020 343.6020 13.44731201    05
ONEWEB-93
1 44150U 19018A   24001.50000000  .00000126  00000-0  42589-4 0  9998
2 44150  87.8112 292.0410 0001583 292.0410 292.0410 13.44731201    05
ONEWEB-94
1 44151U 19018A   24001.50000000  .00000126  00000-0  42589-4 0  9998
2 44151  87.1721  61.9524 0001583  61.9524  61.9524 13.44731201    05
ONEWEB-95
1 44152U 19018A   24001.50000000  .00000126  00000-0  42589-4 0  9998
2 44152  87.5252 189.0550 0001583 189.0550 189.0550 13.44731201    05
ONEWEB-96
1 44153U 19018A   24001.50000000  .00000126  00000-0  42589-4 0  9998
2 44153  87.3865 139.1290 0001583 139.1290 139.1290 13.44731201    05
ONEWEB-97
1 44154U 19018A   24001.50000000  .00000126  00000-0  42589-4 0  9998
2 44154  87.7450 268.1960 0001583 268.1960 268.1960 13.44731201    05
ONEWEB-98
1 44155U 19018A   24001.50000000  .00000126  00000-0  42589-4 0  9998
2 44155  87.1000  36.0054 0001583  36.0054  36.0054 13.44731201    05
ONEWEB-99
1 44156U 19018A   24001.50000000  .00000126  00000-0  42589-4 0  9998
2 44156  87.4601 165.6330 0001583 165.6330 165.6330 13.44731201    05
ONEWEB-100
1 44157U 19018A   24001.50000000  .00000126  00000-0  42589-4 0  9998
2 44157  87.3156 113.6150 0001583 113.6150 113.6150 13.44731201    05
ONEWEB-101
1 44158U 19018A   24001.50000000  .00000126  00000-0  42589-4 0  9998
2 44158  87.6776 243.9290 0001583 243.9290 243.9290 13.44731201    05
ONEWEB-102
1 44159U 19018A   24001.50000000  .00000126  00000-0  42589-4 0  9998
2 44159  87.0377  13.5852 0001583  13.5852  13.5852 13.44731201    05
ONEWEB-103
1 44160U 19018A   24001.50000000  .00000126  00000-0  42589-4 0  9998
2 44160  87.3908 140.6730 0001583 140.6730 140.6730 13.44731201    05
ONEWEB-104
1 44161U 19018A   24001.50000000  .00000126  00000-0  42589-4 0  9998
2 44161  87.2503  90.0906 0001583  90.0906  90.0906 13.44731201    05
ONEWEB-105
1 44162U 19018A   24001.50000000  .00000126  00000-0  42589-4 0  9998
2 44162  87.6096 219.4480 0001583 219.4480 219.4480 13.44731201    05
ONEWEB-106
1 44163U 19018A   24001.50000000  .00000126  00000-0  42589-4 0  9998
2 44163  87.9714 349.6930 0001583 349.6930 349.6930 13.44731201    05
ONEWEB-107
1 44164U 19018A   24001.50000000  .00000126  00000-0  42589-4 0  9998
2 44164  87.3297 118.6800 0001583 118.6800 118.6800 13.44731201    05
ONEWEB-108
1 44165U 19018A   24001.50000000  .00000126  00000-0  42589-4 0  9998
2 44165  87.6863 247.0710 0001583 247.0710 247.0710 13.44731201    05
ONEWEB-109
1 44166U 19018A   24001.50000000  .00000126  00000-0  42589-4 0  9998
2 44166  87.5426 195.3260 0001583 195.3260 195.3260 13.44731201    05
ONEWEB-110
1 44167U 19018A   24001.50000000  .00000126  00000-0  42589-4 0  9998
2 44167  87.4045 145.6110 0001583 145.6110 145.6110 13.44731201    05
ONEWEB-111
1 44168U 19018A   24001.50000000  .00000126  00000-0  42589-4 0  9998
2 44168  87.7590 273.2340 0001583 273.2340 273.2340 13.44731201    05
ONEWEB-112
1 44169U 19018A   24001.50000000  .00000126  00000-0  42589-4 0  9998
2 44169  87.1191  42.8646 0001583  42.8646  42.8646 13.44731201    05
ONEWEB-113
1 44170U 19018A   24001.50000000  .00000126  00000-0  42589-4 0  9998
2 44170  87.4746 170.8720 0001583 170.8720 170.8720 13.44731201    05
ONEWEB-114
1 44171U 19018A   24001.50000000  .00000126  00000-0  42589-4 0  9998
2 44171  87.8359 300.9240 0001583 300.9240 300.9240 13.44731201    05
ONEWEB-115
1 44172U 19018A   24001.50000000  .00000126  00000-0  42589-4 0  9998
2 44172  87.1961  70.5913 0001583  70.5913  70.5913 13.44731201    05
ONEWEB-116
1 44173U 19018A   24001.50000000  .00000126  00000-0  42589-4 0  9998
2 44173  87.0535  19.2467 0001583  19.2467  19.2467 13.44731201    05
ONEWEB-117
1 44174U 19018A   24001.50000000  .00000126  00000-0  42589-4 0  9998
2 44174  87.9101 327.6190 0001583 327.6190 327.6190 13.44731201    05
ONEWEB-118
1 44175U 19018A   24001.50000000  .00000126  00000-0  42589-4 0  9998
2 44175  87.7741 278.6640 0001583 278.6640 278.6640 13.44731201    05
ONEWEB-119
1 44176U 19018A   24001.50000000  .00000126  00000-0  42589-4 0  9998
2 44176  87.1244  44.7911 0001583  44.7911  44.7911 13.44731201    05
ONEWEB-120
1 44177U 19018A   24001.50000000  .00000126  00000-0  42589-4 0  9998
2 44177  87.4886 175.8950 0001583 175.8950 175.8950 13.44731201    05
ONEWEB-121
1 44178U 19018A   24001.50000000  .00000126  00000-0  42589-4 0  9998
2 44178  87.8472 304.9780 0001583 304.9780 304.9780 13.44731201    05
ONEWEB-122
1 44179U 19018A   24001.50000000  .00000126  00000-0  42589-4 0  9998
2 44179  87.7003 252.1020 0001583 252.1020 252.1020 13.44731201    05
ONEWEB-123
1 44180U 19018A   24001.50000000  .00000126  00000-0  42589-4 0  9998
2 44180  87.0601  21.6185 0001583  21.6185  21.6185 13.44731201    05
ONEWEB-124
1 44181U 19018A   24001.50000000  .00000126  00000-0  42589-4 0  9998
2 44181  87.9206 331.4160 0001583 331.4160 331.4160 13.44731201    05
ONEWEB-125
1 44182U 19018A   24001.50000000  .00000126  00000-0  42589-4 0  9998
2 44182  87.2728  98.1929 0001583  98.1929  98.1929 13.44731201    05
ONEWEB-126
1 44183U 19018A   24001.50000000  .00000126  00000-0  42589-4 0  9998
2 44183  87.1349  48.5557 0001583  48.5557  48.5557 13.44731201    05
ONEWEB-127
1 44184U 19018A   24001.50000000  .00000126  00000-0  42589-4 0  9998
2 44184  87.4916 176.9810 0001583 176.9810 176.9810 13.44731201    05
ONEWEB-128
1 44185U 19018A   24001.50000000  .00000126  00000-0  42589-4 0  9998
2 44185  87.3520 126.7250 0001583 126.7250 126.7250 13.44731201    05
ONEWEB-129
1 44186U 19018A   24001.50000000  .00000126  00000-0  42589-4 0  9998
2 44186  87.7127 256.5600 0001583 256.5600 256.5600 13.44731201    05
ONEWEB-130
1 44187U 19018A   24001.50000000  .00000126  00000-0  42589-4 0  9998
2 44187  87.0740  26.6454 0001583  26.6454  26.6454 13.44731201    05
ONEWEB-131
1 44188U 19018A   24001.50000000  .00000126  00000-0  42589-4 0  9998
2 44188  87.9279 334.0310 0001583 334.0310 334.0310 13.44731201    05
ONEWEB-132
1 44189U 19018A   24001.50000000  .00000126  00000-0  42589-4 0  9998
2 44189  87.2854 102.7270 0001583 102.7270 102.7270 13.44731201    05
ONEWEB-133
1 44190U 19018A   24001.50000000  .00000126  00000-0  42589-4 0  9998
2 44190  87.6504 234.1360 0001583 234.1360 234.1360 13.44731201    05
ONEWEB-134
1 44191U 19018A   24001.50000000  .00000126  00000-0  42589-4 0  9998
2 44191  87.5056 182.0310 0001583 182.0310 182.0310 13.44731201    05
ONEWEB-135
1 44192U 19018A   24001.50000000  .00000126  00000-0  42589-4 0  9998
2 44192  87.8637 310.9150 0001583 310.9150 310.9150 13.44731201    05
ONEWEB-136
1 44193U 19018A   24001.50000000  .00000126  00000-0  42589-4 0  9998
2 44193  87.2232  80.3667 0001583  80.3667  80.3667 13.44731201    05
ONEWEB-137
1 44194U 19018A   24001.50000000  .00000126  00000-0  42589-4 0  9998
2 44194  87.0799  28.7795 0001583  28.7795  28.7795 13.44731201    05
ONEWEB-138
1 44195U 19018A   24001.50000000  .00000126  00000-0  42589-4 0  9998
2 44195  87.4372 157.3940 0001583 157.3940 157.3940 13.44731201    05
ONEWEB-139
1 44196U 19018A   24001.50000000  .00000126  00000-0  42589-4 0  9998
2 44196  87.2985 107.4430 0001583 107.4430 107.4430 13.44731201    05
ONEWEB-140
1 44197U 19018A   24001.50000000  .00000126  00000-0  42589-4 0  9998
2 44197  87.1545  55.6253 0001583  55.6253  55.6253 13.44731201    05
ONEWEB-141
1 44198U 19018A   24001.50000000  .00000126  00000-0  42589-4 0  9998
2 44198  87.0113   4.0575 0001583   4.0575   4.0575 13.44731201    05
ONEWEB-142
1 44199U 19018A   24001.50000000  .00000126  00000-0  42589-4 0  9998
2 44199  87.8722 314.0070 0001583 314.0070 314.0070 13.44731201    05
ONEWEB-143
1 44200U 19018A   24001.50000000  .00000126  00000-0  42589-4 0  9998
2 44200  87.7308 263.0950 0001583 263.0950 263.0950 13.44731201    05
ONEWEB-144
1 44201U 19018A   24001.50000000  .00000126  00000-0  42589-4 0  9998
2 44201  87.0833  30.0004 0001583  30.0004  30.0004 13.44731201    05
ONEWEB-145
1 44202U 19018A   24001.50000000  .00000126  00000-0  42589-4 0  9998
2 44202  87.9452 340.2870 0001583 340.2870 340.2870 13.44731201    05
ONEWEB-146
1 44203U 19018A   24001.50000000  .00000126  00000-0  42589-4 0  9998
2 44203  87.3009 108.3150 0001583 108.3150 108.3150 13.44731201    05
ONEWEB-147
1 44204U 19018A   24001.50000000  .00000126  00000-0  42589-4 0  9998
2 44204  87.1645  59.2219 0001583  59.2219  59.2219 13.44731201    05
ONEWEB-148
1 44205U 19018A   24001.50000000  .00000126  00000-0  42589-4 0  9998
2 44205  87.0155   5.5768 0001583   5.5768   5.5768 13.44731201    05
ONEWEB-149
1 44206U 19018A   24001.50000000  .00000126  00000-0  42589-4 0  9998
2 44206  87.3823 137.6120 0001583 137.6120 137.6120 13.44731201    05
ONEWEB-150
1 44207U 19018A   24001.50000000  .00000126  00000-0  42589-4 0  9998
2 44207  87.2371  85.3547 0001583  85.3547  85.3547 13.44731201    05
ONEWEB-151
1 44208U 19018A   24001.50000000  .00000126  00000-0  42589-4 0  9998
2 44208  87.0991  35.6740 0001583  35.6740  35.6740 13.44731201    05
ONEWEB-152
1 44209U 19018A   24001.50000000  .00000126  00000-0  42589-4 0  9998
2 44209  87.4562 164.2400 0001583 164.2400 164.2400 13.44731201    05
ONEWEB-153
1 44210U 19018A   24001.50000000  .00000126  00000-0  42589-4 0  9998
2 44210  87.3174 114.2670 0001583 114.2670 114.2670 13.44731201    05
ONEWEB-154
1 44211U 19018A   24001.50000000  .00000126  00000-0  42589-4 0  9998
2 44211  87.6723 242.0240 0001583 242.0240 242.0240 13.44731201    05
ONEWEB-155
1 44212U 19018A   24001.50000000  .00000126  00000-0  42589-4 0  9998
2 44212  87.5335 192.0630 0001583 192.0630 192.0630 13.44731201    05
ONEWEB-156
1 44213U 19018A   24001.50000000  .00000126  00000-0  42589-4 0  9998
2 44213  87.8884 319.8400 0001583 319.8400 319.8400 13.44731201    05
ONEWEB-157
1 44214U 19018A   24001.50000000  .00000126  00000-0  42589-4 0  9998
2 44214  87.7480 269.2760 0001583 269.2760 269.2760 13.44731201    05
ONEWEB-158
1 44215U 19018A   24001.50000000  .00000126  00000-0  42589-4 0  9998
2 44215  87.6069 218.4800 0001583 218.4800 218.4800 13.44731201    05
ONEWEB-159
1 44216U 19018A   24001.50000000  .00000126  00000-0  42589-4 0  9998
2 44216  87.9610 345.9710 0001583 345.9710 345.9710 13.44731201    05
ONEWEB-160
1 44217U 19018A   24001.50000000  .00000126  00000-0  42589-4 0  9998
2 44217  87.3219 115.8730 0001583 115.8730 115.8730 13.44731201    05
ONEWEB-161
1 44218U 19018A   24001.50000000  .00000126  00000-0  42589-4 0  9998
2 44218  87.1787  64.3401 0001583  64.3401  64.3401 13.44731201    05
ONEWEB-162
1 44219U 19018A   24001.50000000  .00000126  00000-0  42589-4 0  9998
2 44219  87.5405 194.5810 0001583 194.5810 194.5810 13.44731201    05
ONEWEB-163
1 44220U 19018A   24001.50000000  .00000126  00000-0  42589-4 0  9998
2 44220  87.8943 321.9560 0001583 321.9560 321.9560 13.44731201    05
ONEWEB-164
1 44221U 19018A   24001.50000000  .00000126  00000-0  42589-4 0  9998
2 44221  87.2531  91.1109 0001583  91.1109  91.1109 13.44731201    05
ONEWEB-165
1 44222U 19018A   24001.50000000  .00000126  00000-0  42589-4 0  9998
2 44222  87.6141 221.0650 0001583 221.0650 221.0650 13.44731201    05
ONEWEB-166
1 44223U 19018A   24001.50000000  .00000126  00000-0  42589-4 0  9998
2 44223  87.4716 169.7900 0001583 169.7900 169.7900 13.44731201    05
ONEWEB-167
1 44224U 19018A   24001.50000000  .00000126  00000-0  42589-4 0  9998
2 44224  87.3299 118.7620 0001583 118.7620 118.7620 13.44731201    05
ONEWEB-168
1 44225U 19018A   24001.50000000  .00000126  00000-0  42589-4 0  9998
2 44225  87.1890  68.0326 0001583  68.0326  68.0326 13.44731201    05
ONEWEB-169
1 44226U 19018A   24001.50000000  .00000126  00000-0  42589-4 0  9998
2 44226  87.0471  16.9538 0001583  16.9538  16.9538 13.44731201    05
ONEWEB-170
1 44227U 19018A   24001.50000000  .00000126  00000-0  42589-4 0  9998
2 44227  87.4061 146.2130 0001583 146.2130 146.2130 13.44731201    05
ONEWEB-171
1 44228U 19018A   24001.50000000  .00000126  00000-0  42589-4 0  9998
2 44228  87.2673  96.2267 0001583  96.2267  96.2267 13.44731201    05
ONEWEB-172
1 44229U 19018A   24001.50000000  .00000126  00000-0  42589-4 0  9998
2 44229  87.1178  42.4057 0001583  42.4057  42.4057 13.44731201    05
ONEWEB-173
1 44230U 19018A   24001.50000000  .00000126  00000-0  42589-4 0  9998
2 44230  87.4789 172.3920 0001583 172.3920 172.3920 13.44731201    05
ONEWEB-174
1 44231U 19018A   24001.50000000  .00000126  00000-0  42589-4 0  9998
2 44231  87.8405 302.5730 0001583 302.5730 302.5730 13.44731201    05
ONEWEB-175
1 44232U 19018A   24001.50000000  .00000126  00000-0  42589-4 0  9998
2 44232  87.2020  72.7202 0001583  72.7202  72.7202 13.44731201    05
ONEWEB-176
1 44233U 19018A   24001.50000000  .00000126  00000-0  42589-4 0  9998
2 44233  87.0555  19.9701 0001583  19.9701  19.9701 13.44731201    05
ONEWEB-177
1 44234U 19018A   24001.50000000  .00000126  00000-0  42589-4 0  9998
2 44234  87.4141 149.0800 0001583 149.0800 149.0800 13.44731201    05
ONEWEB-178
1 44235U 19018A   24001.50000000  .00000126  00000-0  42589-4 0  9998
2 44235  87.7704 277.3270 0001583 277.3270 277.3270 13.44731201    05
ONEWEB-179
1 44236U 19018A   24001.50000000  .00000126  00000-0  42589-4 0  9998
2 44236  87.1320  47.5331 0001583  47.5331  47.5331 13.44731201    05
ONEWEB-180
1 44237U 19018A   24001.50000000  .00000126  00000-0  42589-4 0  9998
2 44237  87.4931 177.5040 0001583 177.5040 177.5040 13.44731201    05
ONEWEB-181
1 44238U 19018A   24001.50000000  .00000126  00000-0  42589-4 0  9998
2 44238  87.3478 125.2210 0001583 125.2210 125.2210 13.44731201    05
ONEWEB-182
1 44239U 19018A   24001.50000000  .00000126  00000-0  42589-4 0  9998
2 44239  87.7038 253.3520 0001583 253.3520 253.3520 13.44731201    05
ONEWEB-183
1 44240U 19018A   24001.50000000  .00000126  00000-0  42589-4 0  9998
2 44240  87.5683 204.5810 0001583 204.5810 204.5810 13.44731201    05
ONEWEB-184
1 44241U 19018A   24001.50000000  .00000126  00000-0  42589-4 0  9998
2 44241  87.4224 152.0690 0001583 152.0690 152.0690 13.44731201    05
ONEWEB-185
1 44242U 19018A   24001.50000000  .00000126  00000-0  42589-4 0  9998
2 44242  87.2767  99.6207 0001583  99.6207  99.6207 13.44731201    05
ONEWEB-186
1 44243U 19018A   24001.50000000  .00000126  00000-0  42589-4 0  9998
2 44243  87.6393 230.1380 0001583 230.1380 230.1380 13.44731201    05
ONEWEB-187
1 44244U 19018A   24001.50000000  .00000126  00000-0  42589-4 0  9998
2 44244  87.9968 358.8510 0001583 358.8510 358.8510 13.44731201    05
ONEWEB-188
1 44245U 19018A   24001.50000000  .00000126  00000-0  42589-4 0  9998
2 44245  87.3598 129.5320 0001583 129.5320 129.5320 13.44731201    05
ONEWEB-189
1 44246U 19018A   24001.50000000  .00000126  00000-0  42589-4 0  9998
2 44246  87.2126  76.5522 0001583  76.5522  76.5522 13.44731201    05
ONEWEB-190
1 44247U 19018A   24001.50000000  .00000126  00000-0  42589-4 0  9998
2 44247  87.0706  25.4168 0001583  25.4168  25.4168 13.44731201    05
ONEWEB-191
1 44248U 19018A   24001.50000000  .00000126  00000-0  42589-4 0  9998
2 44248  87.9303 334.9000 0001583 334.9000 334.9000 13.44731201    05
ONEWEB-192
1 44249U 19018A   24001.50000000  .00000126  00000-0  42589-4 0  9998
2 44249  87.2943 105.9440 0001583 105.9440 105.9440 13.44731201    05
ONEWEB-193
1 44250U 19018A   24001.50000000  .00000126  00000-0  42589-4 0  9998
2 44250  87.6508 234.2970 0001583 234.2970 234.2970 13.44731201    05
ONEWEB-194
1 44251U 19018A   24001.50000000  .00000126  00000-0  42589-4 0  9998
2 44251  87.0055   1.9875 0001583   1.9875   1.9875 13.44731201    05
ONEWEB-195
1 44252U 19018A   24001.50000000  .00000126  00000-0  42589-4 0  9998
2 44252  87.3659 131.7130 0001583 131.7130 131.7130 13.44731201    05
ONEWEB-196
1 44253U 19018A   24001.50000000  .00000126  00000-0  42589-4 0  9998
2 44253  87.2239  80.5901 0001583  80.5901  80.5901 13.44731201    05
ONEWEB-197
1 44254U 19018A   24001.50000000  .00000126  00000-0  42589-4 0  9998
2 44254  87.0812  29.2454 0001583  29.2454  29.2454 13.44731201    05
ONEWEB-198
1 44255U 19018A   24001.50000000  .00000126  00000-0  42589-4 0  9998
2 44255  87.4384 157.8350 0001583 157.8350 157.8350 13.44731201    05
ONEWEB-199
1 44256U 19018A   24001.50000000  .00000126  00000-0  42589-4 0  9998
2 44256  87.8045 289.6190 0001583 289.6190 289.6190 13.44731201    05
ONEWEB-200
1 44257U 19018A   24001.50000000  .00000126  00000-0  42589-4 0  9998
2 44257  87.1543  55.5436 0001583  55.5436  55.5436 13.44731201    05
ONEWEB-201
1 44258U 19018A   24001.50000000  .00000126  00000-0  42589-4 0  9998
2 44258  87.0177   6.3624 0001583   6.3624   6.3624 13.44731201    05
ONEWEB-202
1 44259U 19018A   24001.50000000  .00000126  00000-0  42589-4 0  9998
2 44259  87.8701 313.2450 0001583 313.2450 313.2450 13.44731201    05
ONEWEB-203
1 44260U 19018A   24001.50000000  .00000126  00000-0  42589-4 0  9998
2 44260  87.7297 262.6880 0001583 262.6880 262.6880 13.44731201    05
ONEWEB-204
1 44261U 19018A   24001.50000000  .00000126  00000-0  42589-4 0  9998
2 44261  87.5896 212.2610 0001583 212.2610 212.2610 13.44731201    05
ONEWEB-205
1 44262U 19018A   24001.50000000  .00000126  00000-0  42589-4 0  9998
2 44262  87.9467 340.8290 0001583 340.8290 340.8290 13.44731201    05
ONEWEB-206
1 44263U 19018A   24001.50000000  .00000126  00000-0  42589-4 0  9998
2 44263  87.8074 290.6800 0001583 290.6800 290.6800 13.44731201    05
ONEWEB-207
1 44264U 19018A   24001.50000000  .00000126  00000-0  42589-4 0  9998
2 44264  87.6677 240.3680 0001583 240.3680 240.3680 13.44731201    05
ONEWEB-208
1 44265U 19018A   24001.50000000  .00000126  00000-0  42589-4 0  9998
2 44265  87.5257 189.2650 0001583 189.2650 189.2650 13.44731201    05
ONEWEB-209
1 44266U 19018A   24001.50000000  .00000126  00000-0  42589-4 0  9998
2 44266  87.3784 136.2300 0001583 136.2300 136.2300 13.44731201    05
ONEWEB-210
1 44267U 19018A   24001.50000000  .00000126  00000-0  42589-4 0  9998
2 44267  87.7394 266.1770 0001583 266.1770 266.1770 13.44731201    05
ONEWEB-211
1 44268U 19018A   24001.50000000  .00000126  00000-0  42589-4 0  9998
2 44268  87.5982 215.3510 0001583 215.3510 215.3510 13.44731201    05
ONEWEB-212
1 44269U 19018A   24001.50000000  .00000126  00000-0  42589-4 0  9998
2 44269  87.9603 345.7030 0001583 345.7030 345.7030 13.44731201    05
ONEWEB-213
1 44270U 19018A   24001.50000000  .00000126  00000-0  42589-4 0  9998
2 44270  87.3145 113.2140 0001583 113.2140 113.2140 13.44731201    05
ONEWEB-214
1 44271U 19018A   24001.50000000  .00000126  00000-0  42589-4 0  9998
2 44271  87.6791 244.4940 0001583 244.4940 244.4940 13.44731201    05
ONEWEB-215
1 44272U 19018A   24001.50000000  .00000126  00000-0  42589-4 0  9998
2 44272  87.5326 191.7240 0001583 191.7240 191.7240 13.44731201    05
ONEWEB-216
1 44273U 19018A   24001.50000000  .00000126  00000-0  42589-4 0  9998
2 44273  87.8927 321.3760 0001583 321.3760 321.3760 13.44731201    05
ONEWEB-217
1 44274U 19018A   24001.50000000  .00000126  00000-0  42589-4 0  9998
2 44274  87.2471  88.9440 0001583  88.9440  88.9440 13.44731201    05
ONEWEB-218
1 44275U 19018A   24001.50000000  .00000126  00000-0  42589-4 0  9998
2 44275  87.6060 218.1570 0001583 218.1570 218.1570 13.44731201    05
ONEWEB-219
1 44276U 19018A   24001.50000000  .00000126  00000-0  42589-4 0  9998
2 44276  87.9613 346.0790 0001583 346.0790 346.0790 13.44731201    05
ONEWEB-220
1 44277U 19018A   24001.50000000  .00000126  00000-0  42589-4 0  9998
2 44277  87.3243 116.7520 0001583 116.7520 116.7520 13.44731201    05
ONEWEB-221
1 44278U 19018A   24001.50000000  .00000126  00000-0  42589-4 0  9998
2 44278  87.1826  65.7257 0001583  65.7257  65.7257 13.44731201    05
ONEWEB-222
1 44279U 19018A   24001.50000000  .00000126  00000-0  42589-4 0  9998
2 44279  87.0385  13.8701 0001583  13.8701  13.8701 13.44731201    05
ONEWEB-223
1 44280U 19018A   24001.50000000  .00000126  00000-0  42589-4 0  9998
2 44280  87.3987 143.5180 0001583 143.5180 143.5180 13.44731201    05
ONEWEB-224
1 44281U 19018A   24001.50000000  .00000126  00000-0  42589-4 0  9998
2 44281  87.7594 273.3740 0001583 273.3740 273.3740 13.44731201    05
ONEWEB-225
1 44282U 19018A   24001.50000000  .00000126  00000-0  42589-4 0  9998
2 44282  87.6177 222.3840 0001583 222.3840 222.3840 13.44731201    05
ONEWEB-226
1 44283U 19018A   24001.50000000  .00000126  00000-0  42589-4 0  9998
2 44283  87.4738 170.5530 0001583 170.5530 170.5530 13.44731201    05
ONEWEB-227
1 44284U 19018A   24001.50000000  .00000126  00000-0  42589-4 0  9998
2 44284  87.3340 120.2340 0001583 120.2340 120.2340 13.44731201    05
ONEWEB-228
1 44285U 19018A   24001.50000000  .00000126  00000-0  42589-4 0  9998
2 44285  87.6895 248.2040 0001583 248.2040 248.2040 13.44731201    05
ONEWEB-229
1 44286U 19018A   24001.50000000  .00000126  00000-0  42589-4 0  9998
2 44286  87.0540  19.4398 0001583  19.4398  19.4398 13.44731201    05
ONEWEB-230
1 44287U 19018A   24001.50000000  .00000126  00000-0  42589-4 0  9998
2 44287  87.9089 327.2010 0001583 327.2010 327.2010 13.44731201    05
ONEWEB-231
1 44288U 19018A   24001.50000000  .00000126  00000-0  42589-4 0  9998
2 44288  87.2617  94.1972 0001583  94.1972  94.1972 13.44731201    05
ONEWEB-232
1 44289U 19018A   24001.50000000  .00000126  00000-0  42589-4 0  9998
2 44289  87.6207 223.4670 0001583 223.4670 223.4670 13.44731201    05
ONEWEB-233
1 44290U 19018A   24001.50000000  .00000126  00000-0  42589-4 0  9998
2 44290  87.9868 355.2570 0001583 355.2570 355.2570 13.44731201    05
ONEWEB-234
1 44291U 19018A   24001.50000000  .00000126  00000-0  42589-4 0  9998
2 44291  87.8399 302.3580 0001583 302.3580 302.3580 13.44731201    05
ONEWEB-235
1 44292U 19018A   24001.50000000  .00000126  00000-0  42589-4 0  9998
2 44292  87.2005  72.1809 0001583  72.1809  72.1809 13.44731201    05
ONEWEB-236
1 44293U 19018A   24001.50000000  .00000126  00000-0  42589-4 0  9998
2 44293  87.0623  22.4444 0001583  22.4444  22.4444 13.44731201    05
ONEWEB-237
1 44294U 19018A   24001.50000000  .00000126  00000-0  42589-4 0  9998
2 44294  87.4143 149.1480 0001583 149.1480 149.1480 13.44731201    05
ONEWEB-238
1 44295U 19018A   24001.50000000  .00000126  00000-0  42589-4 0  9998
2 44295  87.2762  99.4262 0001583  99.4262  99.4262 13.44731201    05
ONEWEB-239
1 44296U 19018A   24001.50000000  .00000126  00000-0  42589-4 0  9998
2 44296  87.1345  48.4122 0001583  48.4122  48.4122 13.44731201    05
ONEWEB-240
1 44297U 19018A   24001.50000000  .00000126  00000-0  42589-4 0  9998
2 44297  87.9958 358.4860 0001583 358.4860 358.4860 13.44731201    05
ONEWEB-241
1 44298U 19018A   24001.50000000  .00000126  00000-0  42589-4 0  9998
2 44298  87.3503 126.1040 0001583 126.1040 126.1040 13.44731201    05
ONEWEB-242
1 44299U 19018A   24001.50000000  .00000126  00000-0  42589-4 0  9998
2 44299  87.7056 253.9980 0001583 253.9980 253.9980 13.44731201    05
ONEWEB-243
1 44300U 19018A   24001.50000000  .00000126  00000-0  42589-4 0  9998
2 44300  87.5679 204.4600 0001583 204.4600 204.4600 13.44731201    05
ONEWEB-244
1 44301U 19018A   24001.50000000  .00000126  00000-0  42589-4 0  9998
2 44301  87.9248 332.9430 0001583 332.9430 332.9430 13.44731201    05
ONEWEB-245
1 44302U 19018A   24001.50000000  .00000126  00000-0  42589-4 0  9998
2 44302  87.2845 102.4350 0001583 102.4350 102.4350 13.44731201    05
ONEWEB-246
1 44303U 19018A   24001.50000000  .00000126  00000-0  42589-4 0  9998
2 44303  87.6404 230.5410 0001583 230.5410 230.5410 13.44731201    05
ONEWEB-247
1 44304U 19018A   24001.50000000  .00000126  00000-0  42589-4 0  9998
2 44304  87.9999 359.9740 0001583 359.9740 359.9740 13.44731201    05
ONEWEB-248
1 44305U 19018A   24001.50000000  .00000126  00000-0  42589-4 0  9998
2 44305  87.3599 129.5720 0001583 129.5720 129.5720 13.44731201    05
ONEWEB-249
1 44306U 19018A   24001.50000000  .00000126  00000-0  42589-4 0  9998
2 44306  87.7172 258.1920 0001583 258.1920 258.1920 13.44731201    05
ONEWEB-250
1 44307U 19018A   24001.50000000  .00000126  00000-0  42589-4 0  9998
2 44307  87.5683 204.5980 0001583 204.5980 204.5980 13.44731201    05
ONEWEB-251
1 44308U 19018A   24001.50000000  .00000126  00000-0  42589-4 0  9998
2 44308  87.9329 335.8420 0001583 335.8420 335.8420 13.44731201    05
ONEWEB-252
1 44309U 19018A   24001.50000000  .00000126  00000-0  42589-4 0  9998
2 44309  87.7942 285.9010 0001583 285.9010 285.9010 13.44731201    05
ONEWEB-253
1 44310U 19018A   24001.50000000  .00000126  00000-0  42589-4 0  9998
2 44310  87.1534  55.2200 0001583  55.2200  55.2200 13.44731201    05
ONEWEB-254
1 44311U 19018A   24001.50000000  .00000126  00000-0  42589-4 0  9998
2 44311  87.5069 182.4710 0001583 182.4710 182.4710 13.44731201    05
ONEWEB-255
1 44312U 19018A   24001.50000000  .00000126  00000-0  42589-4 0  9998
2 44312  87.3642 131.1280 0001583 131.1280 131.1280 13.44731201    05
ONEWEB-256
1 44313U 19018A   24001.50000000  .00000126  00000-0  42589-4 0  9998
2 44313  87.7252 261.0760 0001583 261.0760 261.0760 13.44731201    05
ONEWEB-257
1 44314U 19018A   24001.50000000  .00000126  00000-0  42589-4 0  9998
2 44314  87.5853 210.7020 0001583 210.7020 210.7020 13.44731201    05
ONEWEB-258
1 44315U 19018A   24001.50000000  .00000126  00000-0  42589-4 0  9998
2 44315  87.9422 339.1960 0001583 339.1960 339.1960 13.44731201    05
ONEWEB-259
1 44316U 19018A   24001.50000000  .00000126  00000-0  42589-4 0  9998
2 44316  87.7989 287.6100 0001583 287.6100 287.6100 13.44731201    05
ONEWEB-260
1 44317U 19018A   24001.50000000  .00000126  00000-0  42589-4 0  9998
2 44317  87.6624 238.4470 0001583 238.4470 238.4470 13.44731201    05
ONEWEB-261
1 44318U 19018A   24001.50000000  .00000126  00000-0  42589-4 0  9998
2 44318  87.5215 187.7430 0001583 187.7430 187.7430 13.44731201    05
ONEWEB-262
1 44319U 19018A   24001.50000000  .00000126  00000-0  42589-4 0  9998
2 44319  87.8752 315.0900 0001583 315.0900 315.0900 13.44731201    05
ONEWEB-263
1 44320U 19018A   24001.50000000  .00000126  00000-0  42589-4 0  9998
2 44320  87.2329  83.8549 0001583  83.8549  83.8549 13.44731201    05
ONEWEB-264
1 44321U 19018A   24001.50000000  .00000126  00000-0  42589-4 0  9998
2 44321  87.5964 214.7190 0001583 214.7190 214.7190 13.44731201    05
ONEWEB-265
1 44322U 19018A   24001.50000000  .00000126  00000-0  42589-4 0  9998
2 44322  87.4544 163.5830 0001583 163.5830 163.5830 13.44731201    05
ONEWEB-266
1 44323U 19018A   24001.50000000  .00000126  00000-0  42589-4 0  9998
2 44323  87.3101 111.6490 0001583 111.6490 111.6490 13.44731201    05
ONEWEB-267
1 44324U 19018A   24001.50000000  .00000126  00000-0  42589-4 0  9998
2 44324  87.1698  61.1286 0001583  61.1286  61.1286 13.44731201    05
ONEWEB-268
1 44325U 19018A   24001.50000000  .00000126  00000-0  42589-4 0  9998
2 44325  87.0244   8.7890 0001583   8.7890   8.7890 13.44731201    05
ONEWEB-269
1 44326U 19018A   24001.50000000  .00000126  00000-0  42589-4 0  9998
2 44326  87.3849 138.5480 0001583 138.5480 138.5480 13.44731201    05
ONEWEB-270
1 44327U 19018A   24001.50000000  .00000126  00000-0  42589-4 0  9998
2 44327  87.7477 269.1630 0001583 269.1630 269.1630 13.44731201    05
ONEWEB-271
1 44328U 19018A   24001.50000000  .00000126  00000-0  42589-4 0  9998
2 44328  87.1025  36.8957 0001583  36.8957  36.8957 13.44731201    05
ONEWEB-272
1 44329U 19018A   24001.50000000  .00000126  00000-0  42589-4 0  9998
2 44329  87.4606 165.8240 0001583 165.8240 165.8240 13.44731201    05
ONEWEB-273
1 44330U 19018A   24001.50000000  .00000126  00000-0  42589-4 0  9998
2 44330  87.3181 114.5120 0001583 114.5120 114.5120 13.44731201    05
ONEWEB-274
1 44331U 19018A   24001.50000000  .00000126  00000-0  42589-4 0  9998
2 44331  87.1801  64.8257 0001583  64.8257  64.8257 13.44731201    05
ONEWEB-275
1 44332U 19018A   24001.50000000  .00000126  00000-0  42589-4 0  9998
2 44332  87.5334 192.0140 0001583 192.0140 192.0140 13.44731201    05
ONEWEB-276
1 44333U 19018A   24001.50000000  .00000126  00000-0  42589-4 0  9998
2 44333  87.3931 141.5310 0001583 141.5310 141.5310 13.44731201    05
ONEWEB-277
1 44334U 19018A   24001.50000000  .00000126  00000-0  42589-4 0  9998
2 44334  87.7554 271.9500 0001583 271.9500 271.9500 13.44731201    05
ONEWEB-278
1 44335U 19018A   24001.50000000  .00000126  00000-0  42589-4 0  9998
2 44335  87.6108 219.8990 0001583 219.8990 219.8990 13.44731201    05
ONEWEB-279
1 44336U 19018A   24001.50000000  .00000126  00000-0  42589-4 0  9998
2 44336  87.9651 347.4300 0001583 347.4300 347.4300 13.44731201    05
ONEWEB-280
1 44337U 19018A   24001.50000000  .00000126  00000-0  42589-4 0  9998
2 44337  87.3280 118.0800 0001583 118.0800 118.0800 13.44731201    05
ONEWEB-281
1 44338U 19018A   24001.50000000  .00000126  00000-0  42589-4 0  9998
2 44338  87.6811 245.1850 0001583 245.1850 245.1850 13.44731201    05
ONEWEB-282
1 44339U 19018A   24001.50000000  .00000126  00000-0  42589-4 0  9998
2 44339  87.5482 197.3470 0001583 197.3470 197.3470 13.44731201    05
ONEWEB-283
1 44340U 19018A   24001.50000000  .00000126  00000-0  42589-4 0  9998
2 44340  87.4012 144.4470 0001583 144.4470 144.4470 13.44731201    05
ONEWEB-284
1 44341U 19018A   24001.50000000  .00000126  00000-0  42589-4 0  9998
2 44341  87.2612  94.0348 0001583  94.0348  94.0348 13.44731201    05
ONEWEB-285
1 44342U 19018A   24001.50000000  .00000126  00000-0  42589-4 0  9998
2 44342  87.1199  43.1506 0001583  43.1506  43.1506 13.44731201    05
ONEWEB-286
1 44343U 19018A   24001.50000000  .00000126  00000-0  42589-4 0  9998
2 44343  87.4811 173.2000 0001583 173.2000 173.2000 13.44731201    05
ONEWEB-287
1 44344U 19018A   24001.50000000  .00000126  00000-0  42589-4 0  9998
2 44344  87.8348 300.5460 0001583 300.5460 300.5460 13.44731201    05
ONEWEB-288
1 44345U 19018A   24001.50000000  .00000126  00000-0  42589-4 0  9998
2 44345  87.6952 250.2710 0001583 250.2710 250.2710 13.44731201    05
ONEWEB-289
1 44346U 19018A   24001.50000000  .00000126  00000-0  42589-4 0  9998
2 44346  87.0552  19.8816 0001583  19.8816  19.8816 13.44731201    05
ONEWEB-290
1 44347U 19018A   24001.50000000  .00000126  00000-0  42589-4 0  9998
2 44347  87.4134 148.8340 0001583 148.8340 148.8340 13.44731201    05
ONEWEB-291
1 44348U 19018A   24001.50000000  .00000126  00000-0  42589-4 0  9998
2 44348  87.2686  96.6827 0001583  96.6827  96.6827 13.44731201    05
ONEWEB-292
1 44349U 19018A   24001.50000000  .00000126  00000-0  42589-4 0  9998
2 44349  87.6215 223.7530 0001583 223.7530 223.7530 13.44731201    05
ONEWEB-293
1 44350U 19018A   24001.50000000  .00000126  00000-0  42589-4 0  9998
2 44350  87.4884 175.8300 0001583 175.8300 175.8300 13.44731201    05
ONEWEB-294
1 44351U 19018A   24001.50000000  .00000126  00000-0  42589-4 0  9998
2 44351  87.3418 123.0520 0001583 123.0520 123.0520 13.44731201    05
ONEWEB-295
1 44352U 19018A   24001.50000000  .00000126  00000-0  42589-4 0  9998
2 44352  87.7027 252.9690 0001583 252.9690 252.9690 13.44731201    05
ONEWEB-296
1 44353U 19018A   24001.50000000  .00000126  00000-0  42589-4 0  9998
2 44353  87.5557 200.0440 0001583 200.0440 200.0440 13.44731201    05
ONEWEB-297
1 44354U 19018A   24001.50000000  .00000126  00000-0  42589-4 0  9998
2 44354  87.4198 151.1330 0001583 151.1330 151.1330 13.44731201    05
ONEWEB-298
1 44355U 19018A   24001.50000000  .00000126  00000-0  42589-4 0  9998
2 44355  87.7801 280.8230 0001583 280.8230 280.8230 13.44731201    05
ONEWEB-299
1 44356U 19018A   24001.50000000  .00000126  00000-0  42589-4 0  9998
2 44356  87.6381 229.7220 0001583 229.7220 229.7220 13.44731201    05
ONEWEB-300
1 44357U 19018A   24001.50000000  .00000126  00000-0  42589-4 0  9998
2 44357  87.4959 178.5110 0001583 178.5110 178.5110 13.44731201    05
ONEWEB-301
1 44358U 19018A   24001.50000000  .00000126  00000-0  42589-4 0  9998
2 44358  87.8573 308.6270 0001583 308.6270 308.6270 13.44731201    05
ONEWEB-302
1 44359U 19018A   24001.50000000  .00000126  00000-0  42589-4 0  9998
2 44359  87.7126 256.5380 0001583 256.5380 256.5380 13.44731201    05
ONEWEB-303
1 44360U 19018A   24001.50000000  .00000126  00000-0  42589-4 0  9998
2 44360  87.0691  24.8906 0001583  24.8906  24.8906 13.44731201    05
ONEWEB-304
1 44361U 19018A   24001.50000000  .00000126  00000-0  42589-4 0  9998
2 44361  87.9273 333.8350 0001583 333.8350 333.8350 13.44731201    05
ONEWEB-305
1 44362U 19018A   24001.50000000  .00000126  00000-0  42589-4 0  9998
2 44362  87.7878 283.6170 0001583 283.6170 283.6170 13.44731201    05
ONEWEB-306
1 44363U 19018A   24001.50000000  .00000126  00000-0  42589-4 0  9998
2 44363  87.1504  54.1587 0001583  54.1587  54.1587 13.44731201    05
ONEWEB-307
1 44364U 19018A   24001.50000000  .00000126  00000-0  42589-4 0  9998
2 44364  87.0012   0.4196 0001583   0.4196   0.4196 13.44731201    05
ONEWEB-308
1 44365U 19018A   24001.50000000  .00000126  00000-0  42589-4 0  9998
2 44365  87.3627 130.5570 0001583 130.5570 130.5570 13.44731201    05
ONEWEB-309
1 44366U 19018A   24001.50000000  .00000126  00000-0  42589-4 0  9998
2 44366  87.7168 258.0540 0001583 258.0540 258.0540 13.44731201    05
ONEWEB-310
1 44367U 19018A   24001.50000000  .00000126  00000-0  42589-4 0  9998
2 44367  87.0783  28.1926 0001583  28.1926  28.1926 13.44731201    05
ONEWEB-311
1 44368U 19018A   24001.50000000  .00000126  00000-0  42589-4 0  9998
2 44368  87.9353 336.7050 0001583 336.7050 336.7050 13.44731201    05
ONEWEB-312
1 44369U 19018A   24001.50000000  .00000126  00000-0  42589-4 0  9998
2 44369  87.7970 286.9370 0001583 286.9370 286.9370 13.44731201    05
ONEWEB-313
1 44370U 19018A   24001.50000000  .00000126  00000-0  42589-4 0  9998
2 44370  87.6526 234.9440 0001583 234.9440 234.9440 13.44731201    05
ONEWEB-314
1 44371U 19018A   24001.50000000  .00000126  00000-0  42589-4 0  9998
2 44371  87.0138   4.9819 0001583   4.9819   4.9819 13.44731201    05
ONEWEB-315
1 44372U 19018A   24001.50000000  .00000126  00000-0  42589-4 0  9998
2 44372  87.3658 131.6980 0001583 131.6980 131.6980 13.44731201    05
ONEWEB-316
1 44373U 19018A   24001.50000000  .00000126  00000-0  42589-4 0  9998
2 44373  87.7290 262.4300 0001583 262.4300 262.4300 13.44731201    05
ONEWEB-317
1 44374U 19018A   24001.50000000  .00000126  00000-0  42589-4 0  9998
2 44374  87.5853 210.7160 0001583 210.7160 210.7160 13.44731201    05
ONEWEB-318
1 44375U 19018A   24001.50000000  .00000126  00000-0  42589-4 0  9998
2 44375  87.9449 340.1550 0001583 340.1550 340.1550 13.44731201    05
ONEWEB-319
1 44376U 19018A   24001.50000000  .00000126  00000-0  42589-4 0  9998
2 44376  87.3062 110.2480 0001583 110.2480 110.2480 13.44731201    05
ONEWEB-320
1 44377U 19018A   24001.50000000  .00000126  00000-0  42589-4 0  9998
2 44377  87.6649 239.3630 0001583 239.3630 239.3630 13.44731201    05
ONEWEB-321
1 44378U 19018A   24001.50000000  .00000126  00000-0  42589-4 0  9998
2 44378  87.5277 189.9550 0001583 189.9550 189.9550 13.44731201    05
ONEWEB-322
1 44379U 19018A   24001.50000000  .00000126  00000-0  42589-4 0  9998
2 44379  87.8799 316.7530 0001583 316.7530 316.7530 13.44731201    05
ONEWEB-323
1 44380U 19018A   24001.50000000  .00000126  00000-0  42589-4 0  9998
2 44380  87.7401 266.4300 0001583 266.4300 266.4300 13.44731201    05
ONEWEB-324
1 44381U 19018A   24001.50000000  .00000126  00000-0  42589-4 0  9998
2 44381  87.0948  34.1250 0001583  34.1250  34.1250 13.44731201    05
ONEWEB-325
1 44382U 19018A   24001.50000000  .00000126  00000-0  42589-4 0  9998
2 44382  87.4568 164.4660 0001583 164.4660 164.4660 13.44731201    05
ONEWEB-326
1 44383U 19018A   24001.50000000  .00000126  00000-0  42589-4 0  9998
2 44383  87.3117 112.2100 0001583 112.2100 112.2100 13.44731201    05
ONEWEB-327
1 44384U 19018A   24001.50000000  .00000126  00000-0  42589-4 0  9998
2 44384  87.1723  62.0364 0001583  62.0364  62.0364 13.44731201    05
ONEWEB-328
1 44385U 19018A   24001.50000000  .00000126  00000-0  42589-4 0  9998
2 44385  87.5265 189.5240 0001583 189.5240 189.5240 13.44731201    05
ONEWEB-329
1 44386U 19018A   24001.50000000  .00000126  00000-0  42589-4 0  9998
2 44386  87.8889 320.0120 0001583 320.0120 320.0120 13.44731201    05
ONEWEB-330
1 44387U 19018A   24001.50000000  .00000126  00000-0  42589-4 0  9998
2 44387  87.7490 269.6500 0001583 269.6500 269.6500 13.44731201    05
ONEWEB-331
1 44388U 19018A   24001.50000000  .00000126  00000-0  42589-4 0  9998
2 44388  87.1043  37.5496 0001583  37.5496  37.5496 13.44731201    05
ONEWEB-332
1 44389U 19018A   24001.50000000  .00000126  00000-0  42589-4 0  9998
2 44389  87.4600 165.5820 0001583 165.5820 165.5820 13.44731201    05
ONEWEB-333
1 44390U 19018A   24001.50000000  .00000126  00000-0  42589-4 0  9998
2 44390  87.8181 294.5170 0001583 294.5170 294.5170 13.44731201    05
ONEWEB-334
1 44391U 19018A   24001.50000000  .00000126  00000-0  42589-4 0  9998
2 44391  87.1788  64.3646 0001583  64.3646  64.3646 13.44731201    05
ONEWEB-335
1 44392U 19018A   24001.50000000  .00000126  00000-0  42589-4 0  9998
2 44392  87.5408 194.6700 0001583 194.6700 194.6700 13.44731201    05
ONEWEB-336
1 44393U 19018A   24001.50000000  .00000126  00000-0  42589-4 0  9998
2 44393  87.8963 322.6790 0001583 322.6790 322.6790 13.44731201    05
ONEWEB-337
1 44394U 19018A   24001.50000000  .00000126  00000-0  42589-4 0  9998
2 44394  87.2538  91.3767 0001583  91.3767  91.3767 13.44731201    05
ONEWEB-338
1 44395U 19018A   24001.50000000  .00000126  00000-0  42589-4 0  9998
2 44395  87.6170 222.1320 0001583 222.1320 222.1320 13.44731201    05
ONEWEB-339
1 44396U 19018A   24001.50000000  .00000126  00000-0  42589-4 0  9998
2 44396  87.9721 349.9390 0001583 349.9390 349.9390 13.44731201    05
ONEWEB-340
1 44397U 19018A   24001.50000000  .00000126  00000-0  42589-4 0  9998
2 44397  87.3258 117.3040 0001583 117.3040 117.3040 13.44731201    05
ONEWEB-341
1 44398U 19018A   24001.50000000  .00000126  00000-0  42589-4 0  9998
2 44398  87.1866  67.1832 0001583  67.1832  67.1832 13.44731201    05
ONEWEB-342
1 44399U 19018A   24001.50000000  .00000126  00000-0  42589-4 0  9998
2 44399  87.0470  16.9034 0001583  16.9034  16.9034 13.44731201    05
ONEWEB-343
1 44400U 19018A   24001.50000000  .00000126  00000-0  42589-4 0  9998
2 44400  87.4087 147.1490 0001583 147.1490 147.1490 13.44731201    05
ONEWEB-344
1 44401U 19018A   24001.50000000  .00000126  00000-0  42589-4 0  9998
2 44401  87.2614  94.0961 0001583  94.0961  94.0961 13.44731201    05
ONEWEB-345
1 44402U 19018A   24001.50000000  .00000126  00000-0  42589-4 0  9998
2 44402  87.1226  44.1499 0001583  44.1499  44.1499 13.44731201    05
ONEWEB-346
1 44403U 19018A   24001.50000000  .00000126  00000-0  42589-4 0  9998
2 44403  87.9791 352.4790 0001583 352.4790 352.4790 13.44731201    05
ONEWEB-347
1 44404U 19018A   24001.50000000  .00000126  00000-0  42589-4 0  9998
2 44404  87.3380 121.6870 0001583 121.6870 121.6870 13.44731201    05
ONEWEB-348
1 44405U 19018A   24001.50000000  .00000126  00000-0  42589-4 0  9998
2 44405  87.1973  71.0334 0001583  71.0334  71.0334 13.44731201    05
ONEWEB-349
1 44406U 19018A   24001.50000000  .00000126  00000-0  42589-4 0  9998
2 44406  87.5557 200.0690 0001583 200.0690 200.0690 13.44731201    05
ONEWEB-350
1 44407U 19018A   24001.50000000  .00000126  00000-0  42589-4 0  9998
2 44407  87.9147 329.3060 0001583 329.3060 329.3060 13.44731201    05
ONEWEB-351
1 44408U 19018A   24001.50000000  .00000126  00000-0  42589-4 0  9998
2 44408  87.7735 278.4460 0001583 278.4460 278.4460 13.44731201    05
ONEWEB-352
1 44409U 19018A   24001.50000000  .00000126  00000-0  42589-4 0  9998
2 44409  87.1292  46.5014 0001583  46.5014  46.5014 13.44731201    05
ONEWEB-353
1 44410U 19018A   24001.50000000  .00000126  00000-0  42589-4 0  9998
2 44410  87.9856 354.8280 0001583 354.8280 354.8280 13.44731201    05
ONEWEB-354
1 44411U 19018A   24001.50000000  .00000126  00000-0  42589-4 0  9998
2 44411  87.8456 304.4080 0001583 304.4080 304.4080 13.44731201    05
ONEWEB-355
1 44412U 19018A   24001.50000000  .00000126  00000-0  42589-4 0  9998
2 44412  87.2051  73.8349 0001583  73.8349  73.8349 13.44731201    05
ONEWEB-356
1 44413U 19018A   24001.50000000  .00000126  00000-0  42589-4 0  9998
2 44413  87.5577 200.7630 0001583 200.7630 200.7630 13.44731201    05
ONEWEB-357
1 44414U 19018A   24001.50000000  .00000126  00000-0  42589-4 0  9998
2 44414  87.4219 151.8900 0001583 151.8900 151.8900 13.44731201    05
ONEWEB-358
1 44415U 19018A   24001.50000000  .00000126  00000-0  42589-4 0  9998
2 44415  87.7818 281.4390 0001583 281.4390 281.4390 13.44731201    05
ONEWEB-359
1 44416U 19018A   24001.50000000  .00000126  00000-0  42589-4 0  9998
2 44416  87.1381  49.7314 0001583  49.7314  49.7314 13.44731201    05
ONEWEB-360
1 44417U 19018A   24001.50000000  .00000126  00000-0  42589-4 0  9998
2 44417  87.9994 359.7840 0001583 359.7840 359.7840 13.44731201    05
ONEWEB-361
1 44418U 19018A   24001.50000000  .00000126  00000-0  42589-4 0  9998
2 44418  87.8568 308.4400 0001583 308.4400 308.4400 13.44731201    05
ONEWEB-362
1 44419U 19018A   24001.50000000  .00000126  00000-0  42589-4 0  9998
2 44419  87.2142  77.1289 0001583  77.1289  77.1289 13.44731201    05
ONEWEB-363
1 44420U 19018A   24001.50000000  .00000126  00000-0  42589-4 0  9998
2 44420  87.0755  27.1897 0001583  27.1897  27.1897 13.44731201    05
ONEWEB-364
1 44421U 19018A   24001.50000000  .00000126  00000-0  42589-4 0  9998
2 44421  87.9317 335.4180 0001583 335.4180 335.4180 13.44731201    05
ONEWEB-365
1 44422U 19018A   24001.50000000  .00000126  00000-0  42589-4 0  9998
2 44422  87.2862 103.0350 0001583 103.0350 103.0350 13.44731201    05
ONEWEB-366
1 44423U 19018A   24001.50000000  .00000126  00000-0  42589-4 0  9998
2 44423  87.1488  53.5592 0001583  53.5592  53.5592 13.44731201    05
ONEWEB-367
1 44424U 19018A   24001.50000000  .00000126  00000-0  42589-4 0  9998
2 44424  87.5089 183.1910 0001583 183.1910 183.1910 13.44731201    05
ONEWEB-368
1 44425U 19018A   24001.50000000  .00000126  00000-0  42589-4 0  9998
2 44425  87.3627 130.5900 0001583 130.5900 130.5900 13.44731201    05
ONEWEB-369
1 44426U 19018A   24001.50000000  .00000126  00000-0  42589-4 0  9998
2 44426  87.7201 259.2330 0001583 259.2330 259.2330 13.44731201    05
ONEWEB-370
1 44427U 19018A   24001.50000000  .00000126  00000-0  42589-4 0  9998
2 44427  87.0807  29.0678 0001583  29.0678  29.0678 13.44731201    05
ONEWEB-371
1 44428U 19018A   24001.50000000  .00000126  00000-0  42589-4 0  9998
2 44428  87.9394 338.2010 0001583 338.2010 338.2010 13.44731201    05
ONEWEB-372
1 44429U 19018A   24001.50000000  .00000126  00000-0  42589-4 0  9998
2 44429  87.7986 287.4910 0001583 287.4910 287.4910 13.44731201    05
ONEWEB-373
1 44430U 19018A   24001.50000000  .00000126  00000-0  42589-4 0  9998
2 44430  87.6553 235.9080 0001583 235.9080 235.9080 13.44731201    05
ONEWEB-374
1 44431U 19018A   24001.50000000  .00000126  00000-0  42589-4 0  9998
2 44431  87.5139 184.9970 0001583 184.9970 184.9970 13.44731201    05
ONEWEB-375
1 44432U 19018A   24001.50000000  .00000126  00000-0  42589-4 0  9998
2 44432  87.3701 133.2480 0001583 133.2480 133.2480 13.44731201    05
ONEWEB-376
1 44433U 19018A   24001.50000000  .00000126  00000-0  42589-4 0  9998
2 44433  87.2355  84.7625 0001583  84.7625  84.7625 13.44731201    05
ONEWEB-377
1 44434U 19018A   24001.50000000  .00000126  00000-0  42589-4 0  9998
2 44434  87.5873 211.4350 0001583 211.4350 211.4350 13.44731201    05
ONEWEB-378
1 44435U 19018A   24001.50000000  .00000126  00000-0  42589-4 0  9998
2 44435  87.4467 160.8240 0001583 160.8240 160.8240 13.44731201    05
ONEWEB-379
1 44436U 19018A   24001.50000000  .00000126  00000-0  42589-4 0  9998
2 44436  87.3026 108.9450 0001583 108.9450 108.9450 13.44731201    05
ONEWEB-380
1 44437U 19018A   24001.50000000  .00000126  00000-0  42589-4 0  9998
2 44437  87.1660  59.7520 0001583  59.7520  59.7520 13.44731201    05
ONEWEB-381
1 44438U 19018A   24001.50000000  .00000126  00000-0  42589-4 0  9998
2 44438  87.5213 187.6780 0001583 187.6780 187.6780 13.44731201    05
ONEWEB-382
1 44439U 19018A   24001.50000000  .00000126  00000-0  42589-4 0  9998
2 44439  87.8829 317.8290 0001583 317.8290 317.8290 13.44731201    05
ONEWEB-383
1 44440U 19018A   24001.50000000  .00000126  00000-0  42589-4 0  9998
2 44440  87.7407 266.6650 0001583 266.6650 266.6650 13.44731201    05
ONEWEB-384
1 44441U 19018A   24001.50000000  .00000126  00000-0  42589-4 0  9998
2 44441  87.6021 216.7470 0001583 216.7470 216.7470 13.44731201    05
ONEWEB-385
1 44442U 19018A   24001.50000000  .00000126  00000-0  42589-4 0  9998
2 44442  87.9531 343.1160 0001583 343.1160 343.1160 13.44731201    05
ONEWEB-386
1 44443U 19018A   24001.50000000  .00000126  00000-0  42589-4 0  9998
2 44443  87.3168 114.0520 0001583 114.0520 114.0520 13.44731201    05
ONEWEB-387
1 44444U 19018A   24001.50000000  .00000126  00000-0  42589-4 0  9998
2 44444  87.6711 241.5900 0001583 241.5900 241.5900 13.44731201    05
ONEWEB-388
1 44445U 19018A   24001.50000000  .00000126  00000-0  42589-4 0  9998
2 44445  87.5302 190.8680 0001583 190.8680 190.8680 13.44731201    05
ONEWEB-389
1 44446U 19018A   24001.50000000  .00000126  00000-0  42589-4 0  9998
2 44446  87.8952 322.2690 0001583 322.2690 322.2690 13.44731201    05
ONEWEB-390
1 44447U 19018A   24001.50000000  .00000126  00000-0  42589-4 0  9998
2 44447  87.2469  88.9015 0001583  88.9015  88.9015 13.44731201    05
ONEWEB-391
1 44448U 19018A   24001.50000000  .00000126  00000-0  42589-4 0  9998
2 44448  87.1078  38.8208 0001583  38.8208  38.8208 13.44731201    05
ONEWEB-392
1 44449U 19018A   24001.50000000  .00000126  00000-0  42589-4 0  9998
2 44449  87.4657 167.6490 0001583 167.6490 167.6490 13.44731201    05
ONEWEB-393
1 44450U 19018A   24001.50000000  .00000126  00000-0  42589-4 0  9998
2 44450  87.8247 296.8990 0001583 296.8990 296.8990 13.44731201    05
ONEWEB-394
1 44451U 19018A   24001.50000000  .00000126  00000-0  42589-4 0  9998
2 44451  87.1826  65.7363 0001583  65.7363  65.7363 13.44731201    05
ONEWEB-395
1 44452U 19018A   24001.50000000  .00000126  00000-0  42589-4 0  9998
2 44452  87.5453 196.3190 0001583 196.3190 196.3190 13.44731201    05
ONEWEB-396
1 44453U 19018A   24001.50000000  .00000126  00000-0  42589-4 0  9998
2 44453  87.3998 143.9330 0001583 143.9330 143.9330 13.44731201    05
ONEWEB-397
1 44454U 19018A   24001.50000000  .00000126  00000-0  42589-4 0  9998
2 44454  87.2576  92.7258 0001583  92.7258  92.7258 13.44731201    05
ONEWEB-398
1 44455U 19018A   24001.50000000  .00000126  00000-0  42589-4 0  9998
2 44455  87.6182 222.5460 0001583 222.5460 222.5460 13.44731201    05
ONEWEB-399
1 44456U 19018A   24001.50000000  .00000126  00000-0  42589-4 0  9998
2 44456  87.4757 171.2690 0001583 171.2690 171.2690 13.44731201    05
ONEWEB-400
1 44457U 19018A   24001.50000000  .00000126  00000-0  42589-4 0  9998
2 44457  87.8308 299.1060 0001583 299.1060 299.1060 13.44731201    05
ONEWEB-401
1 44458U 19018A   24001.50000000  .00000126  00000-0  42589-4 0  9998
2 44458  87.1878  67.6136 0001583  67.6136  67.6136 13.44731201    05
ONEWEB-402
1 44459U 19018A   24001.50000000  .00000126  00000-0  42589-4 0  9998
2 44459  87.0489  17.6150 0001583  17.6150  17.6150 13.44731201    05
ONEWEB-403
1 44460U 19018A   24001.50000000  .00000126  00000-0  42589-4 0  9998
2 44460  87.9060 326.1680 0001583 326.1680 326.1680 13.44731201    05
ONEWEB-404
1 44461U 19018A   24001.50000000  .00000126  00000-0  42589-4 0  9998
2 44461  87.2675  96.3147 0001583  96.3147  96.3147 13.44731201    05
ONEWEB-405
1 44462U 19018A   24001.50000000  .00000126  00000-0  42589-4 0  9998
2 44462  87.1275  45.9137 0001583  45.9137  45.9137 13.44731201    05
ONEWEB-406
1 44463U 19018A   24001.50000000  .00000126  00000-0  42589-4 0  9998
2 44463  87.9824 353.6680 0001583 353.6680 353.6680 13.44731201    05
ONEWEB-407
1 44464U 19018A   24001.50000000  .00000126  00000-0  42589-4 0  9998
2 44464  87.3449 124.1650 0001583 124.1650 124.1650 13.44731201    05
ONEWEB-408
1 44465U 19018A   24001.50000000  .00000126  00000-0  42589-4 0  9998
2 44465  87.2041  73.4591 0001583  73.4591  73.4591 13.44731201    05
ONEWEB-409
1 44466U 19018A   24001.50000000  .00000126  00000-0  42589-4 0  9998
2 44466  87.5564 200.3000 0001583 200.3000 200.3000 13.44731201    05
ONEWEB-410
1 44467U 19018A   24001.50000000  .00000126  00000-0  42589-4 0  9998
2 44467  87.9172 330.2030 0001583 330.2030 330.2030 13.44731201    05
ONEWEB-411
1 44468U 19018A   24001.50000000  .00000126  00000-0  42589-4 0  9998
2 44468  87.7749 278.9660 0001583 278.9660 278.9660 13.44731201    05
ONEWEB-412
1 44469U 19018A   24001.50000000  .00000126  00000-0  42589-4 0  9998
2 44469  87.6349 228.5470 0001583 228.5470 228.5470 13.44731201    05
ONEWEB-413
1 44470U 19018A   24001.50000000  .00000126  00000-0  42589-4 0  9998
2 44470  87.9975 359.0950 0001583 359.0950 359.0950 13.44731201    05
ONEWEB-414
1 44471U 19018A   24001.50000000  .00000126  00000-0  42589-4 0  9998
2 44471  87.3505 126.1890 0001583 126.1890 126.1890 13.44731201    05
ONEWEB-415
1 44472U 19018A   24001.50000000  .00000126  00000-0  42589-4 0  9998
2 44472  87.7079 254.8500 0001583 254.8500 254.8500 13.44731201    05
ONEWEB-416
1 44473U 19018A   24001.50000000  .00000126  00000-0  42589-4 0  9998
2 44473  87.5690 204.8460 0001583 204.8460 204.8460 13.44731201    05
ONEWEB-417
1 44474U 19018A   24001.50000000  .00000126  00000-0  42589-4 0  9998
2 44474  87.4259 153.3130 0001583 153.3130 153.3130 13.44731201    05
ONEWEB-418
1 44475U 19018A   24001.50000000  .00000126  00000-0  42589-4 0  9998
2 44475  87.2809 101.1070 0001583 101.1070 101.1070 13.44731201    05
ONEWEB-419
1 44476U 19018A   24001.50000000  .00000126  00000-0  42589-4 0  9998
2 44476  87.1408  50.6741 0001583  50.6741  50.6741 13.44731201    05
ONEWEB-420
1 44477U 19018A   24001.50000000  .00000126  00000-0  42589-4 0  9998
2 44477  87.0024   0.8610 0001583   0.8610   0.8610 13.44731201    05
ONEWEB-421
1 44478U 19018A   24001.50000000  .00000126  00000-0  42589-4 0  9998
2 44478  87.3609 129.9080 0001583 129.9080 129.9080 13.44731201    05
ONEWEB-422
1 44479U 19018A   24001.50000000  .00000126  00000-0  42589-4 0  9998
2 44479  87.7141 257.0770 0001583 257.0770 257.0770 13.44731201    05
ONEWEB-423
1 44480U 19018A   24001.50000000  .00000126  00000-0  42589-4 0  9998
2 44480  87.5759 207.3190 0001583 207.3190 207.3190 13.44731201    05
ONEWEB-424
1 44481U 19018A   24001.50000000  .00000126  00000-0  42589-4 0  9998
2 44481  87.9331 335.9000 0001583 335.9000 335.9000 13.44731201    05
ONEWEB-425
1 44482U 19018A   24001.50000000  .00000126  00000-0  42589-4 0  9998
2 44482  87.2909 104.7080 0001583 104.7080 104.7080 13.44731201    05
ONEWEB-426
1 44483U 19018A   24001.50000000  .00000126  00000-0  42589-4 0  9998
2 44483  87.1515  54.5443 0001583  54.5443  54.5443 13.44731201    05
ONEWEB-427
1 44484U 19018A   24001.50000000  .00000126  00000-0  42589-4 0  9998
2 44484  87.0097   3.4825 0001583   3.4825   3.4825 13.44731201    05
ONEWEB-428
1 44485U 19018A   24001.50000000  .00000126  00000-0  42589-4 0  9998
2 44485  87.3704 133.3470 0001583 133.3470 133.3470 13.44731201    05
ONEWEB-429
1 44486U 19018A   24001.50000000  .00000126  00000-0  42589-4 0  9998
2 44486  87.2251  81.0210 0001583  81.0210  81.0210 13.44731201    05
ONEWEB-430
1 44487U 19018A   24001.50000000  .00000126  00000-0  42589-4 0  9998
2 44487  87.0837  30.1226 0001583  30.1226  30.1226 13.44731201    05
ONEWEB-431
1 44488U 19018A   24001.50000000  .00000126  00000-0  42589-4 0  9998
2 44488  87.9408 338.6880 0001583 338.6880 338.6880 13.44731201    05
ONEWEB-432
1 44489U 19018A   24001.50000000  .00000126  00000-0  42589-4 0  9998
2 44489  87.7995 287.8150 0001583 287.8150 287.8150 13.44731201    05
ONEWEB-433
1 44490U 19018A   24001.50000000  .00000126  00000-0  42589-4 0  9998
2 44490  87.1584  57.0218 0001583  57.0218  57.0218 13.44731201    05
ONEWEB-434
1 44491U 19018A   24001.50000000  .00000126  00000-0  42589-4 0  9998
2 44491  87.0203   7.2959 0001583   7.2959   7.2959 13.44731201    05
ONEWEB-435
1 44492U 19018A   24001.50000000  .00000126  00000-0  42589-4 0  9998
2 44492  87.8765 315.5300 0001583 315.5300 315.5300 13.44731201    05
ONEWEB-436
1 44493U 19018A   24001.50000000  .00000126  00000-0  42589-4 0  9998
2 44493  87.2357  84.8666 0001583  84.8666  84.8666 13.44731201    05
ONEWEB-437
1 44494U 19018A   24001.50000000  .00000126  00000-0  42589-4 0  9998
2 44494  87.0929  33.4389 0001583  33.4389  33.4389 13.44731201    05
ONEWEB-438
1 44495U 19018A   24001.50000000  .00000126  00000-0  42589-4 0  9998
2 44495  87.9464 340.7180 0001583 340.7180 340.7180 13.44731201    05
ONEWEB-439
1 44496U 19018A   24001.50000000  .00000126  00000-0  42589-4 0  9998
2 44496  87.3121 112.3380 0001583 112.3380 112.3380 13.44731201    05
ONEWEB-440
1 44497U 19018A   24001.50000000  .00000126  00000-0  42589-4 0  9998
2 44497  87.6669 240.0770 0001583 240.0770 240.0770 13.44731201    05
ONEWEB-441
1 44498U 19018A   24001.50000000  .00000126  00000-0  42589-4 0  9998
2 44498  87.5300 190.7860 0001583 190.7860 190.7860 13.44731201    05
ONEWEB-442
1 44499U 19018A   24001.50000000  .00000126  00000-0  42589-4 0  9998
2 44499  87.3850 138.5970 0001583 138.5970 138.5970 13.44731201    05
ONEWEB-443
1 44500U 19018A   24001.50000000  .00000126  00000-0  42589-4 0  9998
2 44500  87.7416 266.9940 0001583 266.9940 266.9940 13.44731201    05
ONEWEB-444
1 44501U 19018A   24001.50000000  .00000126  00000-0  42589-4 0  9998
2 44501  87.6009 216.3310 0001583 216.3310 216.3310 13.44731201    05
ONEWEB-445
1 44502U 19018A   24001.50000000  .00000126  00000-0  42589-4 0  9998
2 44502  87.9606 345.7990 0001583 345.7990 345.7990 13.44731201    05
ONEWEB-446
1 44503U 19018A   24001.50000000  .00000126  00000-0  42589-4 0  9998
2 44503  87.3136 112.8820 0001583 112.8820 112.8820 13.44731201    05
ONEWEB-447
1 44504U 19018A   24001.50000000  .00000126  00000-0  42589-4 0  9998
2 44504  87.1761  63.3991 0001583  63.3991  63.3991 13.44731201    05
ONEWEB-448
1 44505U 19018A   24001.50000000  .00000126  00000-0  42589-4 0  9998
2 44505  87.5353 192.7240 0001583 192.7240 192.7240 13.44731201    05
ONEWEB-449
1 44506U 19018A   24001.50000000  .00000126  00000-0  42589-4 0  9998
2 44506  87.3979 143.2340 0001583 143.2340 143.2340 13.44731201    05
ONEWEB-450
1 44507U 19018A   24001.50000000  .00000126  00000-0  42589-4 0  9998
2 44507  87.7546 271.6400 0001583 271.6400 271.6400 13.44731201    05
ONEWEB-451
1 44508U 19018A   24001.50000000  .00000126  00000-0  42589-4 0  9998
2 44508  87.1080  38.8926 0001583  38.8926  38.8926 13.44731201    05
ONEWEB-452
1 44509U 19018A   24001.50000000  .00000126  00000-0  42589-4 0  9998
2 44509  87.4690 168.8490 0001583 168.8490 168.8490 13.44731201    05
ONEWEB-453
1 44510U 19018A   24001.50000000  .00000126  00000-0  42589-4 0  9998
2 44510  87.3287 118.3240 0001583 118.3240 118.3240 13.44731201    05
ONEWEB-454
1 44511U 19018A   24001.50000000  .00000126  00000-0  42589-4 0  9998
2 44511  87.1884  67.8292 0001583  67.8292  67.8292 13.44731201    05
ONEWEB-455
1 44512U 19018A   24001.50000000  .00000126  00000-0  42589-4 0  9998
2 44512  87.5441 195.8890 0001583 195.8890 195.8890 13.44731201    05
ONEWEB-456
1 44513U 19018A   24001.50000000  .00000126  00000-0  42589-4 0  9998
2 44513  87.8985 323.4590 0001583 323.4590 323.4590 13.44731201    05
ONEWEB-457
1 44514U 19018A   24001.50000000  .00000126  00000-0  42589-4 0  9998
2 44514  87.7641 275.0590 0001583 275.0590 275.0590 13.44731201    05
ONEWEB-458
1 44515U 19018A   24001.50000000  .00000126  00000-0  42589-4 0  9998
2 44515  87.1232  44.3667 0001583  44.3667  44.3667 13.44731201    05
ONEWEB-459
1 44516U 19018A   24001.50000000  .00000126  00000-0  42589-4 0  9998
2 44516  87.4774 171.8540 0001583 171.8540 171.8540 13.44731201    05
ONEWEB-460
1 44517U 19018A   24001.50000000  .00000126  00000-0  42589-4 0  9998
2 44517  87.3325 119.6960 0001583 119.6960 119.6960 13.44731201    05
ONEWEB-461
1 44518U 19018A   24001.50000000  .00000126  00000-0  42589-4 0  9998
2 44518  87.6917 248.9990 0001583 248.9990 248.9990 13.44731201    05
ONEWEB-462
1 44519U 19018A   24001.50000000  .00000126  00000-0  42589-4 0  9998
2 44519  87.5495 197.8270 0001583 197.8270 197.8270 13.44731201    05
ONEWEB-463
1 44520U 19018A   24001.50000000  .00000126  00000-0  42589-4 0  9998
2 44520  87.4063 146.2600 0001583 146.2600 146.2600 13.44731201    05
ONEWEB-464
1 44521U 19018A   24001.50000000  .00000126  00000-0  42589-4 0  9998
2 44521  87.2674  96.2531 0001583  96.2531  96.2531 13.44731201    05
ONEWEB-465
1 44522U 19018A   24001.50000000  .00000126  00000-0  42589-4 0  9998
2 44522  87.6279 226.0620 0001583 226.0620 226.0620 13.44731201    05
ONEWEB-466
1 44523U 19018A   24001.50000000  .00000126  00000-0  42589-4 0  9998
2 44523  87.4874 175.4510 0001583 175.4510 175.4510 13.44731201    05
ONEWEB-467
1 44524U 19018A   24001.50000000  .00000126  00000-0  42589-4 0  9998
2 44524  87.3460 124.5490 0001583 124.5490 124.5490 13.44731201    05
ONEWEB-468
1 44525U 19018A   24001.50000000  .00000126  00000-0  42589-4 0  9998
2 44525  87.2042  73.5282 0001583  73.5282  73.5282 13.44731201    05
ONEWEB-469
1 44526U 19018A   24001.50000000  .00000126  00000-0  42589-4 0  9998
2 44526  87.5618 202.2380 0001583 202.2380 202.2380 13.44731201    05
ONEWEB-470
1 44527U 19018A   24001.50000000  .00000126  00000-0  42589-4 0  9998
2 44527  87.4222 152.0070 0001583 152.0070 152.0070 13.44731201    05
ONEWEB-471
1 44528U 19018A   24001.50000000  .00000126  00000-0  42589-4 0  9998
2 44528  87.7775 279.9020 0001583 279.9020 279.9020 13.44731201    05
ONEWEB-472
1 44529U 19018A   24001.50000000  .00000126  00000-0  42589-4 0  9998
2 44529  87.1404  50.5455 0001583  50.5455  50.5455 13.44731201    05
ONEWEB-473
1 44530U 19018A   24001.50000000  .00000126  00000-0  42589-4 0  9998
2 44530  87.4966 178.7820 0001583 178.7820 178.7820 13.44731201    05
ONEWEB-474
1 44531U 19018A   24001.50000000  .00000126  00000-0  42589-4 0  9998
2 44531  87.8540 307.4500 0001583 307.4500 307.4500 13.44731201    05
ONEWEB-475
1 44532U 19018A   24001.50000000  .00000126  00000-0  42589-4 0  9998
2 44532  87.2095  75.4107 0001583  75.4107  75.4107 13.44731201    05
ONEWEB-476
1 44533U 19018A   24001.50000000  .00000126  00000-0  42589-4 0  9998
2 44533  87.5696 205.0590 0001583 205.0590 205.0590 13.44731201    05
ONEWEB-477
1 44534U 19018A   24001.50000000  .00000126  00000-0  42589-4 0  9998
2 44534  87.4255 153.1760 0001583 153.1760 153.1760 13.44731201    05
ONEWEB-478
1 44535U 19018A   24001.50000000  .00000126  00000-0  42589-4 0  9998
2 44535  87.2862 103.0230 0001583 103.0230 103.0230 13.44731201    05
ONEWEB-479
1 44536U 19018A   24001.50000000  .00000126  00000-0  42589-4 0  9998
2 44536  87.6428 231.4240 0001583 231.4240 231.4240 13.44731201    05
ONEWEB-480
1 44537U 19018A   24001.50000000  .00000126  00000-0  42589-4 0  9998
2 44537  87.5055 181.9890 0001583 181.9890 181.9890 13.44731201    05
ONEWEB-481
1 44538U 19018A   24001.50000000  .00000126  00000-0  42589-4 0  9998
2 44538  87.3607 129.8640 0001583 129.8640 129.8640 13.44731201    05
ONEWEB-482
1 44539U 19018A   24001.50000000  .00000126  00000-0  42589-4 0  9998
2 44539  87.2209  79.5321 0001583  79.5321  79.5321 13.44731201    05
ONEWEB-483
1 44540U 19018A   24001.50000000  .00000126  00000-0  42589-4 0  9998
2 44540  87.0746  26.8719 0001583  26.8719  26.8719 13.44731201    05
ONEWEB-484
1 44541U 19018A   24001.50000000  .00000126  00000-0  42589-4 0  9998
2 44541  87.4323 155.6190 0001583 155.6190 155.6190 13.44731201    05
ONEWEB-485
1 44542U 19018A   24001.50000000  .00000126  00000-0  42589-4 0  9998
2 44542  87.2940 105.8250 0001583 105.8250 105.8250 13.44731201    05
ONEWEB-486
1 44543U 19018A   24001.50000000  .00000126  00000-0  42589-4 0  9998
2 44543  87.6506 234.2250 0001583 234.2250 234.2250 13.44731201    05
ONEWEB-487
1 44544U 19018A   24001.50000000  .00000126  00000-0  42589-4 0  9998
2 44544  87.5080 182.8910 0001583 182.8910 182.8910 13.44731201    05
ONEWEB-488
1 44545U 19018A   24001.50000000  .00000126  00000-0  42589-4 0  9998
2 44545  87.8691 312.8630 0001583 312.8630 312.8630 13.44731201    05
ONEWEB-489
1 44546U 19018A   24001.50000000  .00000126  00000-0  42589-4 0  9998
2 44546  87.2315  83.3478 0001583  83.3478  83.3478 13.44731201    05
ONEWEB-490
1 44547U 19018A   24001.50000000  .00000126  00000-0  42589-4 0  9998
2 44547  87.0861  30.9944 0001583  30.9944  30.9944 13.44731201    05
ONEWEB-491
1 44548U 19018A   24001.50000000  .00000126  00000-0  42589-4 0  9998
2 44548  87.4501 162.0290 0001583 162.0290 162.0290 13.44731201    05
ONEWEB-492
1 44549U 19018A   24001.50000000  .00000126  00000-0  42589-4 0  9998
2 44549  87.3019 108.6940 0001583 108.6940 108.6940 13.44731201    05
ONEWEB-493
1 44550U 19018A   24001.50000000  .00000126  00000-0  42589-4 0  9998
2 44550  87.6617 238.2180 0001583 238.2180 238.2180 13.44731201    05
ONEWEB-494
1 44551U 19018A   24001.50000000  .00000126  00000-0  42589-4 0  9998
2 44551  87.0229   8.2481 0001583   8.2481   8.2481 13.44731201    05
ONEWEB-495
1 44552U 19018A   24001.50000000  .00000126  00000-0  42589-4 0  9998
2 44552  87.8834 318.0140 0001583 318.0140 318.0140 13.44731201    05
ONEWEB-496
1 44553U 19018A   24001.50000000  .00000126  00000-0  42589-4 0  9998
2 44553  87.2369  85.2929 0001583  85.2929  85.2929 13.44731201    05
ONEWEB-497
1 44554U 19018A   24001.50000000  .00000126  00000-0  42589-4 0  9998
2 44554  87.5926 213.3390 0001583 213.3390 213.3390 13.44731201    05
ONEWEB-498
1 44555U 19018A   24001.50000000  .00000126  00000-0  42589-4 0  9998
2 44555  87.9558 344.0810 0001583 344.0810 344.0810 13.44731201    05
ONEWEB-499
1 44556U 19018A   24001.50000000  .00000126  00000-0  42589-4 0  9998
2 44556  87.3114 112.1090 0001583 112.1090 112.1090 13.44731201    05
ONEWEB-500
1 44557U 19018A   24001.50000000  .00000126  00000-0  42589-4 0  9998
2 44557  87.6677 240.3810 0001583 240.3810 240.3810 13.44731201    05
ONEWEB-501
1 44558U 19018A   24001.50000000  .00000126  00000-0  42589-4 0  9998
2 44558  87.5297 190.7050 0001583 190.7050 190.7050 13.44731201    05
ONEWEB-502
1 44559U 19018A   24001.50000000  .00000126  00000-0  42589-4 0  9998
2 44559  87.8877 319.5760 0001583 319.5760 319.5760 13.44731201    05
ONEWEB-503
1 44560U 19018A   24001.50000000  .00000126  00000-0  42589-4 0  9998
2 44560  87.2453  88.3253 0001583  88.3253  88.3253 13.44731201    05
ONEWEB-504
1 44561U 19018A   24001.50000000  .00000126  00000-0  42589-4 0  9998
2 44561  87.1039  37.3980 0001583  37.3980  37.3980 13.44731201    05
ONEWEB-505
1 44562U 19018A   24001.50000000  .00000126  00000-0  42589-4 0  9998
2 44562  87.9619 346.2970 0001583 346.2970 346.2970 13.44731201    05
ONEWEB-506
1 44563U 19018A   24001.50000000  .00000126  00000-0  42589-4 0  9998
2 44563  87.3208 115.5000 0001583 115.5000 115.5000 13.44731201    05
ONEWEB-507
1 44564U 19018A   24001.50000000  .00000126  00000-0  42589-4 0  9998
2 44564  87.6822 245.5830 0001583 245.5830 245.5830 13.44731201    05
ONEWEB-508
1 44565U 19018A   24001.50000000  .00000126  00000-0  42589-4 0  9998
2 44565  87.5333 191.9890 0001583 191.9890 191.9890 13.44731201    05
ONEWEB-509
1 44566U 19018A   24001.50000000  .00000126  00000-0  42589-4 0  9998
2 44566  87.8926 321.3520 0001583 321.3520 321.3520 13.44731201    05
ONEWEB-510
1 44567U 19018A   24001.50000000  .00000126  00000-0  42589-4 0  9998
2 44567  87.7520 270.7300 0001583 270.7300 270.7300 13.44731201    05
ONEWEB-511
1 44568U 19018A   24001.50000000  .00000126  00000-0  42589-4 0  9998
2 44568  87.6133 220.7850 0001583 220.7850 220.7850 13.44731201    05
ONEWEB-512
1 44569U 19018A   24001.50000000  .00000126  00000-0  42589-4 0  9998
2 44569  87.4698 169.1150 0001583 169.1150 169.1150 13.44731201    05
ONEWEB-513
1 44570U 19018A   24001.50000000  .00000126  00000-0  42589-4 0  9998
2 44570  87.3325 119.7100 0001583 119.7100 119.7100 13.44731201    05
ONEWEB-514
1 44571U 19018A   24001.50000000  .00000126  00000-0  42589-4 0  9998
2 44571  87.1883  67.7745 0001583  67.7745  67.7745 13.44731201    05
ONEWEB-515
1 44572U 19018A   24001.50000000  .00000126  00000-0  42589-4 0  9998
2 44572  87.0459  16.5235 0001583  16.5235  16.5235 13.44731201    05
ONEWEB-516
1 44573U 19018A   24001.50000000  .00000126  00000-0  42589-4 0  9998
2 44573  87.9005 324.1620 0001583 324.1620 324.1620 13.44731201    05
ONEWEB-517
1 44574U 19018A   24001.50000000  .00000126  00000-0  42589-4 0  9998
2 44574  87.2658  95.6981 0001583  95.6981  95.6981 13.44731201    05
ONEWEB-518
1 44575U 19018A   24001.50000000  .00000126  00000-0  42589-4 0  9998
2 44575  87.1208  43.4765 0001583  43.4765  43.4765 13.44731201    05
ONEWEB-519
1 44576U 19018A   24001.50000000  .00000126  00000-0  42589-4 0  9998
2 44576  87.9810 353.1720 0001583 353.1720 353.1720 13.44731201    05
ONEWEB-520
1 44577U 19018A   24001.50000000  .00000126  00000-0  42589-4 0  9998
2 44577  87.8416 302.9810 0001583 302.9810 302.9810 13.44731201    05
ONEWEB-521
1 44578U 19018A   24001.50000000  .00000126  00000-0  42589-4 0  9998
2 44578  87.6903 248.5210 0001583 248.5210 248.5210 13.44731201    05
ONEWEB-522
1 44579U 19018A   24001.50000000  .00000126  00000-0  42589-4 0  9998
2 44579  87.5570 200.5190 0001583 200.5190 200.5190 13.44731201    05
ONEWEB-523
1 44580U 19018A   24001.50000000  .00000126  00000-0  42589-4 0  9998
2 44580  87.9136 328.9130 0001583 328.9130 328.9130 13.44731201    05
ONEWEB-524
1 44581U 19018A   24001.50000000  .00000126  00000-0  42589-4 0  9998
2 44581  87.7687 276.7150 0001583 276.7150 276.7150 13.44731201    05
ONEWEB-525
1 44582U 19018A   24001.50000000  .00000126  00000-0  42589-4 0  9998
2 44582  87.6313 227.2560 0001583 227.2560 227.2560 13.44731201    05
ONEWEB-526
1 44583U 19018A   24001.50000000  .00000126  00000-0  42589-4 0  9998
2 44583  87.9939 357.8110 0001583 357.8110 357.8110 13.44731201    05
ONEWEB-527
1 44584U 19018A   24001.50000000  .00000126  00000-0  42589-4 0  9998
2 44584  87.3467 124.8260 0001583 124.8260 124.8260 13.44731201    05
ONEWEB-528
1 44585U 19018A   24001.50000000  .00000126  00000-0  42589-4 0  9998
2 44585  87.2050  73.7842 0001583  73.7842  73.7842 13.44731201    05
ONEWEB-529
1 44586U 19018A   24001.50000000  .00000126  00000-0  42589-4 0  9998
2 44586  87.0611  22.0093 0001583  22.0093  22.0093 13.44731201    05
ONEWEB-530
1 44587U 19018A   24001.50000000  .00000126  00000-0  42589-4 0  9998
2 44587  87.4257 153.2350 0001583 153.2350 153.2350 13.44731201    05
ONEWEB-531
1 44588U 19018A   24001.50000000  .00000126  00000-0  42589-4 0  9998
2 44588  87.2800 100.7890 0001583 100.7890 100.7890 13.44731201    05
ONEWEB-532
1 44589U 19018A   24001.50000000  .00000126  00000-0  42589-4 0  9998
2 44589  87.1419  51.0846 0001583  51.0846  51.0846 13.44731201    05
ONEWEB-533
1 44590U 19018A   24001.50000000  .00000126  00000-0  42589-4 0  9998
2 44590  87.9979 359.2350 0001583 359.2350 359.2350 13.44731201    05
ONEWEB-534
1 44591U 19018A   24001.50000000  .00000126  00000-0  42589-4 0  9998
2 44591  87.8536 307.2960 0001583 307.2960 307.2960 13.44731201    05
ONEWEB-535
1 44592U 19018A   24001.50000000  .00000126  00000-0  42589-4 0  9998
2 44592  87.7197 259.1090 0001583 259.1090 259.1090 13.44731201    05
ONEWEB-536
1 44593U 19018A   24001.50000000  .00000126  00000-0  42589-4 0  9998
2 44593  87.0724  26.0794 0001583  26.0794  26.0794 13.44731201    05
ONEWEB-537
1 44594U 19018A   24001.50000000  .00000126  00000-0  42589-4 0  9998
2 44594  87.4286 154.3110 0001583 154.3110 154.3110 13.44731201    05
ONEWEB-538
1 44595U 19018A   24001.50000000  .00000126  00000-0  42589-4 0  9998
2 44595  87.2874 103.4560 0001583 103.4560 103.4560 13.44731201    05
ONEWEB-539
1 44596U 19018A   24001.50000000  .00000126  00000-0  42589-4 0  9998
2 44596  87.1493  53.7559 0001583  53.7559  53.7559 13.44731201    05
ONEWEB-540
1 44597U 19018A   24001.50000000  .00000126  00000-0  42589-4 0  9998
2 44597  87.0083   2.9732 0001583   2.9732   2.9732 13.44731201    05
ONEWEB-541
1 44598U 19018A   24001.50000000  .00000126  00000-0  42589-4 0  9998
2 44598  87.8661 311.8080 0001583 311.8080 311.8080 13.44731201    05
ONEWEB-542
1 44599U 19018A   24001.50000000  .00000126  00000-0  42589-4 0  9998
2 44599  87.7219 259.8860 0001583 259.8860 259.8860 13.44731201    05
ONEWEB-543
1 44600U 19018A   24001.50000000  .00000126  00000-0  42589-4 0  9998
2 44600  87.5833 210.0020 0001583 210.0020 210.0020 13.44731201    05
ONEWEB-544
1 44601U 19018A   24001.50000000  .00000126  00000-0  42589-4 0  9998
2 44601  87.9440 339.8400 0001583 339.8400 339.8400 13.44731201    05
ONEWEB-545
1 44602U 19018A   24001.50000000  .00000126  00000-0  42589-4 0  9998
2 44602  87.7970 286.9260 0001583 286.9260 286.9260 13.44731201    05
ONEWEB-546
1 44603U 19018A   24001.50000000  .00000126  00000-0  42589-4 0  9998
2 44603  87.6546 235.6520 0001583 235.6520 235.6520 13.44731201    05
ONEWEB-547
1 44604U 19018A   24001.50000000  .00000126  00000-0  42589-4 0  9998
2 44604  87.0124   4.4811 0001583   4.4811   4.4811 13.44731201    05
ONEWEB-548
1 44605U 19018A   24001.50000000  .00000126  00000-0  42589-4 0  9998
2 44605  87.8749 314.9740 0001583 314.9740 314.9740 13.44731201    05
ONEWEB-549
1 44606U 19018A   24001.50000000  .00000126  00000-0  42589-4 0  9998
2 44606  87.7312 263.2260 0001583 263.2260 263.2260 13.44731201    05
ONEWEB-550
1 44607U 19018A   24001.50000000  .00000126  00000-0  42589-4 0  9998
2 44607  87.5908 212.7000 0001583 212.7000 212.7000 13.44731201    05
ONEWEB-551
1 44608U 19018A   24001.50000000  .00000126  00000-0  42589-4 0  9998
2 44608  87.4498 161.9280 0001583 161.9280 161.9280 13.44731201    05
ONEWEB-552
1 44609U 19018A   24001.50000000  .00000126  00000-0  42589-4 0  9998
2 44609  87.8048 289.7360 0001583 289.7360 289.7360 13.44731201    05
ONEWEB-553
1 44610U 19018A   24001.50000000  .00000126  00000-0  42589-4 0  9998
2 44610  87.6640 239.0380 0001583 239.0380 239.0380 13.44731201    05
ONEWEB-554
1 44611U 19018A   24001.50000000  .00000126  00000-0  42589-4 0  9998
2 44611  87.5259 189.3260 0001583 189.3260 189.3260 13.44731201    05
ONEWEB-555
1 44612U 19018A   24001.50000000  .00000126  00000-0  42589-4 0  9998
2 44612  87.8835 318.0700 0001583 318.0700 318.0700 13.44731201    05
ONEWEB-556
1 44613U 19018A   24001.50000000  .00000126  00000-0  42589-4 0  9998
2 44613  87.7447 268.0970 0001583 268.0970 268.0970 13.44731201    05
ONEWEB-557
1 44614U 19018A   24001.50000000  .00000126  00000-0  42589-4 0  9998
2 44614  87.5983 215.4040 0001583 215.4040 215.4040 13.44731201    05
ONEWEB-558
1 44615U 19018A   24001.50000000  .00000126  00000-0  42589-4 0  9998
2 44615  87.4563 164.2720 0001583 164.2720 164.2720 13.44731201    05
ONEWEB-559
1 44616U 19018A   24001.50000000  .00000126  00000-0  42589-4 0  9998
2 44616  87.8172 294.1770 0001583 294.1770 294.1770 13.44731201    05
ONEWEB-560
1 44617U 19018A   24001.50000000  .00000126  00000-0  42589-4 0  9998
2 44617  87.6726 242.1200 0001583 242.1200 242.1200 13.44731201    05
ONEWEB-561
1 44618U 19018A   24001.50000000  .00000126  00000-0  42589-4 0  9998
2 44618  87.5315 191.3450 0001583 191.3450 191.3450 13.44731201    05
ONEWEB-562
1 44619U 19018A   24001.50000000  .00000126  00000-0  42589-4 0  9998
2 44619  87.8900 320.3830 0001583 320.3830 320.3830 13.44731201    05
ONEWEB-563
1 44620U 19018A   24001.50000000  .00000126  00000-0  42589-4 0  9998
2 44620  87.7510 270.3640 0001583 270.3640 270.3640 13.44731201    05
ONEWEB-564
1 44621U 19018A   24001.50000000  .00000126  00000-0  42589-4 0  9998
2 44621  87.1089  39.2037 0001583  39.2037  39.2037 13.44731201    05
ONEWEB-565
1 44622U 19018A   24001.50000000  .00000126  00000-0  42589-4 0  9998
2 44622  87.4664 167.9020 0001583 167.9020 167.9020 13.44731201    05
ONEWEB-566
1 44623U 19018A   24001.50000000  .00000126  00000-0  42589-4 0  9998
2 44623  87.8230 296.2950 0001583 296.2950 296.2950 13.44731201    05
ONEWEB-567
1 44624U 19018A   24001.50000000  .00000126  00000-0  42589-4 0  9998
2 44624  87.1838  66.1844 0001583  66.1844  66.1844 13.44731201    05
ONEWEB-568
1 44625U 19018A   24001.50000000  .00000126  00000-0  42589-4 0  9998
2 44625  87.0392  14.0978 0001583  14.0978  14.0978 13.44731201    05
ONEWEB-569
1 44626U 19018A   24001.50000000  .00000126  00000-0  42589-4 0  9998
2 44626  87.3954 142.3270 0001583 142.3270 142.3270 13.44731201    05
ONEWEB-570
1 44627U 19018A   24001.50000000  .00000126  00000-0  42589-4 0  9998
2 44627  87.7534 271.2210 0001583 271.2210 271.2210 13.44731201    05
ONEWEB-571
1 44628U 19018A   24001.50000000  .00000126  00000-0  42589-4 0  9998
2 44628  87.1153  41.5151 0001583  41.5151  41.5151 13.44731201    05
ONEWEB-572
1 44629U 19018A   24001.50000000  .00000126  00000-0  42589-4 0  9998
2 44629  87.9755 351.1900 0001583 351.1900 351.1900 13.44731201    05
ONEWEB-573
1 44630U 19018A   24001.50000000  .00000126  00000-0  42589-4 0  9998
2 44630  87.3289 118.3970 0001583 118.3970 118.3970 13.44731201    05
ONEWEB-574
1 44631U 19018A   24001.50000000  .00000126  00000-0  42589-4 0  9998
2 44631  87.1914  68.8984 0001583  68.8984  68.8984 13.44731201    05
ONEWEB-575
1 44632U 19018A   24001.50000000  .00000126  00000-0  42589-4 0  9998
2 44632  87.0475  17.0869 0001583  17.0869  17.0869 13.44731201    05
ONEWEB-576
1 44633U 19018A   24001.50000000  .00000126  00000-0  42589-4 0  9998
2 44633  87.9098 327.5230 0001583 327.5230 327.5230 13.44731201    05
ONEWEB-577
1 44634U 19018A   24001.50000000  .00000126  00000-0  42589-4 0  9998
2 44634  87.2637  94.9246 0001583  94.9246  94.9246 13.44731201    05
ONEWEB-578
1 44635U 19018A   24001.50000000  .00000126  00000-0  42589-4 0  9998
2 44635  87.6252 225.0590 0001583 225.0590 225.0590 13.44731201    05
ONEWEB-579
1 44636U 19018A   24001.50000000  .00000126  00000-0  42589-4 0  9998
2 44636  87.9835 354.0510 0001583 354.0510 354.0510 13.44731201    05
ONEWEB-580
1 44637U 19018A   24001.50000000  .00000126  00000-0  42589-4 0  9998
2 44637  87.3446 124.0580 0001583 124.0580 124.0580 13.44731201    05
ONEWEB-581
1 44638U 19018A   24001.50000000  .00000126  00000-0  42589-4 0  9998
2 44638  87.2016  72.5933 0001583  72.5933  72.5933 13.44731201    05
ONEWEB-582
1 44639U 19018A   24001.50000000  .00000126  00000-0  42589-4 0  9998
2 44639  87.0581  20.9010 0001583  20.9010  20.9010 13.44731201    05
ONEWEB-583
1 44640U 19018A   24001.50000000  .00000126  00000-0  42589-4 0  9998
2 44640  87.9157 329.6690 0001583 329.6690 329.6690 13.44731201    05
ONEWEB-584
1 44641U 19018A   24001.50000000  .00000126  00000-0  42589-4 0  9998
2 44641  87.2725  98.0989 0001583  98.0989  98.0989 13.44731201    05
ONEWEB-585
1 44642U 19018A   24001.50000000  .00000126  00000-0  42589-4 0  9998
2 44642  87.1362  49.0419 0001583  49.0419  49.0419 13.44731201    05
ONEWEB-586
1 44643U 19018A   24001.50000000  .00000126  00000-0  42589-4 0  9998
2 44643  87.9910 356.7760 0001583 356.7760 356.7760 13.44731201    05
ONEWEB-587
1 44644U 19018A   24001.50000000  .00000126  00000-0  42589-4 0  9998
2 44644  87.3491 125.6660 0001583 125.6660 125.6660 13.44731201    05
ONEWEB-588
1 44645U 19018A   24001.50000000  .00000126  00000-0  42589-4 0  9998
2 44645  87.2089  75.1974 0001583  75.1974  75.1974 13.44731201    05
ONEWEB-589
1 44646U 19018A   24001.50000000  .00000126  00000-0  42589-4 0  9998
2 44646  87.5660 203.7560 0001583 203.7560 203.7560 13.44731201    05
ONEWEB-590
1 44647U 19018A   24001.50000000  .00000126  00000-0  42589-4 0  9998
2 44647  87.4242 152.6950 0001583 152.6950 152.6950 13.44731201    05
ONEWEB-591
1 44648U 19018A   24001.50000000  .00000126  00000-0  42589-4 0  9998
2 44648  87.2831 101.9160 0001583 101.9160 101.9160 13.44731201    05
ONEWEB-592
1 44649U 19018A   24001.50000000  .00000126  00000-0  42589-4 0  9998
2 44649  87.1399  50.3745 0001583  50.3745  50.3745 13.44731201    05
ONEWEB-593
1 44650U 19018A   24001.50000000  .00000126  00000-0  42589-4 0  9998
2 44650  87.4982 179.3590 0001583 179.3590 179.3590 13.44731201    05
ONEWEB-594
1 44651U 19018A   24001.50000000  .00000126  00000-0  42589-4 0  9998
2 44651  87.8562 308.2190 0001583 308.2190 308.2190 13.44731201    05
ONEWEB-595
1 44652U 19018A   24001.50000000  .00000126  00000-0  42589-4 0  9998
2 44652  87.7172 258.2080 0001583 258.2080 258.2080 13.44731201    05
ONEWEB-596
1 44653U 19018A   24001.50000000  .00000126  00000-0  42589-4 0  9998
2 44653  87.0763  27.4755 0001583  27.4755  27.4755 13.44731201    05
ONEWEB-597
1 44654U 19018A   24001.50000000  .00000126  00000-0  42589-4 0  9998
2 44654  87.4366 157.1750 0001583 157.1750 157.1750 13.44731201    05
ONEWEB-598
1 44655U 19018A   24001.50000000  .00000126  00000-0  42589-4 0  9998
2 44655  87.2884 103.8370 0001583 103.8370 103.8370 13.44731201    05
ONEWEB-599
1 44656U 19018A   24001.50000000  .00000126  00000-0  42589-4 0  9998
2 44656  87.1509  54.3223 0001583  54.3223  54.3223 13.44731201    05
ONEWEB-600
1 44657U 19018A   24001.50000000  .00000126  00000-0  42589-4 0  9998
2 44657  87.0106   3.8059 0001583   3.8059   3.8059 13.44731201    05
AMATEUR-1
1 40968U 15058D   24001.50000000  .00001285  00000-0  59287-4 0  9994
2 40968  68.4019 302.4680 0215869 302.4680 302.4680 14.76164207    08
AMATEUR-2
1 40969U 15058D   24001.50000000  .00001285  00000-0  59287-4 0  9994
2 40969  67.0098 252.3510 0215869 252.3510 252.3510 14.76164207    08
AMATEUR-3
1 40970U 15058D   24001.50000000  .00001285  00000-0  59287-4 0  9994
2 40970  65.6138 202.0970 0215869 202.0970 202.0970 14.76164207    08
AMATEUR-4
1 40971U 15058D   24001.50000000  .00001285  00000-0  59287-4 0  9994
2 40971  69.1646 329.9250 0215869 329.9250 329.9250 14.76164207    08
AMATEUR-5
1 40972U 15058D   24001.50000000  .00001285  00000-0  59287-4 0  9994
2 40972  62.7475  98.9084 0215869  98.9084  98.9084 14.76164207    08
AMATEUR-6
1 40973U 15058D   24001.50000000  .00001285  00000-0  59287-4 0  9994
2 40973  61.3544  48.7580 0215869  48.7580  48.7580 14.76164207    08
AMATEUR-7
1 40974U 15058D   24001.50000000  .00001285  00000-0  59287-4 0  9994
2 40974  64.8690 175.2850 0215869 175.2850 175.2850 14.76164207    08
AMATEUR-8
1 40975U 15058D   24001.50000000  .00001285  00000-0  59287-4 0  9994
2 40975  63.5276 126.9940 0215869 126.9940 126.9940 14.76164207    08
AMATEUR-9
1 40976U 15058D   24001.50000000  .00001285  00000-0  59287-4 0  9994
2 40976  62.0697  74.5076 0215869  74.5076  74.5076 14.76164207    08
AMATEUR-10
1 40977U 15058D   24001.50000000  .00001285  00000-0  59287-4 0  9994
2 40977  65.6581 203.6920 0215869 203.6920 203.6920 14.76164207    08
AMATEUR-11
1 40978U 15058D   24001.50000000  .00001285  00000-0  59287-4 0  9994
2 40978  69.2635 333.4840 0215869 333.4840 333.4840 14.76164207    08
AMATEUR-12
1 40979U 15058D   24001.50000000  .00001285  00000-0  59287-4 0  9994
2 40979  67.8560 282.8160 0215869 282.8160 282.8160 14.76164207    08
AMATEUR-13
1 40980U 15058D   24001.50000000  .00001285  00000-0  59287-4 0  9994
2 40980  66.3264 227.7520 0215869 227.7520 227.7520 14.76164207    08
AMATEUR-14
1 40981U 15058D   24001.50000000  .00001285  00000-0  59287-4 0  9994
2 40981  69.9950 359.8190 0215869 359.8190 359.8190 14.76164207    08
AMATEUR-15
1 40982U 15058D   24001.50000000  .00001285  00000-0  59287-4 0  9994
2 40982  63.5497 127.7900 0215869 127.7900 127.7900 14.76164207    08
AMATEUR-16
1 40983U 15058D   24001.50000000  .00001285  00000-0  59287-4 0  9994
2 40983  62.1544  77.5575 0215869  77.5575  77.5575 14.76164207    08
AMATEUR-17
1 40984U 15058D   24001.50000000  .00001285  00000-0  59287-4 0  9994
2 40984  65.7179 205.8460 0215869 205.8460 205.8460 14.76164207    08
AMATEUR-18
1 40985U 15058D   24001.50000000  .00001285  00000-0  59287-4 0  9994
2 40985  69.2907 334.4660 0215869 334.4660 334.4660 14.76164207    08
AMATEUR-19
1 40986U 15058D   24001.50000000  .00001285  00000-0  59287-4 0  9994
2 40986  62.9023 104.4840 0215869 104.4840 104.4840 14.76164207    08
AMATEUR-20
1 40987U 15058D   24001.50000000  .00001285  00000-0  59287-4 0  9994
2 40987  61.4881  53.5724 0215869  53.5724  53.5724 14.76164207    08
AMATEUR-21
1 40988U 15058D   24001.50000000  .00001285  00000-0  59287-4 0  9994
2 40988  65.0590 182.1240 0215869 182.1240 182.1240 14.76164207    08
AMATEUR-22
1 40989U 15058D   24001.50000000  .00001285  00000-0  59287-4 0  9994
2 40989  68.6503 311.4100 0215869 311.4100 311.4100 14.76164207    08
AMATEUR-23
1 40990U 15058D   24001.50000000  .00001285  00000-0  59287-4 0  9994
2 40990  67.2758 261.9290 0215869 261.9290 261.9290 14.76164207    08
AMATEUR-24
1 40991U 15058D   24001.50000000  .00001285  00000-0  59287-4 0  9994
2 40991  60.8771  31.5771 0215869  31.5771  31.5771 14.76164207    08
AMATEUR-25
1 40992U 15058D   24001.50000000  .00001285  00000-0  59287-4 0  9994
2 40992  69.3936 338.1680 0215869 338.1680 338.1680 14.76164207    08
AMATEUR-26
1 40993U 15058D   24001.50000000  .00001285  00000-0  59287-4 0  9994
2 40993  67.9555 286.3960 0215869 286.3960 286.3960 14.76164207    08
AMATEUR-27
1 40994U 15058D   24001.50000000  .00001285  00000-0  59287-4 0  9994
2 40994  66.5983 237.5400 0215869 237.5400 237.5400 14.76164207    08
AMATEUR-28
1 40995U 15058D   24001.50000000  .00001285  00000-0  59287-4 0  9994
2 40995  65.1716 186.1760 0215869 186.1760 186.1760 14.76164207    08
AMATEUR-29
1 40996U 15058D   24001.50000000  .00001285  00000-0  59287-4 0  9994
2 40996  68.7599 315.3560 0215869 315.3560 315.3560 14.76164207    08
AMATEUR-30
1 40997U 15058D   24001.50000000  .00001285  00000-0  59287-4 0  9994
2 40997  62.2997  82.7881 0215869  82.7881  82.7881 14.76164207    08
AMATEUR-31
1 40998U 15058D   24001.50000000  .00001285  00000-0  59287-4 0  9994
2 40998  65.9212 213.1630 0215869 213.1630 213.1630 14.76164207    08
AMATEUR-32
1 40999U 15058D   24001.50000000  .00001285  00000-0  59287-4 0  9994
2 40999  64.4968 161.8830 0215869 161.8830 161.8830 14.76164207    08
AMATEUR-33
1 41000U 15058D   24001.50000000  .00001285  00000-0  59287-4 0  9994
2 41000  63.0795 110.8620 0215869 110.8620 110.8620 14.76164207    08
AMATEUR-34
1 41001U 15058D   24001.50000000  .00001285  00000-0  59287-4 0  9994
2 41001  61.6897  60.8292 0215869  60.8292  60.8292 14.76164207    08
AMATEUR-35
1 41002U 15058D   24001.50000000  .00001285  00000-0  59287-4 0  9994
2 41002  65.2449 188.8160 0215869 188.8160 188.8160 14.76164207    08
AMATEUR-36
1 41003U 15058D   24001.50000000  .00001285  00000-0  59287-4 0  9994
2 41003  63.8126 137.2540 0215869 137.2540 137.2540 14.76164207    08
AMATEUR-37
1 41004U 15058D   24001.50000000  .00001285  00000-0  59287-4 0  9994
2 41004  62.3941  86.1885 0215869  86.1885  86.1885 14.76164207    08
AMATEUR-38
1 41005U 15058D   24001.50000000  .00001285  00000-0  59287-4 0  9994
2 41005  65.9823 215.3610 0215869 215.3610 215.3610 14.76164207    08
AMATEUR-39
1 41006U 15058D   24001.50000000  .00001285  00000-0  59287-4 0  9994
2 41006  69.5715 344.5730 0215869 344.5730 344.5730 14.76164207    08
AMATEUR-40
1 41007U 15058D   24001.50000000  .00001285  00000-0  59287-4 0  9994
2 41007  68.1942 294.9920 0215869 294.9920 294.9920 14.76164207    08
AMATEUR-41
1 41008U 15058D   24001.50000000  .00001285  00000-0  59287-4 0  9994
2 41008  66.7025 241.2890 0215869 241.2890 241.2890 14.76164207    08
AMATEUR-42
1 41009U 15058D   24001.50000000  .00001285  00000-0  59287-4 0  9994
2 41009  60.3347  12.0492 0215869  12.0492  12.0492 14.76164207    08
AMATEUR-43
1 41010U 15058D   24001.50000000  .00001285  00000-0  59287-4 0  9994
2 41010  63.9215 141.1740 0215869 141.1740 141.1740 14.76164207    08
AMATEUR-44
1 41011U 15058D   24001.50000000  .00001285  00000-0  59287-4 0  9994
2 41011  67.4974 269.9050 0215869 269.9050 269.9050 14.76164207    08
AMATEUR-45
1 41012U 15058D   24001.50000000  .00001285  00000-0  59287-4 0  9994
2 41012  66.0892 219.2130 0215869 219.2130 219.2130 14.76164207    08
AMATEUR-46
1 41013U 15058D   24001.50000000  .00001285  00000-0  59287-4 0  9994
2 41013  64.6970 169.0910 0215869 169.0910 169.0910 14.76164207    08
AMATEUR-47
1 41014U 15058D   24001.50000000  .00001285  00000-0  59287-4 0  9994
2 41014  68.2568 297.2450 0215869 297.2450 297.2450 14.76164207    08
AMATEUR-48
1 41015U 15058D   24001.50000000  .00001285  00000-0  59287-4 0  9994
2 41015  66.8387 246.1920 0215869 246.1920 246.1920 14.76164207    08
AMATEUR-49
1 41016U 15058D   24001.50000000  .00001285  00000-0  59287-4 0  9994
2 41016  60.4181  15.0522 0215869  15.0522  15.0522 14.76164207    08
AMATEUR-50
1 41017U 15058D   24001.50000000  .00001285  00000-0  59287-4 0  9994
2 41017  68.9432 321.9560 0215869 321.9560 321.9560 14.76164207    08
AMATEUR-51
1 41018U 15058D   24001.50000000  .00001285  00000-0  59287-4 0  9994
2 41018  67.6058 273.8090 0215869 273.8090 273.8090 14.76164207    08
AMATEUR-52
1 41019U 15058D   24001.50000000  .00001285  00000-0  59287-4 0  9994
2 41019  66.1592 221.7300 0215869 221.7300 221.7300 14.76164207    08
AMATEUR-53
1 41020U 15058D   24001.50000000  .00001285  00000-0  59287-4 0  9994
2 41020  69.7770 351.9730 0215869 351.9730 351.9730 14.76164207    08
AMATEUR-54
1 41021U 15058D   24001.50000000  .00001285  00000-0  59287-4 0  9994
2 41021  63.2954 118.6340 0215869 118.6340 118.6340 14.76164207    08
AMATEUR-55
1 41022U 15058D   24001.50000000  .00001285  00000-0  59287-4 0  9994
2 41022  61.9352  69.6683 0215869  69.6683  69.6683 14.76164207    08
AMATEUR-56
1 41023U 15058D   24001.50000000  .00001285  00000-0  59287-4 0  9994
2 41023  60.5202  18.7277 0215869  18.7277  18.7277 14.76164207    08
AMATEUR-57
1 41024U 15058D   24001.50000000  .00001285  00000-0  59287-4 0  9994
2 41024  69.1115 328.0140 0215869 328.0140 328.0140 14.76164207    08
AMATEUR-58
1 41025U 15058D   24001.50000000  .00001285  00000-0  59287-4 0  9994
2 41025  67.6655 275.9580 0215869 275.9580 275.9580 14.76164207    08
AMATEUR-59
1 41026U 15058D   24001.50000000  .00001285  00000-0  59287-4 0  9994
2 41026  61.2670  45.6112 0215869  45.6112  45.6112 14.76164207    08
AMATEUR-60
1 41027U 15058D   24001.50000000  .00001285  00000-0  59287-4 0  9994
2 41027  69.8532 354.7140 0215869 354.7140 354.7140 14.76164207    08
AMATEUR-61
1 41028U 15058D   24001.50000000  .00001285  00000-0  59287-4 0  9994
2 41028  68.4317 303.5420 0215869 303.5420 303.5420 14.76164207    08
AMATEUR-62
1 41029U 15058D   24001.50000000  .00001285  00000-0  59287-4 0  9994
2 41029  66.9955 251.8380 0215869 251.8380 251.8380 14.76164207    08
AMATEUR-63
1 41030U 15058D   24001.50000000  .00001285  00000-0  59287-4 0  9994
2 41030  65.5726 200.6150 0215869 200.6150 200.6150 14.76164207    08
AMATEUR-64
1 41031U 15058D   24001.50000000  .00001285  00000-0  59287-4 0  9994
2 41031  64.1979 151.1260 0215869 151.1260 151.1260 14.76164207    08
AMATEUR-65
1 41032U 15058D   24001.50000000  .00001285  00000-0  59287-4 0  9994
2 41032  62.7859 100.2930 0215869 100.2930 100.2930 14.76164207    08
AMATEUR-66
1 41033U 15058D   24001.50000000  .00001285  00000-0  59287-4 0  9994
2 41033  61.3324  47.9661 0215869  47.9661  47.9661 14.76164207    08
AMATEUR-67
1 41034U 15058D   24001.50000000  .00001285  00000-0  59287-4 0  9994
2 41034  64.8871 175.9340 0215869 175.9340 175.9340 14.76164207    08
AMATEUR-68
1 41035U 15058D   24001.50000000  .00001285  00000-0  59287-4 0  9994
2 41035  68.5414 307.4910 0215869 307.4910 307.4910 14.76164207    08
AMATEUR-69
1 41036U 15058D   24001.50000000  .00001285  00000-0  59287-4 0  9994
2 41036  67.1072 255.8600 0215869 255.8600 255.8600 14.76164207    08
AMATEUR-70
1 41037U 15058D   24001.50000000  .00001285  00000-0  59287-4 0  9994
2 41037  65.7023 205.2820 0215869 205.2820 205.2820 14.76164207    08
AMATEUR-71
1 41038U 15058D   24001.50000000  .00001285  00000-0  59287-4 0  9994
2 41038  64.2486 152.9480 0215869 152.9480 152.9480 14.76164207    08
AMATEUR-72
1 41039U 15058D   24001.50000000  .00001285  00000-0  59287-4 0  9994
2 41039  62.8354 102.0760 0215869 102.0760 102.0760 14.76164207    08
AMATEUR-73
1 41040U 15058D   24001.50000000  .00001285  00000-0  59287-4 0  9994
2 41040  61.3789  49.6413 0215869  49.6413  49.6413 14.76164207    08
AMATEUR-74
1 41041U 15058D   24001.50000000  .00001285  00000-0  59287-4 0  9994
2 41041  69.9846 359.4450 0215869 359.4450 359.4450 14.76164207    08
AMATEUR-75
1 41042U 15058D   24001.50000000  .00001285  00000-0  59287-4 0  9994
2 41042  63.5698 128.5140 0215869 128.5140 128.5140 14.76164207    08
AMATEUR-76
1 41043U 15058D   24001.50000000  .00001285  00000-0  59287-4 0  9994
2 41043  62.1877  78.7565 0215869  78.7565  78.7565 14.76164207    08
AMATEUR-77
1 41044U 15058D   24001.50000000  .00001285  00000-0  59287-4 0  9994
2 41044  60.7647  27.5288 0215869  27.5288  27.5288 14.76164207    08
AMATEUR-78
1 41045U 15058D   24001.50000000  .00001285  00000-0  59287-4 0  9994
2 41045  64.3110 155.1980 0215869 155.1980 155.1980 14.76164207    08
AMATEUR-79
1 41046U 15058D   24001.50000000  .00001285  00000-0  59287-4 0  9994
2 41046  62.9316 105.5390 0215869 105.5390 105.5390 14.76164207    08
AMATEUR-80
1 41047U 15058D   24001.50000000  .00001285  00000-0  59287-4 0  9994
2 41047  66.5012 234.0450 0215869 234.0450 234.0450 14.76164207    08
AMATEUR-81
1 41048U 15058D   24001.50000000  .00001285  00000-0  59287-4 0  9994
2 41048  65.1074 183.8650 0215869 183.8650 183.8650 14.76164207    08
AMATEUR-82
1 41049U 15058D   24001.50000000  .00001285  00000-0  59287-4 0  9994
2 41049  68.6434 311.1610 0215869 311.1610 311.1610 14.76164207    08
AMATEUR-83
1 41050U 15058D   24001.50000000  .00001285  00000-0  59287-4 0  9994
2 41050  67.2528 261.1020 0215869 261.1020 261.1020 14.76164207    08
AMATEUR-84
1 41051U 15058D   24001.50000000  .00001285  00000-0  59287-4 0  9994
2 41051  60.8568  30.8438 0215869  30.8438  30.8438 14.76164207    08
AMATEUR-85
1 41052U 15058D   24001.50000000  .00001285  00000-0  59287-4 0  9994
2 41052  69.4208 339.1480 0215869 339.1480 339.1480 14.76164207    08
AMATEUR-86
1 41053U 15058D   24001.50000000  .00001285  00000-0  59287-4 0  9994
2 41053  67.9841 287.4270 0215869 287.4270 287.4270 14.76164207    08
AMATEUR-87
1 41054U 15058D   24001.50000000  .00001285  00000-0  59287-4 0  9994
2 41054  61.6387  58.9914 0215869  58.9914  58.9914 14.76164207    08
AMATEUR-88
1 41055U 15058D   24001.50000000  .00001285  00000-0  59287-4 0  9994
2 41055  60.1800   6.4785 0215869   6.4785   6.4785 14.76164207    08
AMATEUR-89
1 41056U 15058D   24001.50000000  .00001285  00000-0  59287-4 0  9994
2 41056  68.7952 316.6260 0215869 316.6260 316.6260 14.76164207    08
AMATEUR-90
1 41057U 15058D   24001.50000000  .00001285  00000-0  59287-4 0  9994
2 41057  67.3692 265.2920 0215869 265.2920 265.2920 14.76164207    08
AMATEUR-91
1 41058U 15058D   24001.50000000  .00001285  00000-0  59287-4 0  9994
2 41058  65.8967 212.2810 0215869 212.2810 212.2810 14.76164207    08
AMATEUR-92
1 41059U 15058D   24001.50000000  .00001285  00000-0  59287-4 0  9994
2 41059  69.5445 343.6020 0215869 343.6020 343.6020 14.76164207    08
AMATEUR-93
1 41060U 15058D   24001.50000000  .00001285  00000-0  59287-4 0  9994
2 41060  68.1123 292.0410 0215869 292.0410 292.0410 14.76164207    08
AMATEUR-94
1 41061U 15058D   24001.50000000  .00001285  00000-0  59287-4 0  9994
2 41061  61.7209  61.9524 0215869  61.9524  61.9524 14.76164207    08
AMATEUR-95
1 41062U 15058D   24001.50000000  .00001285  00000-0  59287-4 0  9994
2 41062  65.2515 189.0550 0215869 189.0550 189.0550 14.76164207    08
AMATEUR-96
1 41063U 15058D   24001.50000000  .00001285  00000-0  59287-4 0  9994
2 41063  63.8647 139.1290 0215869 139.1290 139.1290 14.76164207    08
AMATEUR-97
1 41064U 15058D   24001.50000000  .00001285  00000-0  59287-4 0  9994
2 41064  67.4499 268.1960 0215869 268.1960 268.1960 14.76164207    08
AMATEUR-98
1 41065U 15058D   24001.50000000  .00001285  00000-0  59287-4 0  9994
2 41065  61.0002  36.0054 0215869  36.0054  36.0054 14.76164207    08
AMATEUR-99
1 41066U 15058D   24001.50000000  .00001285  00000-0  59287-4 0  9994
2 41066  64.6009 165.6330 0215869 165.6330 165.6330 14.76164207    08
AMATEUR-100
1 41067U 15058D   24001.50000000  .00001285  00000-0  59287-4 0  9994
2 41067  63.1560 113.6150 0215869 113.6150 113.6150 14.76164207    08
AMATEUR-101
1 41068U 15058D   24001.50000000  .00001285  00000-0  59287-4 0  9994
2 41068  66.7758 243.9290 0215869 243.9290 243.9290 14.76164207    08
AMATEUR-102
1 41069U 15058D   24001.50000000  .00001285  00000-0  59287-4 0  9994
2 41069  60.3774  13.5852 0215869  13.5852  13.5852 14.76164207    08
AMATEUR-103
1 41070U 15058D   24001.50000000  .00001285  00000-0  59287-4 0  9994
2 41070  63.9076 140.6730 0215869 140.6730 140.6730 14.76164207    08
AMATEUR-104
1 41071U 15058D   24001.50000000  .00001285  00000-0  59287-4 0  9994
2 41071  62.5025  90.0906 0215869  90.0906  90.0906 14.76164207    08
AMATEUR-105
1 41072U 15058D   24001.50000000  .00001285  00000-0  59287-4 0  9994
2 41072  66.0958 219.4480 0215869 219.4480 219.4480 14.76164207    08
AMATEUR-106
1 41073U 15058D   24001.50000000  .00001285  00000-0  59287-4 0  9994
2 41073  69.7137 349.6930 0215869 349.6930 349.6930 14.76164207    08
AMATEUR-107
1 41074U 15058D   24001.50000000  .00001285  00000-0  59287-4 0  9994
2 41074  63.2967 118.6800 0215869 118.6800 118.6800 14.76164207    08
AMATEUR-108
1 41075U 15058D   24001.50000000  .00001285  00000-0  59287-4 0  9994
2 41075  66.8631 247.0710 0215869 247.0710 247.0710 14.76164207    08
AMATEUR-109
1 41076U 15058D   24001.50000000  .00001285  00000-0  59287-4 0  9994
2 41076  65.4257 195.3260 0215869 195.3260 195.3260 14.76164207    08
AMATEUR-110
1 41077U 15058D   24001.50000000  .00001285  00000-0  59287-4 0  9994
2 41077  64.0447 145.6110 0215869 145.6110 145.6110 14.76164207    08
AMATEUR-111
1 41078U 15058D   24001.50000000  .00001285  00000-0  59287-4 0  9994
2 41078  67.5898 273.2340 0215869 273.2340 273.2340 14.76164207    08
AMATEUR-112
1 41079U 15058D   24001.50000000  .00001285  00000-0  59287-4 0  9994
2 41079  61.1907  42.8646 0215869  42.8646  42.8646 14.76164207    08
AMATEUR-113
1 41080U 15058D   24001.50000000  .00001285  00000-0  59287-4 0  9994
2 41080  64.7464 170.8720 0215869 170.8720 170.8720 14.76164207    08
AMATEUR-114
1 41081U 15058D   24001.50000000  .00001285  00000-0  59287-4 0  9994
2 41081  68.3590 300.9240 0215869 300.9240 300.9240 14.76164207    08
AMATEUR-115
1 41082U 15058D   24001.50000000  .00001285  00000-0  59287-4 0  9994
2 41082  61.9609  70.5913 0215869  70.5913  70.5913 14.76164207    08
AMATEUR-116
1 41083U 15058D   24001.50000000  .00001285  00000-0  59287-4 0  9994
2 41083  60.5346  19.2467 0215869  19.2467  19.2467 14.76164207    08
AMATEUR-117
1 41084U 15058D   24001.50000000  .00001285  00000-0  59287-4 0  9994
2 41084  69.1005 327.6190 0215869 327.6190 327.6190 14.76164207    08
AMATEUR-118
1 41085U 15058D   24001.50000000  .00001285  00000-0  59287-4 0  9994
2 41085  67.7407 278.6640 0215869 278.6640 278.6640 14.76164207    08
AMATEUR-119
1 41086U 15058D   24001.50000000  .00001285  00000-0  59287-4 0  9994
2 41086  61.2442  44.7911 0215869  44.7911  44.7911 14.76164207    08
AMATEUR-120
1 41087U 15058D   24001.50000000  .00001285  00000-0  59287-4 0  9994
2 41087  64.8860 175.8950 0215869 175.8950 175.8950 14.76164207    08
AMATEUR-121
1 41088U 15058D   24001.50000000  .00001285  00000-0  59287-4 0  9994
2 41088  68.4716 304.9780 0215869 304.9780 304.9780 14.76164207    08
AMATEUR-122
1 41089U 15058D   24001.50000000  .00001285  00000-0  59287-4 0  9994
2 41089  67.0028 252.1020 0215869 252.1020 252.1020 14.76164207    08
AMATEUR-123
1 41090U 15058D   24001.50000000  .00001285  00000-0  59287-4 0  9994
2 41090  60.6005  21.6185 0215869  21.6185  21.6185 14.76164207    08
AMATEUR-124
1 41091U 15058D   24001.50000000  .00001285  00000-0  59287-4 0  9994
2 41091  69.2060 331.4160 0215869 331.4160 331.4160 14.76164207    08
AMATEUR-125
1 41092U 15058D   24001.50000000  .00001285  00000-0  59287-4 0  9994
2 41092  62.7276  98.1929 0215869  98.1929  98.1929 14.76164207    08
AMATEUR-126
1 41093U 15058D   24001.50000000  .00001285  00000-0  59287-4 0  9994
2 41093  61.3488  48.5557 0215869  48.5557  48.5557 14.76164207    08
AMATEUR-127
1 41094U 15058D   24001.50000000  .00001285  00000-0  59287-4 0  9994
2 41094  64.9162 176.9810 0215869 176.9810 176.9810 14.76164207    08
AMATEUR-128
1 41095U 15058D   24001.50000000  .00001285  00000-0  59287-4 0  9994
2 41095  63.5201 126.7250 0215869 126.7250 126.7250 14.76164207    08
AMATEUR-129
1 41096U 15058D   24001.50000000  .00001285  00000-0  59287-4 0  9994
2 41096  67.1267 256.5600 0215869 256.5600 256.5600 14.76164207    08
AMATEUR-130
1 41097U 15058D   24001.50000000  .00001285  00000-0  59287-4 0  9994
2 41097  60.7402  26.6454 0215869  26.6454  26.6454 14.76164207    08
AMATEUR-131
1 41098U 15058D   24001.50000000  .00001285  00000-0  59287-4 0  9994
2 41098  69.2786 334.0310 0215869 334.0310 334.0310 14.76164207    08
AMATEUR-132
1 41099U 15058D   24001.50000000  .00001285  00000-0  59287-4 0  9994
2 41099  62.8535 102.7270 0215869 102.7270 102.7270 14.76164207    08
AMATEUR-133
1 41100U 15058D   24001.50000000  .00001285  00000-0  59287-4 0  9994
2 41100  66.5038 234.1360 0215869 234.1360 234.1360 14.76164207    08
AMATEUR-134
1 41101U 15058D   24001.50000000  .00001285  00000-0  59287-4 0  9994
2 41101  65.0564 182.0310 0215869 182.0310 182.0310 14.76164207    08
AMATEUR-135
1 41102U 15058D   24001.50000000  .00001285  00000-0  59287-4 0  9994
2 41102  68.6365 310.9150 0215869 310.9150 310.9150 14.76164207    08
AMATEUR-136
1 41103U 15058D   24001.50000000  .00001285  00000-0  59287-4 0  9994
2 41103  62.2324  80.3667 0215869  80.3667  80.3667 14.76164207    08
AMATEUR-137
1 41104U 15058D   24001.50000000  .00001285  00000-0  59287-4 0  9994
2 41104  60.7994  28.7795 0215869  28.7795  28.7795 14.76164207    08
AMATEUR-138
1 41105U 15058D   24001.50000000  .00001285  00000-0  59287-4 0  9994
2 41105  64.3721 157.3940 0215869 157.3940 157.3940 14.76164207    08
AMATEUR-139
1 41106U 15058D   24001.50000000  .00001285  00000-0  59287-4 0  9994
2 41106  62.9845 107.4430 0215869 107.4430 107.4430 14.76164207    08
AMATEUR-140
1 41107U 15058D   24001.50000000  .00001285  00000-0  59287-4 0  9994
2 41107  61.5451  55.6253 0215869  55.6253  55.6253 14.76164207    08
AMATEUR-141
1 41108U 15058D   24001.50000000  .00001285  00000-0  59287-4 0  9994
2 41108  60.1127   4.0575 0215869   4.0575   4.0575 14.76164207    08
AMATEUR-142
1 41109U 15058D   24001.50000000  .00001285  00000-0  59287-4 0  9994
2 41109  68.7224 314.0070 0215869 314.0070 314.0070 14.76164207    08
AMATEUR-143
1 41110U 15058D   24001.50000000  .00001285  00000-0  59287-4 0  9994
2 41110  67.3082 263.0950 0215869 263.0950 263.0950 14.76164207    08
AMATEUR-144
1 41111U 15058D   24001.50000000  .00001285  00000-0  59287-4 0  9994
2 41111  60.8333  30.0004 0215869  30.0004  30.0004 14.76164207    08
AMATEUR-145
1 41112U 15058D   24001.50000000  .00001285  00000-0  59287-4 0  9994
2 41112  69.4524 340.2870 0215869 340.2870 340.2870 14.76164207    08
AMATEUR-146
1 41113U 15058D   24001.50000000  .00001285  00000-0  59287-4 0  9994
2 41113  63.0088 108.3150 0215869 108.3150 108.3150 14.76164207    08
AMATEUR-147
1 41114U 15058D   24001.50000000  .00001285  00000-0  59287-4 0  9994
2 41114  61.6451  59.2219 0215869  59.2219  59.2219 14.76164207    08
AMATEUR-148
1 41115U 15058D   24001.50000000  .00001285  00000-0  59287-4 0  9994
2 41115  60.1549   5.5768 0215869   5.5768   5.5768 14.76164207    08
AMATEUR-149
1 41116U 15058D   24001.50000000  .00001285  00000-0  59287-4 0  9994
2 41116  63.8225 137.6120 0215869 137.6120 137.6120 14.76164207    08
AMATEUR-150
1 41117U 15058D   24001.50000000  .00001285  00000-0  59287-4 0  9994
2 41117  62.3710  85.3547 0215869  85.3547  85.3547 14.76164207    08
AMATEUR-151
1 41118U 15058D   24001.50000000  .00001285  00000-0  59287-4 0  9994
2 41118  60.9909  35.6740 0215869  35.6740  35.6740 14.76164207    08
AMATEUR-152
1 41119U 15058D   24001.50000000  .00001285  00000-0  59287-4 0  9994
2 41119  64.5622 164.2400 0215869 164.2400 164.2400 14.76164207    08
AMATEUR-153
1 41120U 15058D   24001.50000000  .00001285  00000-0  59287-4 0  9994
2 41120  63.1741 114.2670 0215869 114.2670 114.2670 14.76164207    08
AMATEUR-154
1 41121U 15058D   24001.50000000  .00001285  00000-0  59287-4 0  9994
2 41121  66.7229 242.0240 0215869 242.0240 242.0240 14.76164207    08
AMATEUR-155
1 41122U 15058D   24001.50000000  .00001285  00000-0  59287-4 0  9994
2 41122  65.3351 192.0630 0215869 192.0630 192.0630 14.76164207    08
AMATEUR-156
1 41123U 15058D   24001.50000000  .00001285  00000-0  59287-4 0  9994
2 41123  68.8845 319.8400 0215869 319.8400 319.8400 14.76164207    08
AMATEUR-157
1 41124U 15058D   24001.50000000  .00001285  00000-0  59287-4 0  9994
2 41124  67.4799 269.2760 0215869 269.2760 269.2760 14.76164207    08
AMATEUR-158
1 41125U 15058D   24001.50000000  .00001285  00000-0  59287-4 0  9994
2 41125  66.0689 218.4800 0215869 218.4800 218.4800 14.76164207    08
AMATEUR-159
1 41126U 15058D   24001.50000000  .00001285  00000-0  59287-4 0  9994
2 41126  69.6103 345.9710 0215869 345.9710 345.9710 14.76164207    08
AMATEUR-160
1 41127U 15058D   24001.50000000  .00001285  00000-0  59287-4 0  9994
2 41127  63.2187 115.8730 0215869 115.8730 115.8730 14.76164207    08
AMATEUR-161
1 41128U 15058D   24001.50000000  .00001285  00000-0  59287-4 0  9994
2 41128  61.7872  64.3401 0215869  64.3401  64.3401 14.76164207    08
AMATEUR-162
1 41129U 15058D   24001.50000000  .00001285  00000-0  59287-4 0  9994
2 41129  65.4050 194.5810 0215869 194.5810 194.5810 14.76164207    08
AMATEUR-163
1 41130U 15058D   24001.50000000  .00001285  00000-0  59287-4 0  9994
2 41130  68.9432 321.9560 0215869 321.9560 321.9560 14.76164207    08
AMATEUR-164
1 41131U 15058D   24001.50000000  .00001285  00000-0  59287-4 0  9994
2 41131  62.5309  91.1109 0215869  91.1109  91.1109 14.76164207    08
AMATEUR-165
1 41132U 15058D   24001.50000000  .00001285  00000-0  59287-4 0  9994
2 41132  66.1407 221.0650 0215869 221.0650 221.0650 14.76164207    08
AMATEUR-166
1 41133U 15058D   24001.50000000  .00001285  00000-0  59287-4 0  9994
2 41133  64.7164 169.7900 0215869 169.7900 169.7900 14.76164207    08
AMATEUR-167
1 41134U 15058D   24001.50000000  .00001285  00000-0  59287-4 0  9994
2 41134  63.2989 118.7620 0215869 118.7620 118.7620 14.76164207    08
AMATEUR-168
1 41135U 15058D   24001.50000000  .00001285  00000-0  59287-4 0  9994
2 41135  61.8898  68.0326 0215869  68.0326  68.0326 14.76164207    08
AMATEUR-169
1 41136U 15058D   24001.50000000  .00001285  00000-0  59287-4 0  9994
2 41136  60.4709  16.9538 0215869  16.9538  16.9538 14.76164207    08
AMATEUR-170
1 41137U 15058D   24001.50000000  .00001285  00000-0  59287-4 0  9994
2 41137  64.0615 146.2130 0215869 146.2130 146.2130 14.76164207    08
AMATEUR-171
1 41138U 15058D   24001.50000000  .00001285  00000-0  59287-4 0  9994
2 41138  62.6730  96.2267 0215869  96.2267  96.2267 14.76164207    08
AMATEUR-172
1 41139U 15058D   24001.50000000  .00001285  00000-0  59287-4 0  9994
2 41139  61.1779  42.4057 0215869  42.4057  42.4057 14.76164207    08
AMATEUR-173
1 41140U 15058D   24001.50000000  .00001285  00000-0  59287-4 0  9994
2 41140  64.7887 172.3920 0215869 172.3920 172.3920 14.76164207    08
AMATEUR-174
1 41141U 15058D   24001.50000000  .00001285  00000-0  59287-4 0  9994
2 41141  68.4048 302.5730 0215869 302.5730 302.5730 14.76164207    08
AMATEUR-175
1 41142U 15058D   24001.50000000  .00001285  00000-0  59287-4 0  9994
2 41142  62.0200  72.7202 0215869  72.7202  72.7202 14.76164207    08
AMATEUR-176
1 41143U 15058D   24001.50000000  .00001285  00000-0  59287-4 0  9994
2 41143  60.5547  19.9701 0215869  19.9701  19.9701 14.76164207    08
AMATEUR-177
1 41144U 15058D   24001.50000000  .00001285  00000-0  59287-4 0  9994
2 41144  64.1411 149.0800 0215869 149.0800 149.0800 14.76164207    08
AMATEUR-178
1 41145U 15058D   24001.50000000  .00001285  00000-0  59287-4 0  9994
2 41145  67.7035 277.3270 0215869 277.3270 277.3270 14.76164207    08
AMATEUR-179
1 41146U 15058D   24001.50000000  .00001285  00000-0  59287-4 0  9994
2 41146  61.3204  47.5331 0215869  47.5331  47.5331 14.76164207    08
AMATEUR-180
1 41147U 15058D   24001.50000000  .00001285  00000-0  59287-4 0  9994
2 41147  64.9307 177.5040 0215869 177.5040 177.5040 14.76164207    08
AMATEUR-181
1 41148U 15058D   24001.50000000  .00001285  00000-0  59287-4 0  9994
2 41148  63.4784 125.2210 0215869 125.2210 125.2210 14.76164207    08
AMATEUR-182
1 41149U 15058D   24001.50000000  .00001285  00000-0  59287-4 0  9994
2 41149  67.0376 253.3520 0215869 253.3520 253.3520 14.76164207    08
AMATEUR-183
1 41150U 15058D   24001.50000000  .00001285  00000-0  59287-4 0  9994
2 41150  65.6828 204.5810 0215869 204.5810 204.5810 14.76164207    08
AMATEUR-184
1 41151U 15058D   24001.50000000  .00001285  00000-0  59287-4 0  9994
2 41151  64.2241 152.0690 0215869 152.0690 152.0690 14.76164207    08
AMATEUR-185
1 41152U 15058D   24001.50000000  .00001285  00000-0  59287-4 0  9994
2 41152  62.7672  99.6207 0215869  99.6207  99.6207 14.76164207    08
AMATEUR-186
1 41153U 15058D   24001.50000000  .00001285  00000-0  59287-4 0  9994
2 41153  66.3927 230.1380 0215869 230.1380 230.1380 14.76164207    08
AMATEUR-187
1 41154U 15058D   24001.50000000  .00001285  00000-0  59287-4 0  9994
2 41154  69.9681 358.8510 0215869 358.8510 358.8510 14.76164207    08
AMATEUR-188
1 41155U 15058D   24001.50000000  .00001285  00000-0  59287-4 0  9994
2 41155  63.5981 129.5320 0215869 129.5320 129.5320 14.76164207    08
AMATEUR-189
1 41156U 15058D   24001.50000000  .00001285  00000-0  59287-4 0  9994
2 41156  62.1264  76.5522 0215869  76.5522  76.5522 14.76164207    08
AMATEUR-190
1 41157U 15058D   24001.50000000  .00001285  00000-0  59287-4 0  9994
2 41157  60.7060  25.4168 0215869  25.4168  25.4168 14.76164207    08
AMATEUR-191
1 41158U 15058D   24001.50000000  .00001285  00000-0  59287-4 0  9994
2 41158  69.3028 334.9000 0215869 334.9000 334.9000 14.76164207    08
AMATEUR-192
1 41159U 15058D   24001.50000000  .00001285  00000-0  59287-4 0  9994
2 41159  62.9429 105.9440 0215869 105.9440 105.9440 14.76164207    08
AMATEUR-193
1 41160U 15058D   24001.50000000  .00001285  00000-0  59287-4 0  9994
2 41160  66.5083 234.2970 0215869 234.2970 234.2970 14.76164207    08
AMATEUR-194
1 41161U 15058D   24001.50000000  .00001285  00000-0  59287-4 0  9994
2 41161  60.0552   1.9875 0215869   1.9875   1.9875 14.76164207    08
AMATEUR-195
1 41162U 15058D   24001.50000000  .00001285  00000-0  59287-4 0  9994
2 41162  63.6587 131.7130 0215869 131.7130 131.7130 14.76164207    08
AMATEUR-196
1 41163U 15058D   24001.50000000  .00001285  00000-0  59287-4 0  9994
2 41163  62.2386  80.5901 0215869  80.5901  80.5901 14.76164207    08
AMATEUR-197
1 41164U 15058D   24001.50000000  .00001285  00000-0  59287-4 0  9994
2 41164  60.8124  29.2454 0215869  29.2454  29.2454 14.76164207    08
AMATEUR-198
1 41165U 15058D   24001.50000000  .00001285  00000-0  59287-4 0  9994
2 41165  64.3843 157.8350 0215869 157.8350 157.8350 14.76164207    08
AMATEUR-199
1 41166U 15058D   24001.50000000  .00001285  00000-0  59287-4 0  9994
2 41166  68.0450 289.6190 0215869 289.6190 289.6190 14.76164207    08
AMATEUR-200
1 41167U 15058D   24001.50000000  .00001285  00000-0  59287-4 0  9994
2 41167  61.5429  55.5436 0215869  55.5436  55.5436 14.76164207    08
